RequestID,Boro,Date,Yr,M,D,SegmentID,WktGeom,street,fromSt,toSt,morning,afternoon,evening,total_7_24,directions_n,direction_coverage
31042,Brooklyn,2022-10-12,2022,10,12,27354,POINT (997314.9380868975 160616.5621324816),OCEAN AVENUE,Quentin Road,Avenue R,2294.0,3479.0,2872.0,8645.0,1,one_direction
33914,Brooklyn,2022-05-08,2022,5,8,19253,POINT (989173.0348284974 150290.92403181392),NEPTUNE AVENUE,West 15 Street,Stillwell Avenue,1105.0,2337.0,1294.0,4736.0,1,one_direction
33914,Brooklyn,2022-05-08,2022,5,8,109157,POINT (988500.5273304215 150219.539051663),NEPTUNE AVENUE,West 16 Street,Cropsey Avenue,1280.0,3388.0,1587.0,6255.0,1,one_direction
33914,Brooklyn,2022-05-08,2022,5,8,109272,POINT (988303.9584575375 150354.95026450782),CROPSEY AVENUE,Hart Place,Dead end,6014.0,10600.0,7479.0,24093.0,2,two_directions
33914,Brooklyn,2022-05-09,2022,5,9,19253,POINT (989173.0348284974 150290.92403181392),NEPTUNE AVENUE,West 15 Street,Stillwell Avenue,2201.0,3032.0,1419.0,6652.0,1,one_direction
33914,Brooklyn,2022-05-09,2022,5,9,109157,POINT (988500.5273304215 150219.539051663),NEPTUNE AVENUE,West 16 Street,Cropsey Avenue,2253.0,3514.0,1800.0,7567.0,1,one_direction
33914,Brooklyn,2022-05-09,2022,5,9,109272,POINT (988303.9584575375 150354.95026450782),CROPSEY AVENUE,Hart Place,Dead end,9407.0,11872.0,7393.0,28672.0,2,two_directions
33914,Brooklyn,2022-05-10,2022,5,10,19253,POINT (989173.0348284974 150290.92403181392),NEPTUNE AVENUE,West 15 Street,Stillwell Avenue,2311.0,3112.0,1392.0,6815.0,1,one_direction
33914,Brooklyn,2022-05-10,2022,5,10,109157,POINT (988500.5273304215 150219.539051663),NEPTUNE AVENUE,West 16 Street,Cropsey Avenue,2423.0,3607.0,1819.0,7849.0,1,one_direction
33914,Brooklyn,2022-05-10,2022,5,10,109272,POINT (988303.9584575375 150354.95026450782),CROPSEY AVENUE,Hart Place,Dead end,9610.0,11542.0,7580.0,28732.0,2,two_directions
33914,Brooklyn,2022-05-11,2022,5,11,19253,POINT (989173.0348284974 150290.92403181392),NEPTUNE AVENUE,West 15 Street,Stillwell Avenue,2184.0,3078.0,1555.0,6817.0,1,one_direction
33914,Brooklyn,2022-05-11,2022,5,11,109157,POINT (988500.5273304215 150219.539051663),NEPTUNE AVENUE,West 16 Street,Cropsey Avenue,2196.0,3411.0,1824.0,7431.0,1,one_direction
33914,Brooklyn,2022-05-11,2022,5,11,109272,POINT (988303.9584575375 150354.95026450782),CROPSEY AVENUE,Hart Place,Dead end,9499.0,11702.0,7936.0,29137.0,2,two_directions
33914,Brooklyn,2022-11-13,2022,11,13,19253,POINT (989173.0348284974 150290.92403181392),NEPTUNE AVENUE,West 15 Street,Stillwell Avenue,1652.0,2583.0,1409.0,5644.0,1,one_direction
33914,Brooklyn,2022-11-13,2022,11,13,163033,POINT (993132.5637410539 149241.02433714102),BRIGHTON BEACH AVENUE,Beach Walk,Brighton Line,737.0,1641.0,1040.0,3418.0,1,one_direction
33914,Brooklyn,2022-11-14,2022,11,14,163033,POINT (993132.5637410539 149241.02433714102),BRIGHTON BEACH AVENUE,Beach Walk,Brighton Line,573.0,1243.0,890.0,2706.0,1,one_direction
33914,Brooklyn,2022-11-15,2022,11,15,163033,POINT (993132.5637410539 149241.02433714102),BRIGHTON BEACH AVENUE,Beach Walk,Brighton Line,1378.0,2281.0,1441.0,5100.0,1,one_direction
33914,Brooklyn,2022-11-16,2022,11,16,163033,POINT (993132.5637410539 149241.02433714102),BRIGHTON BEACH AVENUE,Beach Walk,Brighton Line,1244.0,2054.0,1299.0,4597.0,1,one_direction
33914,Brooklyn,2022-11-17,2022,11,17,163033,POINT (993132.5637410539 149241.02433714102),BRIGHTON BEACH AVENUE,Beach Walk,Brighton Line,1225.0,2007.0,1330.0,4562.0,1,one_direction
33914,Brooklyn,2022-11-18,2022,11,18,163033,POINT (993132.5637410539 149241.02433714102),BRIGHTON BEACH AVENUE,Beach Walk,Brighton Line,1213.0,2026.0,1372.0,4611.0,1,one_direction
33914,Brooklyn,2022-11-19,2022,11,19,163033,POINT (993132.5637410539 149241.02433714102),BRIGHTON BEACH AVENUE,Beach Walk,Brighton Line,1414.0,2205.0,1483.0,5102.0,1,one_direction
34045,Brooklyn,2022-11-14,2022,11,14,46758,POINT (1014196.6735680631 176778.5620351809),GLENWOOD ROAD,Williams Avenue,Cozine Avenue,544.0,950.0,468.0,1962.0,1,one_direction
34045,Brooklyn,2022-11-14,2022,11,14,110505,POINT (1015422.3127425865 180891.90488522797),VAN SICLEN AVENUE,Dead End,Hegeman Avenue,510.0,1338.0,896.0,2744.0,1,one_direction
34045,Brooklyn,2022-11-15,2022,11,15,46758,POINT (1014196.6735680631 176778.5620351809),GLENWOOD ROAD,Williams Avenue,Cozine Avenue,796.0,1001.0,429.0,2226.0,1,one_direction
34045,Brooklyn,2022-11-15,2022,11,15,110505,POINT (1015422.3127425865 180891.90488522797),VAN SICLEN AVENUE,Dead End,Hegeman Avenue,978.0,1420.0,724.0,3122.0,1,one_direction
34045,Brooklyn,2022-11-16,2022,11,16,46758,POINT (1014196.6735680631 176778.5620351809),GLENWOOD ROAD,Williams Avenue,Cozine Avenue,809.0,1176.0,482.0,2467.0,1,one_direction
34045,Brooklyn,2022-11-16,2022,11,16,110505,POINT (1015422.3127425865 180891.90488522797),VAN SICLEN AVENUE,Dead End,Hegeman Avenue,1001.0,1394.0,691.0,3086.0,1,one_direction
34045,Brooklyn,2022-11-17,2022,11,17,46758,POINT (1014196.6735680631 176778.5620351809),GLENWOOD ROAD,Williams Avenue,Cozine Avenue,767.0,1065.0,573.0,2405.0,1,one_direction
34045,Brooklyn,2022-11-17,2022,11,17,110505,POINT (1015422.3127425865 180891.90488522797),VAN SICLEN AVENUE,Dead End,Hegeman Avenue,986.0,1410.0,711.0,3107.0,1,one_direction
34045,Brooklyn,2022-11-18,2022,11,18,46758,POINT (1014196.6735680631 176778.5620351809),GLENWOOD ROAD,Williams Avenue,Cozine Avenue,820.0,1032.0,570.0,2422.0,1,one_direction
34045,Brooklyn,2022-11-18,2022,11,18,110505,POINT (1015422.3127425865 180891.90488522797),VAN SICLEN AVENUE,Dead End,Hegeman Avenue,930.0,1389.0,820.0,3139.0,1,one_direction
34045,Brooklyn,2022-11-19,2022,11,19,46758,POINT (1014196.6735680631 176778.5620351809),GLENWOOD ROAD,Williams Avenue,Cozine Avenue,689.0,1001.0,450.0,2140.0,1,one_direction
34045,Brooklyn,2022-11-19,2022,11,19,110505,POINT (1015422.3127425865 180891.90488522797),VAN SICLEN AVENUE,Dead End,Hegeman Avenue,968.0,1452.0,691.0,3111.0,1,one_direction
34045,Brooklyn,2022-11-20,2022,11,20,46758,POINT (1014196.6735680631 176778.5620351809),GLENWOOD ROAD,Williams Avenue,Cozine Avenue,576.0,880.0,336.0,1792.0,1,one_direction
34045,Brooklyn,2022-11-20,2022,11,20,110505,POINT (1015422.3127425865 180891.90488522797),VAN SICLEN AVENUE,Dead End,Hegeman Avenue,500.0,1333.0,893.0,2726.0,1,one_direction
34178,Brooklyn,2022-01-03,2022,1,3,115136,POINT (995870.954508375 151439.42947901363),NEPTUNE AVENUE,Brighton 10 Street,Gray Court,3804.0,5317.0,2546.0,11667.0,2,two_directions
34178,Brooklyn,2022-01-03,2022,1,3,189074,POINT (993228.5264971782 150600.75237618468),OCEAN PARKWAY,Dead End,Ocean View Avenue,3547.0,5632.0,2631.0,11810.0,2,two_directions
34178,Brooklyn,2022-01-04,2022,1,4,115136,POINT (995870.954508375 151439.42947901363),NEPTUNE AVENUE,Brighton 10 Street,Gray Court,3751.0,5619.0,2680.0,12050.0,2,two_directions
34178,Brooklyn,2022-01-04,2022,1,4,189074,POINT (993228.5264971782 150600.75237618468),OCEAN PARKWAY,Dead End,Ocean View Avenue,4130.0,6088.0,2759.0,12977.0,2,two_directions
34178,Brooklyn,2022-01-05,2022,1,5,115136,POINT (995870.954508375 151439.42947901363),NEPTUNE AVENUE,Brighton 10 Street,Gray Court,3820.0,5778.0,2714.0,12312.0,2,two_directions
34178,Brooklyn,2022-01-05,2022,1,5,189074,POINT (993228.5264971782 150600.75237618468),OCEAN PARKWAY,Dead End,Ocean View Avenue,3357.0,5147.0,2278.0,10782.0,2,two_directions
34178,Brooklyn,2022-01-06,2022,1,6,115136,POINT (995870.954508375 151439.42947901363),NEPTUNE AVENUE,Brighton 10 Street,Gray Court,3900.0,5583.0,2411.0,11894.0,2,two_directions
34178,Brooklyn,2022-01-06,2022,1,6,189074,POINT (993228.5264971782 150600.75237618468),OCEAN PARKWAY,Dead End,Ocean View Avenue,3365.0,5549.0,2472.0,11386.0,2,two_directions
34178,Brooklyn,2022-01-07,2022,1,7,115136,POINT (995870.954508375 151439.42947901363),NEPTUNE AVENUE,Brighton 10 Street,Gray Court,3813.0,6140.0,2838.0,12791.0,2,two_directions
34178,Brooklyn,2022-01-07,2022,1,7,189074,POINT (993228.5264971782 150600.75237618468),OCEAN PARKWAY,Dead End,Ocean View Avenue,4232.0,6782.0,3101.0,14115.0,2,two_directions
34178,Brooklyn,2022-01-08,2022,1,8,115136,POINT (995870.954508375 151439.42947901363),NEPTUNE AVENUE,Brighton 10 Street,Gray Court,2633.0,4866.0,2593.0,10092.0,2,two_directions
34178,Brooklyn,2022-01-08,2022,1,8,189074,POINT (993228.5264971782 150600.75237618468),OCEAN PARKWAY,Dead End,Ocean View Avenue,2296.0,4762.0,2498.0,9556.0,2,two_directions
34178,Brooklyn,2022-01-09,2022,1,9,115136,POINT (995870.954508375 151439.42947901363),NEPTUNE AVENUE,Brighton 10 Street,Gray Court,1831.0,3652.0,1939.0,7422.0,2,two_directions
34178,Brooklyn,2022-01-09,2022,1,9,189074,POINT (993228.5264971782 150600.75237618468),OCEAN PARKWAY,Dead End,Ocean View Avenue,2167.0,4672.0,2081.0,8920.0,2,two_directions
34178,Brooklyn,2022-01-10,2022,1,10,115136,POINT (995870.954508375 151439.42947901363),NEPTUNE AVENUE,Brighton 10 Street,Gray Court,3641.0,5281.0,2580.0,11502.0,2,two_directions
34178,Brooklyn,2022-01-10,2022,1,10,189074,POINT (993228.5264971782 150600.75237618468),OCEAN PARKWAY,Dead End,Ocean View Avenue,4317.0,6846.0,2874.0,14037.0,2,two_directions
34178,Brooklyn,2022-01-11,2022,1,11,115136,POINT (995870.954508375 151439.42947901363),NEPTUNE AVENUE,Brighton 10 Street,Gray Court,3754.0,5755.0,2444.0,11953.0,2,two_directions
34178,Brooklyn,2022-01-11,2022,1,11,189074,POINT (993228.5264971782 150600.75237618468),OCEAN PARKWAY,Dead End,Ocean View Avenue,3604.0,5214.0,2358.0,11176.0,2,two_directions
34178,Brooklyn,2022-01-12,2022,1,12,115136,POINT (995870.954508375 151439.42947901363),NEPTUNE AVENUE,Brighton 10 Street,Gray Court,3802.0,5305.0,2471.0,11578.0,2,two_directions
34178,Brooklyn,2022-01-12,2022,1,12,189074,POINT (993228.5264971782 150600.75237618468),OCEAN PARKWAY,Dead End,Ocean View Avenue,3574.0,5518.0,2400.0,11492.0,2,two_directions
34178,Brooklyn,2022-01-13,2022,1,13,115136,POINT (995870.954508375 151439.42947901363),NEPTUNE AVENUE,Brighton 10 Street,Gray Court,3746.0,5456.0,2516.0,11718.0,2,two_directions
34178,Brooklyn,2022-01-13,2022,1,13,189074,POINT (993228.5264971782 150600.75237618468),OCEAN PARKWAY,Dead End,Ocean View Avenue,3598.0,5669.0,2609.0,11876.0,2,two_directions
34178,Brooklyn,2022-01-14,2022,1,14,115136,POINT (995870.954508375 151439.42947901363),NEPTUNE AVENUE,Brighton 10 Street,Gray Court,3875.0,6066.0,2828.0,12769.0,2,two_directions
34178,Brooklyn,2022-01-14,2022,1,14,189074,POINT (993228.5264971782 150600.75237618468),OCEAN PARKWAY,Dead End,Ocean View Avenue,3740.0,6004.0,2492.0,12236.0,2,two_directions
34178,Brooklyn,2022-01-15,2022,1,15,115136,POINT (995870.954508375 151439.42947901363),NEPTUNE AVENUE,Brighton 10 Street,Gray Court,2391.0,4026.0,2317.0,8734.0,2,two_directions
34178,Brooklyn,2022-01-15,2022,1,15,189074,POINT (993228.5264971782 150600.75237618468),OCEAN PARKWAY,Dead End,Ocean View Avenue,2242.0,4425.0,2426.0,9093.0,2,two_directions
34178,Brooklyn,2022-01-16,2022,1,16,115136,POINT (995870.954508375 151439.42947901363),NEPTUNE AVENUE,Brighton 10 Street,Gray Court,1868.0,3665.0,1915.0,7448.0,2,two_directions
34178,Brooklyn,2022-01-16,2022,1,16,189074,POINT (993228.5264971782 150600.75237618468),OCEAN PARKWAY,Dead End,Ocean View Avenue,2002.0,4406.0,1600.0,8008.0,2,two_directions
34234,Manhattan,2022-03-20,2022,3,20,33609,POINT (984633.07881527 216310.9082436645),11 AVENUE,West 41 Street,West 42 Street,3918.0,5323.0,3186.0,12427.0,1,one_direction
34234,Manhattan,2022-03-20,2022,3,20,164628,POINT (984539.0384064625 216563.5559951243),WEST 42 STREET,11 Avenue,12 Avenue,4077.0,6580.0,3740.0,14397.0,2,two_directions
34234,Manhattan,2022-03-21,2022,3,21,33609,POINT (984633.07881527 216310.9082436645),11 AVENUE,West 41 Street,West 42 Street,2636.0,5785.0,2328.0,10749.0,1,one_direction
34234,Manhattan,2022-03-21,2022,3,21,164628,POINT (984539.0384064625 216563.5559951243),WEST 42 STREET,11 Avenue,12 Avenue,4160.0,5434.0,3266.0,12860.0,2,two_directions
34234,Manhattan,2022-03-22,2022,3,22,33609,POINT (984633.07881527 216310.9082436645),11 AVENUE,West 41 Street,West 42 Street,2545.0,5990.0,2944.0,11479.0,1,one_direction
34234,Manhattan,2022-03-22,2022,3,22,164628,POINT (984539.0384064625 216563.5559951243),WEST 42 STREET,11 Avenue,12 Avenue,4714.0,5673.0,3364.0,13751.0,2,two_directions
34234,Manhattan,2022-03-23,2022,3,23,33609,POINT (984633.07881527 216310.9082436645),11 AVENUE,West 41 Street,West 42 Street,1682.0,4108.0,5636.0,11426.0,1,one_direction
34234,Manhattan,2022-03-23,2022,3,23,164628,POINT (984539.0384064625 216563.5559951243),WEST 42 STREET,11 Avenue,12 Avenue,3817.0,5520.0,4468.0,13805.0,2,two_directions
34234,Manhattan,2022-03-24,2022,3,24,33609,POINT (984633.07881527 216310.9082436645),11 AVENUE,West 41 Street,West 42 Street,1607.0,4642.0,5227.0,11476.0,1,one_direction
34234,Manhattan,2022-03-24,2022,3,24,164628,POINT (984539.0384064625 216563.5559951243),WEST 42 STREET,11 Avenue,12 Avenue,4015.0,5398.0,4119.0,13532.0,2,two_directions
34234,Manhattan,2022-03-25,2022,3,25,33609,POINT (984633.07881527 216310.9082436645),11 AVENUE,West 41 Street,West 42 Street,1713.0,4810.0,5416.0,11939.0,1,one_direction
34234,Manhattan,2022-03-25,2022,3,25,164628,POINT (984539.0384064625 216563.5559951243),WEST 42 STREET,11 Avenue,12 Avenue,4785.0,5749.0,4141.0,14675.0,2,two_directions
34234,Manhattan,2022-03-26,2022,3,26,33609,POINT (984633.07881527 216310.9082436645),11 AVENUE,West 41 Street,West 42 Street,2317.0,3993.0,4204.0,10514.0,1,one_direction
34234,Manhattan,2022-03-26,2022,3,26,164628,POINT (984539.0384064625 216563.5559951243),WEST 42 STREET,11 Avenue,12 Avenue,3405.0,5690.0,4700.0,13795.0,2,two_directions
34266,Brooklyn,2022-03-24,2022,3,24,258848,POINT (991866.0917669014 176885.43614463977),PROSPECT PARK SOUTHWEST,Greenwood Avenue,Dead end,1770.0,1578.0,870.0,4218.0,1,one_direction
34266,Brooklyn,2022-03-25,2022,3,25,258848,POINT (991866.0917669014 176885.43614463977),PROSPECT PARK SOUTHWEST,Greenwood Avenue,Dead end,1708.0,1754.0,938.0,4400.0,1,one_direction
34266,Brooklyn,2022-03-26,2022,3,26,258848,POINT (991866.0917669014 176885.43614463977),PROSPECT PARK SOUTHWEST,Greenwood Avenue,Dead end,841.0,1170.0,629.0,2640.0,1,one_direction
34266,Brooklyn,2022-03-27,2022,3,27,258848,POINT (991866.0917669014 176885.43614463977),PROSPECT PARK SOUTHWEST,Greenwood Avenue,Dead end,2389.0,4877.0,2147.0,9413.0,2,two_directions
34311,Queens,2022-01-25,2022,1,25,170400,POINT (1034954.4800069059 197219.63500045525),86 AVENUE,Queens Boulevard,139 Street,795.0,1140.0,648.0,2583.0,2,two_directions
34311,Queens,2022-01-25,2022,1,25,184144,POINT (1033327.794479462 198586.42062241075),VAN WYCK EXPRESSWAY EXIT 9 NB,Van Wyck Expressway,Dead end,3140.0,2760.0,1661.0,7561.0,1,one_direction
34311,Queens,2022-01-26,2022,1,26,170400,POINT (1034954.4800069059 197219.63500045525),86 AVENUE,Queens Boulevard,139 Street,982.0,1339.0,664.0,2985.0,2,two_directions
34311,Queens,2022-01-26,2022,1,26,184144,POINT (1033327.794479462 198586.42062241075),VAN WYCK EXPRESSWAY EXIT 9 NB,Van Wyck Expressway,Dead end,3073.0,2539.0,1673.0,7285.0,1,one_direction
34311,Queens,2022-01-27,2022,1,27,170400,POINT (1034954.4800069059 197219.63500045525),86 AVENUE,Queens Boulevard,139 Street,843.0,1246.0,690.0,2779.0,2,two_directions
34311,Queens,2022-01-27,2022,1,27,184144,POINT (1033327.794479462 198586.42062241075),VAN WYCK EXPRESSWAY EXIT 9 NB,Van Wyck Expressway,Dead end,3389.0,2845.0,1859.0,8093.0,1,one_direction
34311,Queens,2022-01-28,2022,1,28,170400,POINT (1034954.4800069059 197219.63500045525),86 AVENUE,Queens Boulevard,139 Street,644.0,1097.0,447.0,2188.0,2,two_directions
34311,Queens,2022-01-28,2022,1,28,184144,POINT (1033327.794479462 198586.42062241075),VAN WYCK EXPRESSWAY EXIT 9 NB,Van Wyck Expressway,Dead end,3218.0,2602.0,1933.0,7753.0,1,one_direction
34311,Queens,2022-01-29,2022,1,29,170400,POINT (1034954.4800069059 197219.63500045525),86 AVENUE,Queens Boulevard,139 Street,590.0,1026.0,502.0,2118.0,2,two_directions
34311,Queens,2022-01-29,2022,1,29,184144,POINT (1033327.794479462 198586.42062241075),VAN WYCK EXPRESSWAY EXIT 9 NB,Van Wyck Expressway,Dead end,1753.0,2445.0,1778.0,5976.0,1,one_direction
34311,Queens,2022-01-30,2022,1,30,170400,POINT (1034954.4800069059 197219.63500045525),86 AVENUE,Queens Boulevard,139 Street,437.0,935.0,505.0,1877.0,2,two_directions
34311,Queens,2022-01-30,2022,1,30,184144,POINT (1033327.794479462 198586.42062241075),VAN WYCK EXPRESSWAY EXIT 9 NB,Van Wyck Expressway,Dead end,1287.0,2246.0,1463.0,4996.0,1,one_direction
34311,Queens,2022-01-31,2022,1,31,170400,POINT (1034954.4800069059 197219.63500045525),86 AVENUE,Queens Boulevard,139 Street,861.0,1291.0,534.0,2686.0,2,two_directions
34311,Queens,2022-01-31,2022,1,31,184144,POINT (1033327.794479462 198586.42062241075),VAN WYCK EXPRESSWAY EXIT 9 NB,Van Wyck Expressway,Dead end,3278.0,2581.0,1617.0,7476.0,1,one_direction
34322,Queens,2022-03-15,2022,3,15,53435,POINT (1029932.6631676898 199586.14595438848),AUSTIN STREET,77 Road,77 Avenue,1316.0,1358.0,662.0,3336.0,1,one_direction
34322,Queens,2022-03-15,2022,3,15,55963,POINT (1030173.7064668698 199638.58645494783),77 ROAD,Austin Street,Kew Forest Lane,853.0,1383.0,699.0,2935.0,2,two_directions
34322,Queens,2022-03-15,2022,3,15,55975,POINT (1030595.4717108895 199478.701267478),KEW FOREST LANE,78 Avenue,Union Turnpike,397.0,402.0,221.0,1020.0,1,one_direction
34322,Queens,2022-03-16,2022,3,16,53435,POINT (1029932.6631676898 199586.14595438848),AUSTIN STREET,77 Road,77 Avenue,1056.0,1203.0,600.0,2859.0,1,one_direction
34322,Queens,2022-03-16,2022,3,16,55963,POINT (1030173.7064668698 199638.58645494783),77 ROAD,Austin Street,Kew Forest Lane,924.0,1456.0,884.0,3264.0,2,two_directions
34322,Queens,2022-03-16,2022,3,16,55975,POINT (1030595.4717108895 199478.701267478),KEW FOREST LANE,78 Avenue,Union Turnpike,327.0,415.0,187.0,929.0,1,one_direction
34322,Queens,2022-03-17,2022,3,17,53435,POINT (1029932.6631676898 199586.14595438848),AUSTIN STREET,77 Road,77 Avenue,1100.0,1425.0,706.0,3231.0,1,one_direction
34322,Queens,2022-03-17,2022,3,17,55963,POINT (1030173.7064668698 199638.58645494783),77 ROAD,Austin Street,Kew Forest Lane,767.0,1387.0,791.0,2945.0,2,two_directions
34322,Queens,2022-03-17,2022,3,17,55975,POINT (1030595.4717108895 199478.701267478),KEW FOREST LANE,78 Avenue,Union Turnpike,273.0,468.0,293.0,1034.0,1,one_direction
34322,Queens,2022-03-18,2022,3,18,53435,POINT (1029932.6631676898 199586.14595438848),AUSTIN STREET,77 Road,77 Avenue,1148.0,1454.0,750.0,3352.0,1,one_direction
34322,Queens,2022-03-18,2022,3,18,55963,POINT (1030173.7064668698 199638.58645494783),77 ROAD,Austin Street,Kew Forest Lane,900.0,1804.0,996.0,3700.0,2,two_directions
34322,Queens,2022-03-18,2022,3,18,55975,POINT (1030595.4717108895 199478.701267478),KEW FOREST LANE,78 Avenue,Union Turnpike,303.0,528.0,373.0,1204.0,1,one_direction
34322,Queens,2022-03-19,2022,3,19,53435,POINT (1029932.6631676898 199586.14595438848),AUSTIN STREET,77 Road,77 Avenue,517.0,942.0,553.0,2012.0,1,one_direction
34322,Queens,2022-03-19,2022,3,19,55963,POINT (1030173.7064668698 199638.58645494783),77 ROAD,Austin Street,Kew Forest Lane,468.0,1263.0,786.0,2517.0,2,two_directions
34322,Queens,2022-03-19,2022,3,19,55975,POINT (1030595.4717108895 199478.701267478),KEW FOREST LANE,78 Avenue,Union Turnpike,148.0,499.0,310.0,957.0,1,one_direction
34322,Queens,2022-03-20,2022,3,20,55963,POINT (1030173.7064668698 199638.58645494783),77 ROAD,Austin Street,Kew Forest Lane,122.0,336.0,180.0,638.0,1,one_direction
34322,Queens,2022-03-21,2022,3,21,55963,POINT (1030173.7064668698 199638.58645494783),77 ROAD,Austin Street,Kew Forest Lane,474.0,450.0,212.0,1136.0,1,one_direction
34323,Queens,2022-03-06,2022,3,6,147692,POINT (1055642.3214792507 205325.99368021605),BRADDOCK AVENUE,Hillside Avenue,221 Street,1335.0,3414.0,1779.0,6528.0,2,two_directions
34323,Queens,2022-03-07,2022,3,7,147692,POINT (1055642.3214792507 205325.99368021605),BRADDOCK AVENUE,Hillside Avenue,221 Street,2807.0,5490.0,2549.0,10846.0,2,two_directions
34323,Queens,2022-03-08,2022,3,8,147692,POINT (1055642.3214792507 205325.99368021605),BRADDOCK AVENUE,Hillside Avenue,221 Street,2979.0,5346.0,2641.0,10966.0,2,two_directions
34323,Queens,2022-03-09,2022,3,9,147692,POINT (1055642.3214792507 205325.99368021605),BRADDOCK AVENUE,Hillside Avenue,221 Street,2705.0,5456.0,2695.0,10856.0,2,two_directions
34323,Queens,2022-03-10,2022,3,10,147692,POINT (1055642.3214792507 205325.99368021605),BRADDOCK AVENUE,Hillside Avenue,221 Street,3236.0,5663.0,2878.0,11777.0,2,two_directions
34323,Queens,2022-03-11,2022,3,11,147692,POINT (1055642.3214792507 205325.99368021605),BRADDOCK AVENUE,Hillside Avenue,221 Street,2823.0,5649.0,2568.0,11040.0,2,two_directions
34323,Queens,2022-03-12,2022,3,12,147692,POINT (1055642.3214792507 205325.99368021605),BRADDOCK AVENUE,Hillside Avenue,221 Street,1940.0,4675.0,2066.0,8681.0,2,two_directions
34364,Queens,2022-02-02,2022,2,2,66081,POINT (1001373.9903285656 208268.20790138244),BORDEN AVENUE,30 Place,30 Street,2507.0,2625.0,1652.0,6784.0,1,one_direction
34364,Queens,2022-02-03,2022,2,3,66081,POINT (1001373.9903285656 208268.20790138244),BORDEN AVENUE,30 Place,30 Street,2335.0,2404.0,1511.0,6250.0,1,one_direction
34364,Queens,2022-02-04,2022,2,4,66081,POINT (1001373.9903285656 208268.20790138244),BORDEN AVENUE,30 Place,30 Street,2299.0,2272.0,1380.0,5951.0,1,one_direction
34364,Queens,2022-02-05,2022,2,5,66081,POINT (1001373.9903285656 208268.20790138244),BORDEN AVENUE,30 Place,30 Street,1350.0,1909.0,1360.0,4619.0,1,one_direction
34364,Queens,2022-02-06,2022,2,6,66081,POINT (1001373.9903285656 208268.20790138244),BORDEN AVENUE,30 Place,30 Street,990.0,1666.0,1071.0,3727.0,1,one_direction
34364,Queens,2022-02-07,2022,2,7,66081,POINT (1001373.9903285656 208268.20790138244),BORDEN AVENUE,30 Place,30 Street,1696.0,2049.0,1322.0,5067.0,1,one_direction
34364,Queens,2022-02-08,2022,2,8,66081,POINT (1001373.9903285656 208268.20790138244),BORDEN AVENUE,30 Place,30 Street,2548.0,2465.0,1481.0,6494.0,1,one_direction
34380,Brooklyn,2022-02-22,2022,2,22,35448,POINT (998665.0332924452 201046.8734041954),RICHARDSON STREET,Meeker Avenue,Leonard Street,73.0,126.0,91.0,290.0,1,one_direction
34380,Brooklyn,2022-02-23,2022,2,23,35448,POINT (998665.0332924452 201046.8734041954),RICHARDSON STREET,Meeker Avenue,Leonard Street,48.0,70.0,99.0,217.0,1,one_direction
34380,Brooklyn,2022-02-24,2022,2,24,35448,POINT (998665.0332924452 201046.8734041954),RICHARDSON STREET,Meeker Avenue,Leonard Street,50.0,98.0,95.0,243.0,1,one_direction
34380,Brooklyn,2022-02-25,2022,2,25,35448,POINT (998665.0332924452 201046.8734041954),RICHARDSON STREET,Meeker Avenue,Leonard Street,82.0,145.0,105.0,332.0,1,one_direction
34380,Brooklyn,2022-02-26,2022,2,26,35448,POINT (998665.0332924452 201046.8734041954),RICHARDSON STREET,Meeker Avenue,Leonard Street,35.0,149.0,143.0,327.0,1,one_direction
34380,Brooklyn,2022-02-27,2022,2,27,35448,POINT (998665.0332924452 201046.8734041954),RICHARDSON STREET,Meeker Avenue,Leonard Street,70.0,180.0,92.0,342.0,1,one_direction
34380,Brooklyn,2022-02-28,2022,2,28,35448,POINT (998665.0332924452 201046.8734041954),RICHARDSON STREET,Meeker Avenue,Leonard Street,84.0,150.0,82.0,316.0,1,one_direction
34383,Bronx,2022-02-13,2022,2,13,80282,POINT (1015476.6781680193 252418.71302730983),EAST FORDHAM ROAD,Bathgate Avenue,Lorillard Place,3847.0,7652.0,5716.0,17215.0,2,two_directions
34383,Bronx,2022-02-14,2022,2,14,80282,POINT (1015476.6781680193 252418.71302730983),EAST FORDHAM ROAD,Bathgate Avenue,Lorillard Place,8497.0,9461.0,6873.0,24831.0,2,two_directions
34383,Bronx,2022-02-15,2022,2,15,79627,POINT (1010681.9619658673 253901.40847402613),UNIVERSITY AVENUE,Dr M L King Jr Boulevard,Father Zeiser Place,1179.0,1847.0,1057.0,4083.0,1,one_direction
34383,Bronx,2022-02-15,2022,2,15,80282,POINT (1015476.6781680193 252418.71302730983),EAST FORDHAM ROAD,Bathgate Avenue,Lorillard Place,8034.0,9415.0,6363.0,23812.0,2,two_directions
34383,Bronx,2022-02-16,2022,2,16,79627,POINT (1010681.9619658673 253901.40847402613),UNIVERSITY AVENUE,Dr M L King Jr Boulevard,Father Zeiser Place,1216.0,1848.0,1173.0,4237.0,1,one_direction
34383,Bronx,2022-02-16,2022,2,16,80282,POINT (1015476.6781680193 252418.71302730983),EAST FORDHAM ROAD,Bathgate Avenue,Lorillard Place,8252.0,9365.0,7059.0,24676.0,2,two_directions
34383,Bronx,2022-02-17,2022,2,17,79627,POINT (1010681.9619658673 253901.40847402613),UNIVERSITY AVENUE,Dr M L King Jr Boulevard,Father Zeiser Place,1314.0,1848.0,1131.0,4293.0,1,one_direction
34383,Bronx,2022-02-17,2022,2,17,80282,POINT (1015476.6781680193 252418.71302730983),EAST FORDHAM ROAD,Bathgate Avenue,Lorillard Place,8609.0,9639.0,6594.0,24842.0,2,two_directions
34383,Bronx,2022-02-18,2022,2,18,79627,POINT (1010681.9619658673 253901.40847402613),UNIVERSITY AVENUE,Dr M L King Jr Boulevard,Father Zeiser Place,1232.0,1818.0,1172.0,4222.0,1,one_direction
34383,Bronx,2022-02-18,2022,2,18,80282,POINT (1015476.6781680193 252418.71302730983),EAST FORDHAM ROAD,Bathgate Avenue,Lorillard Place,8514.0,9457.0,7435.0,25406.0,2,two_directions
34383,Bronx,2022-02-19,2022,2,19,79627,POINT (1010681.9619658673 253901.40847402613),UNIVERSITY AVENUE,Dr M L King Jr Boulevard,Father Zeiser Place,974.0,1774.0,1287.0,4035.0,1,one_direction
34383,Bronx,2022-02-19,2022,2,19,80282,POINT (1015476.6781680193 252418.71302730983),EAST FORDHAM ROAD,Bathgate Avenue,Lorillard Place,5872.0,9198.0,7150.0,22220.0,2,two_directions
34398,Brooklyn,2022-02-08,2022,2,8,161216,POINT (977723.0219003409 172244.22708375752),3 AVENUE,Dead End,65 Street,2898.0,4272.0,2048.0,9218.0,2,two_directions
34398,Brooklyn,2022-02-09,2022,2,9,161216,POINT (977723.0219003409 172244.22708375752),3 AVENUE,Dead End,65 Street,3049.0,4387.0,2148.0,9584.0,2,two_directions
34398,Brooklyn,2022-02-10,2022,2,10,161216,POINT (977723.0219003409 172244.22708375752),3 AVENUE,Dead End,65 Street,3031.0,4183.0,2400.0,9614.0,2,two_directions
34398,Brooklyn,2022-02-11,2022,2,11,161216,POINT (977723.0219003409 172244.22708375752),3 AVENUE,Dead End,65 Street,3232.0,4314.0,2297.0,9843.0,2,two_directions
34398,Brooklyn,2022-02-12,2022,2,12,161216,POINT (977723.0219003409 172244.22708375752),3 AVENUE,Dead End,65 Street,2569.0,4088.0,2583.0,9240.0,2,two_directions
34398,Brooklyn,2022-02-13,2022,2,13,161216,POINT (977723.0219003409 172244.22708375752),3 AVENUE,Dead End,65 Street,1942.0,3400.0,1870.0,7212.0,2,two_directions
34398,Brooklyn,2022-02-14,2022,2,14,161216,POINT (977723.0219003409 172244.22708375752),3 AVENUE,Dead End,65 Street,3031.0,4326.0,2238.0,9595.0,2,two_directions
34432,Manhattan,2022-02-09,2022,2,9,132937,POINT (999601.8856177918 224586.39939715795),EAST 96 STREET,Dead End,F D R Drive,4285.0,4976.0,4551.0,13812.0,1,one_direction
34432,Manhattan,2022-02-10,2022,2,10,132937,POINT (999601.8856177918 224586.39939715795),EAST 96 STREET,Dead End,F D R Drive,4405.0,5257.0,4705.0,14367.0,1,one_direction
34432,Manhattan,2022-02-11,2022,2,11,132937,POINT (999601.8856177918 224586.39939715795),EAST 96 STREET,Dead End,F D R Drive,4376.0,4942.0,5111.0,14429.0,1,one_direction
34438,Bronx,2022-03-08,2022,3,8,70597,POINT (1009151.5236918437 240098.48651492505),WASHINGTON AVENUE,East 164 Street,East 163 Street,1493.0,1898.0,1244.0,4635.0,1,one_direction
34438,Bronx,2022-03-09,2022,3,9,70597,POINT (1009151.5236918437 240098.48651492505),WASHINGTON AVENUE,East 164 Street,East 163 Street,1420.0,1773.0,1043.0,4236.0,1,one_direction
34438,Bronx,2022-03-10,2022,3,10,70597,POINT (1009151.5236918437 240098.48651492505),WASHINGTON AVENUE,East 164 Street,East 163 Street,1644.0,2292.0,1047.0,4983.0,1,one_direction
34438,Bronx,2022-03-11,2022,3,11,70597,POINT (1009151.5236918437 240098.48651492505),WASHINGTON AVENUE,East 164 Street,East 163 Street,1618.0,2221.0,1032.0,4871.0,1,one_direction
34438,Bronx,2022-03-12,2022,3,12,70597,POINT (1009151.5236918437 240098.48651492505),WASHINGTON AVENUE,East 164 Street,East 163 Street,1040.0,1768.0,1254.0,4062.0,1,one_direction
34438,Bronx,2022-03-13,2022,3,13,70597,POINT (1009151.5236918437 240098.48651492505),WASHINGTON AVENUE,East 164 Street,East 163 Street,866.0,1661.0,970.0,3497.0,1,one_direction
34438,Bronx,2022-03-14,2022,3,14,70597,POINT (1009151.5236918437 240098.48651492505),WASHINGTON AVENUE,East 164 Street,East 163 Street,1504.0,2077.0,1057.0,4638.0,1,one_direction
34464,Manhattan,2022-02-15,2022,2,15,33941,POINT (987544.799547945 214142.69878428313),7 AVENUE,Broadway/ 7 Avenue Line,Broadway/ 7 Avenue Line,5173.0,5866.0,5762.0,16801.0,1,one_direction
34464,Manhattan,2022-02-16,2022,2,16,33941,POINT (987544.799547945 214142.69878428313),7 AVENUE,Broadway/ 7 Avenue Line,Broadway/ 7 Avenue Line,5209.0,6101.0,6172.0,17482.0,1,one_direction
34464,Manhattan,2022-02-17,2022,2,17,33941,POINT (987544.799547945 214142.69878428313),7 AVENUE,Broadway/ 7 Avenue Line,Broadway/ 7 Avenue Line,4734.0,5908.0,5861.0,16503.0,1,one_direction
34464,Manhattan,2022-02-18,2022,2,18,33941,POINT (987544.799547945 214142.69878428313),7 AVENUE,Broadway/ 7 Avenue Line,Broadway/ 7 Avenue Line,4288.0,5673.0,6169.0,16130.0,1,one_direction
34464,Manhattan,2022-02-19,2022,2,19,33941,POINT (987544.799547945 214142.69878428313),7 AVENUE,Broadway/ 7 Avenue Line,Broadway/ 7 Avenue Line,3100.0,5019.0,5175.0,13294.0,1,one_direction
34474,Queens,2022-02-12,2022,2,12,138541,POINT (1020219.1153209634 219414.53589356926),23 AVENUE,101 Street,100 Street,515.0,953.0,616.0,2084.0,1,one_direction
34474,Queens,2022-02-12,2022,2,12,152975,POINT (1020229.3287819729 219371.64544449403),23 AVENUE,100 Street,101 Street,1120.0,1780.0,1293.0,4193.0,1,one_direction
34606,Queens,2022-03-05,2022,3,5,76771,POINT (1019202.2503306158 215017.1437395489),NORTHERN BOULEVARD,94 Street,Junction Boulevard,6793.0,11577.0,8210.0,26580.0,2,two_directions
34651,Bronx,2022-03-03,2022,3,3,80392,POINT (1016564.2513645847 251819.1154546355),EAST FORDHAM ROAD,Belmont Avenue,Cambreleng Avenue,1932.0,2432.0,1501.0,5865.0,1,one_direction
34651,Bronx,2022-03-03,2022,3,3,80396,POINT (1016629.0015470834 251916.26466595847),EAST FORDHAM ROAD,Belmont Avenue,Cambreleng Avenue,2438.0,2863.0,1360.0,6661.0,1,one_direction
34651,Bronx,2022-03-04,2022,3,4,80392,POINT (1016564.2513645847 251819.1154546355),EAST FORDHAM ROAD,Belmont Avenue,Cambreleng Avenue,1957.0,2649.0,1728.0,6334.0,1,one_direction
34651,Bronx,2022-03-04,2022,3,4,80396,POINT (1016629.0015470834 251916.26466595847),EAST FORDHAM ROAD,Belmont Avenue,Cambreleng Avenue,1891.0,2230.0,1907.0,6028.0,1,one_direction
34727,Brooklyn,2022-04-04,2022,4,4,28638,POINT (998610.0442425153 170057.66821832908),FLATBUSH AVENUE,East 29 Street,Hillel Place,2587.0,3534.0,2790.0,8911.0,1,one_direction
34727,Brooklyn,2022-04-04,2022,4,4,110369,POINT (998888.2306422513 169702.08608912243),FLATBUSH AVENUE,East 31 Street,Hillel Place,4037.0,4123.0,3554.0,11714.0,1,one_direction
34727,Brooklyn,2022-04-05,2022,4,5,28638,POINT (998610.0442425153 170057.66821832908),FLATBUSH AVENUE,East 29 Street,Hillel Place,2571.0,4441.0,3324.0,10336.0,1,one_direction
34727,Brooklyn,2022-04-05,2022,4,5,110369,POINT (998888.2306422513 169702.08608912243),FLATBUSH AVENUE,East 31 Street,Hillel Place,3837.0,3626.0,3247.0,10710.0,1,one_direction
34727,Brooklyn,2022-04-06,2022,4,6,28638,POINT (998610.0442425153 170057.66821832908),FLATBUSH AVENUE,East 29 Street,Hillel Place,2306.0,3353.0,2931.0,8590.0,1,one_direction
34727,Brooklyn,2022-04-06,2022,4,6,110369,POINT (998888.2306422513 169702.08608912243),FLATBUSH AVENUE,East 31 Street,Hillel Place,4015.0,4208.0,3563.0,11786.0,1,one_direction
34727,Brooklyn,2022-04-07,2022,4,7,28638,POINT (998610.0442425153 170057.66821832908),FLATBUSH AVENUE,East 29 Street,Hillel Place,2581.0,3615.0,3005.0,9201.0,1,one_direction
34727,Brooklyn,2022-04-07,2022,4,7,110369,POINT (998888.2306422513 169702.08608912243),FLATBUSH AVENUE,East 31 Street,Hillel Place,3924.0,4275.0,3654.0,11853.0,1,one_direction
34727,Brooklyn,2022-04-08,2022,4,8,28638,POINT (998610.0442425153 170057.66821832908),FLATBUSH AVENUE,East 29 Street,Hillel Place,2689.0,3562.0,3188.0,9439.0,1,one_direction
34727,Brooklyn,2022-04-08,2022,4,8,110369,POINT (998888.2306422513 169702.08608912243),FLATBUSH AVENUE,East 31 Street,Hillel Place,3687.0,4135.0,4033.0,11855.0,1,one_direction
34727,Brooklyn,2022-04-09,2022,4,9,28638,POINT (998610.0442425153 170057.66821832908),FLATBUSH AVENUE,East 29 Street,Hillel Place,2707.0,4248.0,3186.0,10141.0,1,one_direction
34727,Brooklyn,2022-04-09,2022,4,9,110369,POINT (998888.2306422513 169702.08608912243),FLATBUSH AVENUE,East 31 Street,Hillel Place,3675.0,4668.0,4111.0,12454.0,1,one_direction
34727,Brooklyn,2022-04-10,2022,4,10,28638,POINT (998610.0442425153 170057.66821832908),FLATBUSH AVENUE,East 29 Street,Hillel Place,2141.0,3771.0,2993.0,8905.0,1,one_direction
34727,Brooklyn,2022-04-10,2022,4,10,110369,POINT (998888.2306422513 169702.08608912243),FLATBUSH AVENUE,East 31 Street,Hillel Place,3488.0,4787.0,3687.0,11962.0,1,one_direction
34815,Bronx,2022-03-27,2022,3,27,9014583,POINT (1017122.8173972853 243535.13791670065),EAST 174 ST BRIDGE,Dead End,Bronx River Shoreline,1508.0,2918.0,1908.0,6334.0,1,one_direction
34815,Bronx,2022-03-27,2022,3,27,9014587,POINT (1017127.2579874671 243558.26531133518),EAST 174 ST BRIDGE,Dead End,Bronx River Shoreline,1149.0,2309.0,1523.0,4981.0,1,one_direction
34815,Bronx,2022-03-28,2022,3,28,89528,POINT (1026062.2270505144 269645.6241261366),WHITE PLAINS ROAD,East 243 Street,Dead end,1904.0,4038.0,2329.0,8271.0,2,two_directions
34815,Bronx,2022-03-28,2022,3,28,9014583,POINT (1017122.8173972853 243535.13791670065),EAST 174 ST BRIDGE,Dead End,Bronx River Shoreline,2272.0,3262.0,1954.0,7488.0,1,one_direction
34815,Bronx,2022-03-28,2022,3,28,9014587,POINT (1017127.2579874671 243558.26531133518),EAST 174 ST BRIDGE,Dead End,Bronx River Shoreline,3092.0,3145.0,1528.0,7765.0,1,one_direction
34815,Bronx,2022-03-29,2022,3,29,89528,POINT (1026062.2270505144 269645.6241261366),WHITE PLAINS ROAD,East 243 Street,Dead end,2695.0,4178.0,2530.0,9403.0,2,two_directions
34815,Bronx,2022-03-29,2022,3,29,9014583,POINT (1017122.8173972853 243535.13791670065),EAST 174 ST BRIDGE,Dead End,Bronx River Shoreline,2305.0,3317.0,2074.0,7696.0,1,one_direction
34815,Bronx,2022-03-29,2022,3,29,9014587,POINT (1017127.2579874671 243558.26531133518),EAST 174 ST BRIDGE,Dead End,Bronx River Shoreline,2949.0,3223.0,1583.0,7755.0,1,one_direction
34815,Bronx,2022-03-30,2022,3,30,89528,POINT (1026062.2270505144 269645.6241261366),WHITE PLAINS ROAD,East 243 Street,Dead end,2825.0,4019.0,2510.0,9354.0,2,two_directions
34815,Bronx,2022-03-30,2022,3,30,9014583,POINT (1017122.8173972853 243535.13791670065),EAST 174 ST BRIDGE,Dead End,Bronx River Shoreline,2311.0,3382.0,2234.0,7927.0,1,one_direction
34815,Bronx,2022-03-30,2022,3,30,9014587,POINT (1017127.2579874671 243558.26531133518),EAST 174 ST BRIDGE,Dead End,Bronx River Shoreline,3300.0,3274.0,1727.0,8301.0,1,one_direction
34815,Bronx,2022-03-31,2022,3,31,89528,POINT (1026062.2270505144 269645.6241261366),WHITE PLAINS ROAD,East 243 Street,Dead end,2578.0,4070.0,2661.0,9309.0,2,two_directions
34815,Bronx,2022-03-31,2022,3,31,9014583,POINT (1017122.8173972853 243535.13791670065),EAST 174 ST BRIDGE,Dead End,Bronx River Shoreline,2404.0,3421.0,2225.0,8050.0,1,one_direction
34815,Bronx,2022-03-31,2022,3,31,9014587,POINT (1017127.2579874671 243558.26531133518),EAST 174 ST BRIDGE,Dead End,Bronx River Shoreline,3327.0,3538.0,1730.0,8595.0,1,one_direction
34815,Bronx,2022-04-01,2022,4,1,89528,POINT (1026062.2270505144 269645.6241261366),WHITE PLAINS ROAD,East 243 Street,Dead end,2937.0,4560.0,3128.0,10625.0,2,two_directions
34815,Bronx,2022-04-01,2022,4,1,9014583,POINT (1017122.8173972853 243535.13791670065),EAST 174 ST BRIDGE,Dead End,Bronx River Shoreline,2363.0,3158.0,2630.0,8151.0,1,one_direction
34815,Bronx,2022-04-01,2022,4,1,9014587,POINT (1017127.2579874671 243558.26531133518),EAST 174 ST BRIDGE,Dead End,Bronx River Shoreline,3240.0,4226.0,2556.0,10022.0,1,one_direction
34815,Bronx,2022-04-02,2022,4,2,89528,POINT (1026062.2270505144 269645.6241261366),WHITE PLAINS ROAD,East 243 Street,Dead end,2437.0,4351.0,1960.0,8748.0,2,two_directions
34815,Bronx,2022-04-02,2022,4,2,9014583,POINT (1017122.8173972853 243535.13791670065),EAST 174 ST BRIDGE,Dead End,Bronx River Shoreline,1910.0,3486.0,2543.0,7939.0,1,one_direction
34815,Bronx,2022-04-02,2022,4,2,9014587,POINT (1017127.2579874671 243558.26531133518),EAST 174 ST BRIDGE,Dead End,Bronx River Shoreline,1673.0,3111.0,2161.0,6945.0,1,one_direction
34815,Bronx,2022-04-03,2022,4,3,89528,POINT (1026062.2270505144 269645.6241261366),WHITE PLAINS ROAD,East 243 Street,Dead end,942.0,1620.0,1016.0,3578.0,2,two_directions
34815,Bronx,2022-04-03,2022,4,3,9014583,POINT (1017122.8173972853 243535.13791670065),EAST 174 ST BRIDGE,Dead End,Bronx River Shoreline,1397.0,2911.0,1931.0,6239.0,1,one_direction
34815,Bronx,2022-04-03,2022,4,3,9014587,POINT (1017127.2579874671 243558.26531133518),EAST 174 ST BRIDGE,Dead End,Bronx River Shoreline,1173.0,2233.0,1580.0,4986.0,1,one_direction
34815,Bronx,2022-04-04,2022,4,4,9014583,POINT (1017122.8173972853 243535.13791670065),EAST 174 ST BRIDGE,Dead End,Bronx River Shoreline,2286.0,2998.0,1990.0,7274.0,1,one_direction
34815,Bronx,2022-04-04,2022,4,4,9014587,POINT (1017127.2579874671 243558.26531133518),EAST 174 ST BRIDGE,Dead End,Bronx River Shoreline,3410.0,4012.0,1930.0,9352.0,1,one_direction
34815,Bronx,2022-04-05,2022,4,5,9014583,POINT (1017122.8173972853 243535.13791670065),EAST 174 ST BRIDGE,Dead End,Bronx River Shoreline,2293.0,3332.0,2109.0,7734.0,1,one_direction
34815,Bronx,2022-04-05,2022,4,5,9014587,POINT (1017127.2579874671 243558.26531133518),EAST 174 ST BRIDGE,Dead End,Bronx River Shoreline,3057.0,3399.0,1850.0,8306.0,1,one_direction
34815,Bronx,2022-04-06,2022,4,6,9014583,POINT (1017122.8173972853 243535.13791670065),EAST 174 ST BRIDGE,Dead End,Bronx River Shoreline,2156.0,3212.0,1981.0,7349.0,1,one_direction
34815,Bronx,2022-04-06,2022,4,6,9014587,POINT (1017127.2579874671 243558.26531133518),EAST 174 ST BRIDGE,Dead End,Bronx River Shoreline,3113.0,3257.0,1569.0,7939.0,1,one_direction
34815,Bronx,2022-04-07,2022,4,7,9014583,POINT (1017122.8173972853 243535.13791670065),EAST 174 ST BRIDGE,Dead End,Bronx River Shoreline,2362.0,3157.0,1904.0,7423.0,1,one_direction
34815,Bronx,2022-04-07,2022,4,7,9014587,POINT (1017127.2579874671 243558.26531133518),EAST 174 ST BRIDGE,Dead End,Bronx River Shoreline,2740.0,3355.0,1522.0,7617.0,1,one_direction
34815,Bronx,2022-04-08,2022,4,8,9014583,POINT (1017122.8173972853 243535.13791670065),EAST 174 ST BRIDGE,Dead End,Bronx River Shoreline,2430.0,3287.0,2728.0,8445.0,1,one_direction
34815,Bronx,2022-04-08,2022,4,8,9014587,POINT (1017127.2579874671 243558.26531133518),EAST 174 ST BRIDGE,Dead End,Bronx River Shoreline,3165.0,4129.0,2599.0,9893.0,1,one_direction
34815,Bronx,2022-04-09,2022,4,9,9014583,POINT (1017122.8173972853 243535.13791670065),EAST 174 ST BRIDGE,Dead End,Bronx River Shoreline,1973.0,3353.0,2379.0,7705.0,1,one_direction
34815,Bronx,2022-04-09,2022,4,9,9014587,POINT (1017127.2579874671 243558.26531133518),EAST 174 ST BRIDGE,Dead End,Bronx River Shoreline,1759.0,2882.0,1844.0,6485.0,1,one_direction
34815,Bronx,2022-04-10,2022,4,10,9014583,POINT (1017122.8173972853 243535.13791670065),EAST 174 ST BRIDGE,Dead End,Bronx River Shoreline,1459.0,3060.0,1905.0,6424.0,1,one_direction
34815,Bronx,2022-04-10,2022,4,10,9014587,POINT (1017127.2579874671 243558.26531133518),EAST 174 ST BRIDGE,Dead End,Bronx River Shoreline,1077.0,2252.0,1502.0,4831.0,1,one_direction
34815,Bronx,2022-04-11,2022,4,11,89039,POINT (1022434.5065443722 267201.60312160366),WEBSTER AVENUE,East 236 Street,East 240 Street,675.0,3130.0,1866.0,5671.0,2,two_directions
34815,Bronx,2022-04-11,2022,4,11,9014583,POINT (1017122.8173972853 243535.13791670065),EAST 174 ST BRIDGE,Dead End,Bronx River Shoreline,2251.0,3318.0,2030.0,7599.0,1,one_direction
34815,Bronx,2022-04-11,2022,4,11,9014587,POINT (1017127.2579874671 243558.26531133518),EAST 174 ST BRIDGE,Dead End,Bronx River Shoreline,2561.0,3275.0,1523.0,7359.0,1,one_direction
34815,Brooklyn,2022-04-12,2022,4,12,191114,POINT (988207.4245194928 151130.52481856258),CROPSEY AVENUE BRIDGE,Coney Island Creek Shoreline,Dead end,3.0,0.0,0.0,3.0,1,one_direction
34815,Brooklyn,2022-04-23,2022,4,23,48507,POINT (1010956.956921701 191657.95745931382),DECATUR STREET,Knickerbocker Avenue,Irving Avenue,471.0,994.0,803.0,2268.0,1,one_direction
34815,Brooklyn,2022-05-05,2022,5,5,50963,POINT (1022726.375963018 184975.11727740432),SUTTER AVENUE,South Conduit Avenue,Dead end,157.0,2132.0,1519.0,3808.0,1,one_direction
34815,Brooklyn,2022-05-06,2022,5,6,50963,POINT (1022726.375963018 184975.11727740432),SUTTER AVENUE,South Conduit Avenue,Dead end,1290.0,2177.0,1581.0,5048.0,1,one_direction
34815,Brooklyn,2022-05-07,2022,5,7,22341,POINT (985213.5965083375 184869.22348551842),9 STREET BRIDGE,9 Street,9 Street,682.0,1337.0,872.0,2891.0,1,one_direction
34815,Queens,2022-04-23,2022,4,23,48664,POINT (1011234.8327525167 191593.11670172962),COOPER AVENUE,Cooper Street,Dead end,1539.0,2511.0,2088.0,6138.0,1,one_direction
34815,Queens,2022-04-23,2022,4,23,66424,POINT (1005691.9480838224 200324.61319259694),GRAND STREET BRIDGE,Dead End,Grand Avenue,1833.0,2761.0,908.0,5502.0,2,two_directions
34815,Queens,2022-04-24,2022,4,24,66424,POINT (1005691.9480838224 200324.61319259694),GRAND STREET BRIDGE,Dead End,Grand Avenue,834.0,1289.0,617.0,2740.0,2,two_directions
34815,Queens,2022-04-25,2022,4,25,66424,POINT (1005691.9480838224 200324.61319259694),GRAND STREET BRIDGE,Dead End,Grand Avenue,3501.0,4268.0,1175.0,8944.0,2,two_directions
34815,Queens,2022-04-26,2022,4,26,66424,POINT (1005691.9480838224 200324.61319259694),GRAND STREET BRIDGE,Dead End,Grand Avenue,3621.0,4485.0,1393.0,9499.0,2,two_directions
34815,Queens,2022-04-27,2022,4,27,66424,POINT (1005691.9480838224 200324.61319259694),GRAND STREET BRIDGE,Dead End,Grand Avenue,3445.0,4695.0,1633.0,9773.0,2,two_directions
34815,Queens,2022-04-28,2022,4,28,66424,POINT (1005691.9480838224 200324.61319259694),GRAND STREET BRIDGE,Dead End,Grand Avenue,3634.0,4917.0,1852.0,10403.0,2,two_directions
34815,Queens,2022-04-29,2022,4,29,66424,POINT (1005691.9480838224 200324.61319259694),GRAND STREET BRIDGE,Dead End,Grand Avenue,3629.0,5265.0,1706.0,10600.0,2,two_directions
34815,Queens,2022-04-30,2022,4,30,66424,POINT (1005691.9480838224 200324.61319259694),GRAND STREET BRIDGE,Dead End,Grand Avenue,2085.0,2985.0,1169.0,6239.0,2,two_directions
34815,Queens,2022-05-01,2022,5,1,66424,POINT (1005691.9480838224 200324.61319259694),GRAND STREET BRIDGE,Dead End,Grand Avenue,867.0,2152.0,961.0,3980.0,2,two_directions
34815,Queens,2022-05-02,2022,5,2,66424,POINT (1005691.9480838224 200324.61319259694),GRAND STREET BRIDGE,Dead End,Grand Avenue,3385.0,3393.0,691.0,7469.0,2,two_directions
34815,Queens,2022-05-03,2022,5,3,66424,POINT (1005691.9480838224 200324.61319259694),GRAND STREET BRIDGE,Dead End,Grand Avenue,3094.0,2800.0,1226.0,7120.0,2,two_directions
34815,Queens,2022-05-04,2022,5,4,66424,POINT (1005691.9480838224 200324.61319259694),GRAND STREET BRIDGE,Dead End,Grand Avenue,2460.0,2637.0,657.0,5754.0,2,two_directions
34815,Queens,2022-05-05,2022,5,5,65788,POINT (1060083.0573033746 191020.48249317423),LINDEN BOULEVARD,Cross Island Parkway,Dead end,1589.0,4401.0,3677.0,9667.0,1,one_direction
34815,Queens,2022-05-06,2022,5,6,65788,POINT (1060083.0573033746 191020.48249317423),LINDEN BOULEVARD,Cross Island Parkway,Dead end,3360.0,4541.0,3612.0,11513.0,1,one_direction
34815,Queens,2022-05-07,2022,5,7,65788,POINT (1060083.0573033746 191020.48249317423),LINDEN BOULEVARD,Cross Island Parkway,Dead end,2679.0,4234.0,3669.0,10582.0,1,one_direction
34815,Queens,2022-05-11,2022,5,11,156596,POINT (1023913.269033063 183538.80365108862),LINDEN BOULEVARD,Dead End,79 Street,1583.0,4278.0,2519.0,8380.0,1,one_direction
34815,Queens,2022-05-12,2022,5,12,156596,POINT (1023913.269033063 183538.80365108862),LINDEN BOULEVARD,Dead End,79 Street,4505.0,3947.0,2669.0,11121.0,1,one_direction
34815,Queens,2022-05-13,2022,5,13,156596,POINT (1023913.269033063 183538.80365108862),LINDEN BOULEVARD,Dead End,79 Street,4298.0,4217.0,2787.0,11302.0,1,one_direction
34815,Queens,2022-05-14,2022,5,14,156596,POINT (1023913.269033063 183538.80365108862),LINDEN BOULEVARD,Dead End,79 Street,2415.0,4574.0,3532.0,10521.0,1,one_direction
34815,Queens,2022-05-15,2022,5,15,156596,POINT (1023913.269033063 183538.80365108862),LINDEN BOULEVARD,Dead End,79 Street,1755.0,3645.0,2930.0,8330.0,1,one_direction
34815,Queens,2022-05-16,2022,5,16,156596,POINT (1023913.269033063 183538.80365108862),LINDEN BOULEVARD,Dead End,79 Street,4182.0,3755.0,2197.0,10134.0,1,one_direction
34815,Queens,2022-05-17,2022,5,17,156596,POINT (1023913.269033063 183538.80365108862),LINDEN BOULEVARD,Dead End,79 Street,4836.0,4256.0,2558.0,11650.0,1,one_direction
34815,Queens,2022-05-18,2022,5,18,156596,POINT (1023913.269033063 183538.80365108862),LINDEN BOULEVARD,Dead End,79 Street,4910.0,4887.0,3625.0,13422.0,1,one_direction
34815,Queens,2022-05-19,2022,5,19,156596,POINT (1023913.269033063 183538.80365108862),LINDEN BOULEVARD,Dead End,79 Street,5318.0,4253.0,2601.0,12172.0,1,one_direction
34815,Queens,2022-05-20,2022,5,20,156596,POINT (1023913.269033063 183538.80365108862),LINDEN BOULEVARD,Dead End,79 Street,4464.0,4468.0,2658.0,11590.0,1,one_direction
34815,Queens,2022-05-21,2022,5,21,156596,POINT (1023913.269033063 183538.80365108862),LINDEN BOULEVARD,Dead End,79 Street,2573.0,4510.0,3827.0,10910.0,1,one_direction
34815,Queens,2022-05-22,2022,5,22,156596,POINT (1023913.269033063 183538.80365108862),LINDEN BOULEVARD,Dead End,79 Street,1975.0,3894.0,2763.0,8632.0,1,one_direction
34815,Queens,2022-05-23,2022,5,23,156596,POINT (1023913.269033063 183538.80365108862),LINDEN BOULEVARD,Dead End,79 Street,4607.0,4147.0,2269.0,11023.0,1,one_direction
34815,Queens,2022-06-11,2022,6,11,62497,POINT (1056415.1868210472 170827.2200271171),HOOK CREEK BRIDGE,Hook Creek Shoreline,Dead end,15886.0,24473.0,16463.0,56822.0,2,two_directions
34815,Queens,2022-06-11,2022,6,11,65967,POINT (1000731.5336691153 209191.80335594836),HUNTERS POINT BRIDGE,Dead End,Dutch Kills Shoreline,125.0,161.0,83.0,369.0,1,one_direction
34815,Queens,2022-06-11,2022,6,11,189271,POINT (1000124.7052589084 208538.8773739439),BORDEN AVENUE BRIDGE,Borden Avenue,Dead end,2577.0,4033.0,3073.0,9683.0,2,two_directions
34815,Queens,2022-06-12,2022,6,12,62497,POINT (1056415.1868210472 170827.2200271171),HOOK CREEK BRIDGE,Hook Creek Shoreline,Dead end,14330.0,24252.0,16523.0,55105.0,2,two_directions
34815,Queens,2022-06-12,2022,6,12,65967,POINT (1000731.5336691153 209191.80335594836),HUNTERS POINT BRIDGE,Dead End,Dutch Kills Shoreline,55.0,115.0,85.0,255.0,1,one_direction
34815,Queens,2022-06-12,2022,6,12,189271,POINT (1000124.7052589084 208538.8773739439),BORDEN AVENUE BRIDGE,Borden Avenue,Dead end,1726.0,3317.0,2652.0,7695.0,2,two_directions
34815,Queens,2022-06-13,2022,6,13,62497,POINT (1056415.1868210472 170827.2200271171),HOOK CREEK BRIDGE,Hook Creek Shoreline,Dead end,20774.0,26044.0,18145.0,64963.0,2,two_directions
34815,Queens,2022-06-13,2022,6,13,65967,POINT (1000731.5336691153 209191.80335594836),HUNTERS POINT BRIDGE,Dead End,Dutch Kills Shoreline,300.0,434.0,163.0,897.0,1,one_direction
34815,Queens,2022-06-13,2022,6,13,189271,POINT (1000124.7052589084 208538.8773739439),BORDEN AVENUE BRIDGE,Borden Avenue,Dead end,4387.0,5636.0,2919.0,12942.0,2,two_directions
34815,Queens,2022-06-14,2022,6,14,62497,POINT (1056415.1868210472 170827.2200271171),HOOK CREEK BRIDGE,Hook Creek Shoreline,Dead end,20737.0,26495.0,18393.0,65625.0,2,two_directions
34815,Queens,2022-06-14,2022,6,14,65967,POINT (1000731.5336691153 209191.80335594836),HUNTERS POINT BRIDGE,Dead End,Dutch Kills Shoreline,290.0,485.0,160.0,935.0,1,one_direction
34815,Queens,2022-06-14,2022,6,14,189271,POINT (1000124.7052589084 208538.8773739439),BORDEN AVENUE BRIDGE,Borden Avenue,Dead end,4678.0,5679.0,3129.0,13486.0,2,two_directions
34815,Queens,2022-06-15,2022,6,15,62497,POINT (1056415.1868210472 170827.2200271171),HOOK CREEK BRIDGE,Hook Creek Shoreline,Dead end,21149.0,26252.0,19070.0,66471.0,2,two_directions
34815,Queens,2022-06-15,2022,6,15,65967,POINT (1000731.5336691153 209191.80335594836),HUNTERS POINT BRIDGE,Dead End,Dutch Kills Shoreline,302.0,504.0,159.0,965.0,1,one_direction
34815,Queens,2022-06-15,2022,6,15,189271,POINT (1000124.7052589084 208538.8773739439),BORDEN AVENUE BRIDGE,Borden Avenue,Dead end,4691.0,5822.0,3183.0,13696.0,2,two_directions
34815,Queens,2022-06-16,2022,6,16,62497,POINT (1056415.1868210472 170827.2200271171),HOOK CREEK BRIDGE,Hook Creek Shoreline,Dead end,19460.0,25132.0,18916.0,63508.0,2,two_directions
34815,Queens,2022-06-16,2022,6,16,65967,POINT (1000731.5336691153 209191.80335594836),HUNTERS POINT BRIDGE,Dead End,Dutch Kills Shoreline,330.0,460.0,157.0,947.0,1,one_direction
34815,Queens,2022-06-16,2022,6,16,189271,POINT (1000124.7052589084 208538.8773739439),BORDEN AVENUE BRIDGE,Borden Avenue,Dead end,4540.0,6158.0,3138.0,13836.0,2,two_directions
34815,Queens,2022-06-17,2022,6,17,62497,POINT (1056415.1868210472 170827.2200271171),HOOK CREEK BRIDGE,Hook Creek Shoreline,Dead end,20560.0,24304.0,17741.0,62605.0,2,two_directions
34815,Queens,2022-06-17,2022,6,17,65967,POINT (1000731.5336691153 209191.80335594836),HUNTERS POINT BRIDGE,Dead End,Dutch Kills Shoreline,333.0,443.0,135.0,911.0,1,one_direction
34815,Queens,2022-06-17,2022,6,17,189271,POINT (1000124.7052589084 208538.8773739439),BORDEN AVENUE BRIDGE,Borden Avenue,Dead end,3898.0,6232.0,3595.0,13725.0,2,two_directions
34815,Queens,2022-06-18,2022,6,18,62497,POINT (1056415.1868210472 170827.2200271171),HOOK CREEK BRIDGE,Hook Creek Shoreline,Dead end,15111.0,23764.0,16215.0,55090.0,2,two_directions
34815,Queens,2022-06-18,2022,6,18,65967,POINT (1000731.5336691153 209191.80335594836),HUNTERS POINT BRIDGE,Dead End,Dutch Kills Shoreline,129.0,199.0,114.0,442.0,1,one_direction
34815,Queens,2022-06-18,2022,6,18,189271,POINT (1000124.7052589084 208538.8773739439),BORDEN AVENUE BRIDGE,Borden Avenue,Dead end,2572.0,3923.0,3083.0,9578.0,2,two_directions
34815,Queens,2022-06-19,2022,6,19,62497,POINT (1056415.1868210472 170827.2200271171),HOOK CREEK BRIDGE,Hook Creek Shoreline,Dead end,14899.0,26089.0,18981.0,59969.0,2,two_directions
34815,Queens,2022-06-19,2022,6,19,65967,POINT (1000731.5336691153 209191.80335594836),HUNTERS POINT BRIDGE,Dead End,Dutch Kills Shoreline,65.0,104.0,70.0,239.0,1,one_direction
34815,Queens,2022-06-19,2022,6,19,189271,POINT (1000124.7052589084 208538.8773739439),BORDEN AVENUE BRIDGE,Borden Avenue,Dead end,1689.0,3494.0,3094.0,8277.0,2,two_directions
34815,Queens,2022-06-20,2022,6,20,62497,POINT (1056415.1868210472 170827.2200271171),HOOK CREEK BRIDGE,Hook Creek Shoreline,Dead end,18633.0,24217.0,17528.0,60378.0,2,two_directions
34815,Queens,2022-06-20,2022,6,20,65967,POINT (1000731.5336691153 209191.80335594836),HUNTERS POINT BRIDGE,Dead End,Dutch Kills Shoreline,241.0,352.0,142.0,735.0,1,one_direction
34815,Queens,2022-06-20,2022,6,20,189271,POINT (1000124.7052589084 208538.8773739439),BORDEN AVENUE BRIDGE,Borden Avenue,Dead end,3535.0,5021.0,2889.0,11445.0,2,two_directions
34815,Queens,2022-06-21,2022,6,21,62497,POINT (1056415.1868210472 170827.2200271171),HOOK CREEK BRIDGE,Hook Creek Shoreline,Dead end,21208.0,26581.0,15782.0,63571.0,2,two_directions
34815,Queens,2022-06-21,2022,6,21,65967,POINT (1000731.5336691153 209191.80335594836),HUNTERS POINT BRIDGE,Dead End,Dutch Kills Shoreline,315.0,444.0,146.0,905.0,1,one_direction
34815,Queens,2022-06-21,2022,6,21,189271,POINT (1000124.7052589084 208538.8773739439),BORDEN AVENUE BRIDGE,Borden Avenue,Dead end,4459.0,5769.0,2662.0,12890.0,2,two_directions
34815,Queens,2022-06-22,2022,6,22,62497,POINT (1056415.1868210472 170827.2200271171),HOOK CREEK BRIDGE,Hook Creek Shoreline,Dead end,20073.0,25362.0,16237.0,61672.0,2,two_directions
34815,Queens,2022-06-22,2022,6,22,65967,POINT (1000731.5336691153 209191.80335594836),HUNTERS POINT BRIDGE,Dead End,Dutch Kills Shoreline,291.0,500.0,138.0,929.0,1,one_direction
34815,Queens,2022-06-22,2022,6,22,189271,POINT (1000124.7052589084 208538.8773739439),BORDEN AVENUE BRIDGE,Borden Avenue,Dead end,4225.0,5395.0,2716.0,12336.0,2,two_directions
34815,Queens,2022-06-23,2022,6,23,62497,POINT (1056415.1868210472 170827.2200271171),HOOK CREEK BRIDGE,Hook Creek Shoreline,Dead end,20918.0,26250.0,17911.0,65079.0,2,two_directions
34815,Queens,2022-06-23,2022,6,23,65967,POINT (1000731.5336691153 209191.80335594836),HUNTERS POINT BRIDGE,Dead End,Dutch Kills Shoreline,326.0,498.0,163.0,987.0,1,one_direction
34815,Queens,2022-06-23,2022,6,23,189271,POINT (1000124.7052589084 208538.8773739439),BORDEN AVENUE BRIDGE,Borden Avenue,Dead end,4244.0,5940.0,3239.0,13423.0,2,two_directions
34815,Queens,2022-06-24,2022,6,24,62497,POINT (1056415.1868210472 170827.2200271171),HOOK CREEK BRIDGE,Hook Creek Shoreline,Dead end,20394.0,23108.0,14010.0,57512.0,2,two_directions
34815,Queens,2022-06-24,2022,6,24,65967,POINT (1000731.5336691153 209191.80335594836),HUNTERS POINT BRIDGE,Dead End,Dutch Kills Shoreline,317.0,431.0,182.0,930.0,1,one_direction
34815,Queens,2022-06-24,2022,6,24,189271,POINT (1000124.7052589084 208538.8773739439),BORDEN AVENUE BRIDGE,Borden Avenue,Dead end,4051.0,6617.0,3803.0,14471.0,2,two_directions
34815,Queens,2022-06-25,2022,6,25,62497,POINT (1056415.1868210472 170827.2200271171),HOOK CREEK BRIDGE,Hook Creek Shoreline,Dead end,13223.0,16976.0,13244.0,43443.0,2,two_directions
34815,Queens,2022-06-25,2022,6,25,65967,POINT (1000731.5336691153 209191.80335594836),HUNTERS POINT BRIDGE,Dead End,Dutch Kills Shoreline,128.0,167.0,113.0,408.0,1,one_direction
34815,Queens,2022-06-25,2022,6,25,189271,POINT (1000124.7052589084 208538.8773739439),BORDEN AVENUE BRIDGE,Borden Avenue,Dead end,2543.0,3930.0,3313.0,9786.0,2,two_directions
34815,Queens,2022-06-26,2022,6,26,62497,POINT (1056415.1868210472 170827.2200271171),HOOK CREEK BRIDGE,Hook Creek Shoreline,Dead end,11874.0,16977.0,12967.0,41818.0,2,two_directions
34815,Queens,2022-06-26,2022,6,26,65967,POINT (1000731.5336691153 209191.80335594836),HUNTERS POINT BRIDGE,Dead End,Dutch Kills Shoreline,55.0,100.0,98.0,253.0,1,one_direction
34815,Queens,2022-06-26,2022,6,26,189271,POINT (1000124.7052589084 208538.8773739439),BORDEN AVENUE BRIDGE,Borden Avenue,Dead end,1763.0,3349.0,2787.0,7899.0,2,two_directions
34815,Queens,2022-06-27,2022,6,27,62497,POINT (1056415.1868210472 170827.2200271171),HOOK CREEK BRIDGE,Hook Creek Shoreline,Dead end,13607.0,16495.0,12022.0,42124.0,2,two_directions
34815,Queens,2022-06-27,2022,6,27,65967,POINT (1000731.5336691153 209191.80335594836),HUNTERS POINT BRIDGE,Dead End,Dutch Kills Shoreline,321.0,429.0,141.0,891.0,1,one_direction
34815,Queens,2022-06-27,2022,6,27,189271,POINT (1000124.7052589084 208538.8773739439),BORDEN AVENUE BRIDGE,Borden Avenue,Dead end,3910.0,5362.0,2643.0,11915.0,2,two_directions
34815,Queens,2022-06-28,2022,6,28,62497,POINT (1056415.1868210472 170827.2200271171),HOOK CREEK BRIDGE,Hook Creek Shoreline,Dead end,13682.0,16933.0,13578.0,44193.0,2,two_directions
34815,Queens,2022-06-28,2022,6,28,102994,POINT (1067176.7350721152 208645.26446477076),HILLSIDE AVENUE,268 Street,Langdale Street,2668.0,4394.0,3143.0,10205.0,1,one_direction
34815,Queens,2022-06-28,2022,6,28,117626,POINT (1057869.2961045634 220710.07433035847),NORTHERN BOULEVARD,Morgan Street,Glenwood Street,5238.0,6400.0,3212.0,14850.0,1,one_direction
34815,Queens,2022-06-29,2022,6,29,102994,POINT (1067176.7350721152 208645.26446477076),HILLSIDE AVENUE,268 Street,Langdale Street,3071.0,4835.0,3046.0,10952.0,1,one_direction
34815,Queens,2022-06-29,2022,6,29,117626,POINT (1057869.2961045634 220710.07433035847),NORTHERN BOULEVARD,Morgan Street,Glenwood Street,5169.0,6324.0,2744.0,14237.0,1,one_direction
34830,Manhattan,2022-04-25,2022,4,25,70835,POINT (1001151.2273667689 240554.26046433247),FREDERICK DOUGLASS BOULEVARD,West 151 Street,West 152 Street,2057.0,2853.0,2105.0,7015.0,2,two_directions
34830,Manhattan,2022-04-26,2022,4,26,70835,POINT (1001151.2273667689 240554.26046433247),FREDERICK DOUGLASS BOULEVARD,West 151 Street,West 152 Street,2347.0,3055.0,2160.0,7562.0,2,two_directions
34830,Manhattan,2022-04-27,2022,4,27,70835,POINT (1001151.2273667689 240554.26046433247),FREDERICK DOUGLASS BOULEVARD,West 151 Street,West 152 Street,2448.0,2904.0,2216.0,7568.0,2,two_directions
34830,Manhattan,2022-04-28,2022,4,28,70835,POINT (1001151.2273667689 240554.26046433247),FREDERICK DOUGLASS BOULEVARD,West 151 Street,West 152 Street,2434.0,3279.0,2534.0,8247.0,2,two_directions
34830,Manhattan,2022-04-29,2022,4,29,70835,POINT (1001151.2273667689 240554.26046433247),FREDERICK DOUGLASS BOULEVARD,West 151 Street,West 152 Street,2291.0,3075.0,2869.0,8235.0,2,two_directions
34830,Manhattan,2022-04-30,2022,4,30,70835,POINT (1001151.2273667689 240554.26046433247),FREDERICK DOUGLASS BOULEVARD,West 151 Street,West 152 Street,1612.0,3259.0,3323.0,8194.0,2,two_directions
34830,Manhattan,2022-05-01,2022,5,1,70835,POINT (1001151.2273667689 240554.26046433247),FREDERICK DOUGLASS BOULEVARD,West 151 Street,West 152 Street,2306.0,3285.0,2343.0,7934.0,2,two_directions
34838,Brooklyn,2022-03-22,2022,3,22,27270,POINT (996869.1714062487 163690.25231786823),OCEAN AVENUE,Avenue O,Avenue N,3335.0,3152.0,1964.0,8451.0,1,one_direction
34838,Brooklyn,2022-03-23,2022,3,23,27270,POINT (996869.1714062487 163690.25231786823),OCEAN AVENUE,Avenue O,Avenue N,3320.0,3068.0,1942.0,8330.0,1,one_direction
34871,Brooklyn,2022-05-02,2022,5,2,157501,POINT (988139.0101471207 151150.7898290525),CROPSEY AVENUE BRIDGE,Cropsey Avenue,Dead end,3961.0,4751.0,3185.0,11897.0,1,one_direction
34871,Brooklyn,2022-05-02,2022,5,2,191114,POINT (988196.2066565892 151174.84438021845),CROPSEY AVENUE BRIDGE,Coney Island Creek Shoreline,Dead end,4383.0,6503.0,3680.0,14566.0,1,one_direction
34871,Brooklyn,2022-05-03,2022,5,3,157501,POINT (988139.0101471207 151150.7898290525),CROPSEY AVENUE BRIDGE,Cropsey Avenue,Dead end,4818.0,5226.0,3493.0,13537.0,1,one_direction
34871,Brooklyn,2022-05-03,2022,5,3,191114,POINT (988196.2066565892 151174.84438021845),CROPSEY AVENUE BRIDGE,Coney Island Creek Shoreline,Dead end,4895.0,6612.0,3676.0,15183.0,1,one_direction
34871,Brooklyn,2022-05-04,2022,5,4,157501,POINT (988139.0101471207 151150.7898290525),CROPSEY AVENUE BRIDGE,Cropsey Avenue,Dead end,4590.0,5170.0,3654.0,13414.0,1,one_direction
34871,Brooklyn,2022-05-04,2022,5,4,191114,POINT (988196.2066565892 151174.84438021845),CROPSEY AVENUE BRIDGE,Coney Island Creek Shoreline,Dead end,4571.0,6302.0,3914.0,14787.0,1,one_direction
34871,Brooklyn,2022-05-05,2022,5,5,157501,POINT (988139.0101471207 151150.7898290525),CROPSEY AVENUE BRIDGE,Cropsey Avenue,Dead end,4886.0,5040.0,3672.0,13598.0,1,one_direction
34871,Brooklyn,2022-05-05,2022,5,5,191114,POINT (988196.2066565892 151174.84438021845),CROPSEY AVENUE BRIDGE,Coney Island Creek Shoreline,Dead end,5082.0,7051.0,4083.0,16216.0,1,one_direction
34871,Brooklyn,2022-05-06,2022,5,6,157501,POINT (988139.0101471207 151150.7898290525),CROPSEY AVENUE BRIDGE,Cropsey Avenue,Dead end,4680.0,3077.0,1887.0,9644.0,1,one_direction
34871,Brooklyn,2022-05-06,2022,5,6,191114,POINT (988196.2066565892 151174.84438021845),CROPSEY AVENUE BRIDGE,Coney Island Creek Shoreline,Dead end,4878.0,6908.0,3654.0,15440.0,1,one_direction
34871,Brooklyn,2022-05-07,2022,5,7,157501,POINT (988139.0101471207 151150.7898290525),CROPSEY AVENUE BRIDGE,Cropsey Avenue,Dead end,2105.0,2724.0,3137.0,7966.0,1,one_direction
34871,Brooklyn,2022-05-07,2022,5,7,191114,POINT (988196.2066565892 151174.84438021845),CROPSEY AVENUE BRIDGE,Coney Island Creek Shoreline,Dead end,4034.0,6193.0,3475.0,13702.0,1,one_direction
34903,Queens,2022-05-12,2022,5,12,77104,POINT (1015029.50289154 223906.76034060976),RIKERS ISLAND BRIDGE,Rikers Is Bridge,Dead end,949.0,2396.0,1638.0,4983.0,1,one_direction
34903,Queens,2022-05-12,2022,5,12,177615,POINT (1028931.8143046284 215115.26618027306),ROOSEVELT AVENUE BRIDGE,Flushing Line,Flushing Line,4767.0,6863.0,3868.0,15498.0,2,two_directions
34903,Queens,2022-05-13,2022,5,13,77104,POINT (1015029.50289154 223906.76034060976),RIKERS ISLAND BRIDGE,Rikers Is Bridge,Dead end,904.0,2100.0,1376.0,4380.0,1,one_direction
34903,Queens,2022-05-13,2022,5,13,177615,POINT (1028931.8143046284 215115.26618027306),ROOSEVELT AVENUE BRIDGE,Flushing Line,Flushing Line,4697.0,7396.0,4792.0,16885.0,2,two_directions
34903,Queens,2022-05-14,2022,5,14,77104,POINT (1015029.50289154 223906.76034060976),RIKERS ISLAND BRIDGE,Rikers Is Bridge,Dead end,400.0,950.0,781.0,2131.0,1,one_direction
34903,Queens,2022-05-14,2022,5,14,177615,POINT (1028931.8143046284 215115.26618027306),ROOSEVELT AVENUE BRIDGE,Flushing Line,Flushing Line,4749.0,6948.0,4858.0,16555.0,2,two_directions
34903,Queens,2022-05-15,2022,5,15,77104,POINT (1015029.50289154 223906.76034060976),RIKERS ISLAND BRIDGE,Rikers Is Bridge,Dead end,328.0,796.0,775.0,1899.0,1,one_direction
34903,Queens,2022-05-15,2022,5,15,177615,POINT (1028931.8143046284 215115.26618027306),ROOSEVELT AVENUE BRIDGE,Flushing Line,Flushing Line,4571.0,7319.0,4369.0,16259.0,2,two_directions
34903,Queens,2022-05-16,2022,5,16,77104,POINT (1015029.50289154 223906.76034060976),RIKERS ISLAND BRIDGE,Rikers Is Bridge,Dead end,568.0,1636.0,1537.0,3741.0,1,one_direction
34903,Queens,2022-05-16,2022,5,16,177615,POINT (1028931.8143046284 215115.26618027306),ROOSEVELT AVENUE BRIDGE,Flushing Line,Flushing Line,5086.0,7105.0,3527.0,15718.0,2,two_directions
34903,Queens,2022-05-17,2022,5,17,77104,POINT (1015029.50289154 223906.76034060976),RIKERS ISLAND BRIDGE,Rikers Is Bridge,Dead end,937.0,2130.0,1419.0,4486.0,1,one_direction
34903,Queens,2022-05-17,2022,5,17,177615,POINT (1028931.8143046284 215115.26618027306),ROOSEVELT AVENUE BRIDGE,Flushing Line,Flushing Line,5635.0,7134.0,3956.0,16725.0,2,two_directions
34903,Queens,2022-05-18,2022,5,18,77104,POINT (1015029.50289154 223906.76034060976),RIKERS ISLAND BRIDGE,Rikers Is Bridge,Dead end,900.0,2373.0,1591.0,4864.0,1,one_direction
34903,Queens,2022-05-18,2022,5,18,177615,POINT (1028931.8143046284 215115.26618027306),ROOSEVELT AVENUE BRIDGE,Flushing Line,Flushing Line,4862.0,6898.0,3456.0,15216.0,2,two_directions
34903,Queens,2022-05-19,2022,5,19,77104,POINT (1015029.50289154 223906.76034060976),RIKERS ISLAND BRIDGE,Rikers Is Bridge,Dead end,877.0,2282.0,1569.0,4728.0,1,one_direction
34903,Queens,2022-05-19,2022,5,19,177615,POINT (1028931.8143046284 215115.26618027306),ROOSEVELT AVENUE BRIDGE,Flushing Line,Flushing Line,4941.0,6754.0,3467.0,15162.0,2,two_directions
34903,Queens,2022-05-20,2022,5,20,77104,POINT (1015029.50289154 223906.76034060976),RIKERS ISLAND BRIDGE,Rikers Is Bridge,Dead end,921.0,1999.0,1290.0,4210.0,1,one_direction
34903,Queens,2022-05-20,2022,5,20,177615,POINT (1028931.8143046284 215115.26618027306),ROOSEVELT AVENUE BRIDGE,Flushing Line,Flushing Line,4842.0,7361.0,4277.0,16480.0,2,two_directions
34903,Queens,2022-05-21,2022,5,21,77104,POINT (1015029.50289154 223906.76034060976),RIKERS ISLAND BRIDGE,Rikers Is Bridge,Dead end,347.0,776.0,831.0,1954.0,1,one_direction
34903,Queens,2022-05-21,2022,5,21,177615,POINT (1028931.8143046284 215115.26618027306),ROOSEVELT AVENUE BRIDGE,Flushing Line,Flushing Line,5419.0,7024.0,4350.0,16793.0,2,two_directions
34903,Queens,2022-05-22,2022,5,22,77104,POINT (1015029.50289154 223906.76034060976),RIKERS ISLAND BRIDGE,Rikers Is Bridge,Dead end,396.0,868.0,827.0,2091.0,1,one_direction
34903,Queens,2022-05-22,2022,5,22,177615,POINT (1028931.8143046284 215115.26618027306),ROOSEVELT AVENUE BRIDGE,Flushing Line,Flushing Line,4461.0,6267.0,3285.0,14013.0,2,two_directions
34903,Queens,2022-05-23,2022,5,23,77104,POINT (1015029.50289154 223906.76034060976),RIKERS ISLAND BRIDGE,Rikers Is Bridge,Dead end,968.0,2197.0,1470.0,4635.0,1,one_direction
34903,Queens,2022-05-23,2022,5,23,177615,POINT (1028931.8143046284 215115.26618027306),ROOSEVELT AVENUE BRIDGE,Flushing Line,Flushing Line,4948.0,6439.0,3365.0,14752.0,2,two_directions
34903,Queens,2022-05-24,2022,5,24,77104,POINT (1015029.50289154 223906.76034060976),RIKERS ISLAND BRIDGE,Rikers Is Bridge,Dead end,893.0,2227.0,1589.0,4709.0,1,one_direction
34903,Queens,2022-05-24,2022,5,24,177615,POINT (1028931.8143046284 215115.26618027306),ROOSEVELT AVENUE BRIDGE,Flushing Line,Flushing Line,5053.0,6445.0,3124.0,14622.0,2,two_directions
34903,Queens,2022-05-25,2022,5,25,77104,POINT (1015029.50289154 223906.76034060976),RIKERS ISLAND BRIDGE,Rikers Is Bridge,Dead end,973.0,2416.0,1645.0,5034.0,1,one_direction
34903,Queens,2022-05-25,2022,5,25,177615,POINT (1028931.8143046284 215115.26618027306),ROOSEVELT AVENUE BRIDGE,Flushing Line,Flushing Line,4885.0,6475.0,3513.0,14873.0,2,two_directions
34914,Queens,2022-04-24,2022,4,24,67310,POINT (1001597.1926700982 215903.61032585026),21 STREET,36 Avenue,37 Avenue,3884.0,8016.0,5934.0,17834.0,2,two_directions
34982,Bronx,2022-07-23,2022,7,23,70316,POINT (1008454.428333798 232664.3916043521),JACKSON AVENUE,East 138 Street,East 139 Street,305.0,389.0,311.0,1005.0,1,one_direction
34982,Bronx,2022-07-23,2022,7,23,70500,POINT (1009171.2191179921 233744.87507190683),CONCORD AVENUE,East 142 Street,St Marys Street,165.0,260.0,188.0,613.0,1,one_direction
34982,Bronx,2022-07-24,2022,7,24,70316,POINT (1008454.428333798 232664.3916043521),JACKSON AVENUE,East 138 Street,East 139 Street,161.0,307.0,246.0,714.0,1,one_direction
34982,Bronx,2022-07-24,2022,7,24,70500,POINT (1009171.2191179921 233744.87507190683),CONCORD AVENUE,East 142 Street,St Marys Street,123.0,179.0,141.0,443.0,1,one_direction
34982,Bronx,2022-07-25,2022,7,25,70316,POINT (1008454.428333798 232664.3916043521),JACKSON AVENUE,East 138 Street,East 139 Street,374.0,564.0,284.0,1222.0,1,one_direction
34982,Bronx,2022-07-25,2022,7,25,70500,POINT (1009171.2191179921 233744.87507190683),CONCORD AVENUE,East 142 Street,St Marys Street,199.0,242.0,156.0,597.0,1,one_direction
34982,Bronx,2022-07-26,2022,7,26,70316,POINT (1008454.428333798 232664.3916043521),JACKSON AVENUE,East 138 Street,East 139 Street,403.0,604.0,298.0,1305.0,1,one_direction
34982,Bronx,2022-07-26,2022,7,26,70500,POINT (1009171.2191179921 233744.87507190683),CONCORD AVENUE,East 142 Street,St Marys Street,200.0,248.0,168.0,616.0,1,one_direction
34982,Bronx,2022-07-27,2022,7,27,70316,POINT (1008454.428333798 232664.3916043521),JACKSON AVENUE,East 138 Street,East 139 Street,358.0,555.0,287.0,1200.0,1,one_direction
34982,Bronx,2022-07-27,2022,7,27,70500,POINT (1009171.2191179921 233744.87507190683),CONCORD AVENUE,East 142 Street,St Marys Street,211.0,260.0,172.0,643.0,1,one_direction
34982,Bronx,2022-07-28,2022,7,28,70316,POINT (1008454.428333798 232664.3916043521),JACKSON AVENUE,East 138 Street,East 139 Street,364.0,608.0,312.0,1284.0,1,one_direction
34982,Bronx,2022-07-28,2022,7,28,70500,POINT (1009171.2191179921 233744.87507190683),CONCORD AVENUE,East 142 Street,St Marys Street,208.0,243.0,186.0,637.0,1,one_direction
34982,Bronx,2022-07-29,2022,7,29,70316,POINT (1008454.428333798 232664.3916043521),JACKSON AVENUE,East 138 Street,East 139 Street,381.0,651.0,329.0,1361.0,1,one_direction
34982,Bronx,2022-07-29,2022,7,29,70500,POINT (1009171.2191179921 233744.87507190683),CONCORD AVENUE,East 142 Street,St Marys Street,224.0,280.0,166.0,670.0,1,one_direction
34982,Bronx,2022-07-30,2022,7,30,70316,POINT (1008454.428333798 232664.3916043521),JACKSON AVENUE,East 138 Street,East 139 Street,253.0,450.0,287.0,990.0,1,one_direction
34982,Bronx,2022-07-30,2022,7,30,70500,POINT (1009171.2191179921 233744.87507190683),CONCORD AVENUE,East 142 Street,St Marys Street,152.0,233.0,178.0,563.0,1,one_direction
34982,Bronx,2022-07-31,2022,7,31,70316,POINT (1008454.428333798 232664.3916043521),JACKSON AVENUE,East 138 Street,East 139 Street,136.0,303.0,242.0,681.0,1,one_direction
34982,Bronx,2022-07-31,2022,7,31,70500,POINT (1009171.2191179921 233744.87507190683),CONCORD AVENUE,East 142 Street,St Marys Street,95.0,165.0,170.0,430.0,1,one_direction
34982,Bronx,2022-08-01,2022,8,1,70316,POINT (1008454.428333798 232664.3916043521),JACKSON AVENUE,East 138 Street,East 139 Street,368.0,562.0,270.0,1200.0,1,one_direction
34982,Bronx,2022-08-01,2022,8,1,70500,POINT (1009171.2191179921 233744.87507190683),CONCORD AVENUE,East 142 Street,St Marys Street,185.0,227.0,164.0,576.0,1,one_direction
34982,Bronx,2022-08-02,2022,8,2,70316,POINT (1008454.428333798 232664.3916043521),JACKSON AVENUE,East 138 Street,East 139 Street,405.0,593.0,294.0,1292.0,1,one_direction
34982,Bronx,2022-08-02,2022,8,2,70500,POINT (1009171.2191179921 233744.87507190683),CONCORD AVENUE,East 142 Street,St Marys Street,208.0,268.0,145.0,621.0,1,one_direction
34982,Bronx,2022-08-03,2022,8,3,70316,POINT (1008454.428333798 232664.3916043521),JACKSON AVENUE,East 138 Street,East 139 Street,329.0,536.0,330.0,1195.0,1,one_direction
34982,Bronx,2022-08-03,2022,8,3,70500,POINT (1009171.2191179921 233744.87507190683),CONCORD AVENUE,East 142 Street,St Marys Street,217.0,252.0,180.0,649.0,1,one_direction
34982,Bronx,2022-08-04,2022,8,4,70316,POINT (1008454.428333798 232664.3916043521),JACKSON AVENUE,East 138 Street,East 139 Street,369.0,602.0,358.0,1329.0,1,one_direction
34982,Bronx,2022-08-04,2022,8,4,70500,POINT (1009171.2191179921 233744.87507190683),CONCORD AVENUE,East 142 Street,St Marys Street,202.0,260.0,162.0,624.0,1,one_direction
34982,Bronx,2022-08-05,2022,8,5,70316,POINT (1008454.428333798 232664.3916043521),JACKSON AVENUE,East 138 Street,East 139 Street,431.0,662.0,333.0,1426.0,1,one_direction
34982,Bronx,2022-08-05,2022,8,5,70500,POINT (1009171.2191179921 233744.87507190683),CONCORD AVENUE,East 142 Street,St Marys Street,223.0,256.0,213.0,692.0,1,one_direction
35125,Bronx,2022-06-06,2022,6,6,146398,POINT (1030287.7071465363 255628.5350335653),BARTOW AVENUE,Dead End,Dead end,5610.0,8999.0,5109.0,19718.0,2,two_directions
35125,Bronx,2022-06-07,2022,6,7,146398,POINT (1030287.7071465363 255628.5350335653),BARTOW AVENUE,Dead End,Dead end,5525.0,9375.0,4963.0,19863.0,2,two_directions
35125,Bronx,2022-06-08,2022,6,8,146398,POINT (1030287.7071465363 255628.5350335653),BARTOW AVENUE,Dead End,Dead end,5615.0,9342.0,5480.0,20437.0,2,two_directions
35125,Bronx,2022-06-09,2022,6,9,146398,POINT (1030287.7071465363 255628.5350335653),BARTOW AVENUE,Dead End,Dead end,5331.0,8860.0,5345.0,19536.0,2,two_directions
35125,Bronx,2022-06-10,2022,6,10,146398,POINT (1030287.7071465363 255628.5350335653),BARTOW AVENUE,Dead End,Dead end,6036.0,10088.0,6240.0,22364.0,2,two_directions
35277,Bronx,2022-09-10,2022,9,10,78647,POINT (1013500.1889273918 243415.14997490722),BOSTON ROAD,Stebbins Avenue,Louis Nine Boulevard,1292.0,2688.0,2014.0,5994.0,1,one_direction
35277,Bronx,2022-09-10,2022,9,10,78649,POINT (1013615.0073148791 243562.9436696943),BOSTON ROAD,Dead end,Louis Nine Boulevard,1929.0,3910.0,2389.0,8228.0,1,one_direction
35277,Bronx,2022-09-11,2022,9,11,78647,POINT (1013500.1889273918 243415.14997490722),BOSTON ROAD,Stebbins Avenue,Louis Nine Boulevard,1068.0,2300.0,1042.0,4410.0,1,one_direction
35277,Bronx,2022-09-11,2022,9,11,78649,POINT (1013615.0073148791 243562.9436696943),BOSTON ROAD,Dead end,Louis Nine Boulevard,1405.0,2794.0,1906.0,6105.0,1,one_direction
35277,Bronx,2022-09-12,2022,9,12,78647,POINT (1013500.1889273918 243415.14997490722),BOSTON ROAD,Stebbins Avenue,Louis Nine Boulevard,1735.0,2838.0,1371.0,5944.0,1,one_direction
35277,Bronx,2022-09-12,2022,9,12,78649,POINT (1013615.0073148791 243562.9436696943),BOSTON ROAD,Dead end,Louis Nine Boulevard,3256.0,4138.0,1702.0,9096.0,1,one_direction
35277,Bronx,2022-09-13,2022,9,13,78647,POINT (1013500.1889273918 243415.14997490722),BOSTON ROAD,Stebbins Avenue,Louis Nine Boulevard,1777.0,2747.0,1399.0,5923.0,1,one_direction
35277,Bronx,2022-09-13,2022,9,13,78649,POINT (1013615.0073148791 243562.9436696943),BOSTON ROAD,Dead end,Louis Nine Boulevard,3390.0,3548.0,2076.0,9014.0,1,one_direction
35277,Bronx,2022-09-14,2022,9,14,78647,POINT (1013500.1889273918 243415.14997490722),BOSTON ROAD,Stebbins Avenue,Louis Nine Boulevard,1641.0,2822.0,1456.0,5919.0,1,one_direction
35277,Bronx,2022-09-14,2022,9,14,78649,POINT (1013615.0073148791 243562.9436696943),BOSTON ROAD,Dead end,Louis Nine Boulevard,3609.0,3685.0,2041.0,9335.0,1,one_direction
35277,Bronx,2022-09-15,2022,9,15,78647,POINT (1013500.1889273918 243415.14997490722),BOSTON ROAD,Stebbins Avenue,Louis Nine Boulevard,1321.0,2115.0,1287.0,4723.0,1,one_direction
35277,Bronx,2022-09-15,2022,9,15,78649,POINT (1013615.0073148791 243562.9436696943),BOSTON ROAD,Dead end,Louis Nine Boulevard,3684.0,4033.0,2044.0,9761.0,1,one_direction
35277,Bronx,2022-09-15,2022,9,15,78772,POINT (1014648.2270330323 243872.60395148286),BOSTON ROAD,Seabury Place,East 173 Street,2574.0,4184.0,2070.0,8828.0,1,one_direction
35277,Bronx,2022-09-15,2022,9,15,175913,POINT (1014797.2336232725 243973.7245036568),BOSTON ROAD,Dead end,East 173 Street,2554.0,2924.0,1325.0,6803.0,1,one_direction
35277,Bronx,2022-09-16,2022,9,16,78647,POINT (1013500.1889273918 243415.14997490722),BOSTON ROAD,Stebbins Avenue,Louis Nine Boulevard,1897.0,3518.0,2131.0,7546.0,1,one_direction
35277,Bronx,2022-09-16,2022,9,16,78649,POINT (1013615.0073148791 243562.9436696943),BOSTON ROAD,Dead end,Louis Nine Boulevard,3509.0,3800.0,2557.0,9866.0,1,one_direction
35277,Bronx,2022-09-16,2022,9,16,78772,POINT (1014648.2270330323 243872.60395148286),BOSTON ROAD,Seabury Place,East 173 Street,2816.0,4404.0,3060.0,10280.0,1,one_direction
35277,Bronx,2022-09-16,2022,9,16,175913,POINT (1014797.2336232725 243973.7245036568),BOSTON ROAD,Dead end,East 173 Street,2593.0,2881.0,1199.0,6673.0,1,one_direction
35277,Bronx,2022-09-17,2022,9,17,78647,POINT (1013500.1889273918 243415.14997490722),BOSTON ROAD,Stebbins Avenue,Louis Nine Boulevard,1261.0,2610.0,1961.0,5832.0,1,one_direction
35277,Bronx,2022-09-17,2022,9,17,78649,POINT (1013615.0073148791 243562.9436696943),BOSTON ROAD,Dead end,Louis Nine Boulevard,1848.0,3719.0,2410.0,7977.0,1,one_direction
35277,Bronx,2022-09-17,2022,9,17,78772,POINT (1014648.2270330323 243872.60395148286),BOSTON ROAD,Seabury Place,East 173 Street,1789.0,3507.0,2773.0,8069.0,1,one_direction
35277,Bronx,2022-09-17,2022,9,17,175913,POINT (1014797.2336232725 243973.7245036568),BOSTON ROAD,Dead end,East 173 Street,1554.0,2793.0,1579.0,5926.0,1,one_direction
35277,Bronx,2022-09-18,2022,9,18,78647,POINT (1013500.1889273918 243415.14997490722),BOSTON ROAD,Stebbins Avenue,Louis Nine Boulevard,1064.0,2217.0,1005.0,4286.0,1,one_direction
35277,Bronx,2022-09-18,2022,9,18,78649,POINT (1013615.0073148791 243562.9436696943),BOSTON ROAD,Dead end,Louis Nine Boulevard,1317.0,2706.0,1841.0,5864.0,1,one_direction
35277,Bronx,2022-09-18,2022,9,18,78772,POINT (1014648.2270330323 243872.60395148286),BOSTON ROAD,Seabury Place,East 173 Street,1496.0,2973.0,2198.0,6667.0,1,one_direction
35277,Bronx,2022-09-18,2022,9,18,175913,POINT (1014797.2336232725 243973.7245036568),BOSTON ROAD,Dead end,East 173 Street,1248.0,2061.0,1228.0,4537.0,1,one_direction
35277,Bronx,2022-09-19,2022,9,19,78647,POINT (1013500.1889273918 243415.14997490722),BOSTON ROAD,Stebbins Avenue,Louis Nine Boulevard,1660.0,2739.0,1359.0,5758.0,1,one_direction
35277,Bronx,2022-09-19,2022,9,19,78649,POINT (1013615.0073148791 243562.9436696943),BOSTON ROAD,Dead end,Louis Nine Boulevard,3388.0,3781.0,1603.0,8772.0,1,one_direction
35277,Bronx,2022-09-19,2022,9,19,78772,POINT (1014648.2270330323 243872.60395148286),BOSTON ROAD,Seabury Place,East 173 Street,2562.0,4153.0,2043.0,8758.0,1,one_direction
35277,Bronx,2022-09-19,2022,9,19,175913,POINT (1014797.2336232725 243973.7245036568),BOSTON ROAD,Dead end,East 173 Street,2273.0,2769.0,995.0,6037.0,1,one_direction
35277,Bronx,2022-09-20,2022,9,20,78647,POINT (1013500.1889273918 243415.14997490722),BOSTON ROAD,Stebbins Avenue,Louis Nine Boulevard,1334.0,1933.0,1266.0,4533.0,1,one_direction
35277,Bronx,2022-09-20,2022,9,20,78649,POINT (1013615.0073148791 243562.9436696943),BOSTON ROAD,Dead end,Louis Nine Boulevard,3814.0,3735.0,1872.0,9421.0,1,one_direction
35277,Bronx,2022-09-20,2022,9,20,78772,POINT (1014648.2270330323 243872.60395148286),BOSTON ROAD,Seabury Place,East 173 Street,2506.0,4037.0,2318.0,8861.0,1,one_direction
35277,Bronx,2022-09-20,2022,9,20,175913,POINT (1014797.2336232725 243973.7245036568),BOSTON ROAD,Dead end,East 173 Street,2791.0,2898.0,1254.0,6943.0,1,one_direction
35277,Bronx,2022-09-21,2022,9,21,78647,POINT (1013500.1889273918 243415.14997490722),BOSTON ROAD,Stebbins Avenue,Louis Nine Boulevard,1576.0,2708.0,1410.0,5694.0,1,one_direction
35277,Bronx,2022-09-21,2022,9,21,78649,POINT (1013615.0073148791 243562.9436696943),BOSTON ROAD,Dead end,Louis Nine Boulevard,3473.0,3681.0,2024.0,9178.0,1,one_direction
35277,Bronx,2022-09-21,2022,9,21,78772,POINT (1014648.2270330323 243872.60395148286),BOSTON ROAD,Seabury Place,East 173 Street,2444.0,4089.0,2233.0,8766.0,1,one_direction
35277,Bronx,2022-09-21,2022,9,21,175913,POINT (1014797.2336232725 243973.7245036568),BOSTON ROAD,Dead end,East 173 Street,2694.0,3017.0,1339.0,7050.0,1,one_direction
35277,Bronx,2022-09-22,2022,9,22,78647,POINT (1013500.1889273918 243415.14997490722),BOSTON ROAD,Stebbins Avenue,Louis Nine Boulevard,1800.0,3120.0,1623.0,6543.0,1,one_direction
35277,Bronx,2022-09-22,2022,9,22,78649,POINT (1013615.0073148791 243562.9436696943),BOSTON ROAD,Dead end,Louis Nine Boulevard,3391.0,3623.0,1811.0,8825.0,1,one_direction
35277,Bronx,2022-09-22,2022,9,22,78772,POINT (1014648.2270330323 243872.60395148286),BOSTON ROAD,Seabury Place,East 173 Street,2714.0,3998.0,2206.0,8918.0,1,one_direction
35277,Bronx,2022-09-22,2022,9,22,175913,POINT (1014797.2336232725 243973.7245036568),BOSTON ROAD,Dead end,East 173 Street,2440.0,2738.0,1086.0,6264.0,1,one_direction
35277,Bronx,2022-09-23,2022,9,23,78647,POINT (1013500.1889273918 243415.14997490722),BOSTON ROAD,Stebbins Avenue,Louis Nine Boulevard,1924.0,3370.0,2218.0,7512.0,1,one_direction
35277,Bronx,2022-09-23,2022,9,23,78649,POINT (1013615.0073148791 243562.9436696943),BOSTON ROAD,Dead end,Louis Nine Boulevard,3375.0,4168.0,3007.0,10550.0,1,one_direction
35277,Bronx,2022-09-23,2022,9,23,78772,POINT (1014648.2270330323 243872.60395148286),BOSTON ROAD,Seabury Place,East 173 Street,2724.0,4198.0,2938.0,9860.0,1,one_direction
35277,Bronx,2022-09-23,2022,9,23,175913,POINT (1014797.2336232725 243973.7245036568),BOSTON ROAD,Dead end,East 173 Street,2616.0,3304.0,1738.0,7658.0,1,one_direction
35345,Brooklyn,2022-10-17,2022,10,17,21729,POINT (982310.6630536563 186666.8306284043),DELEVAN STREET,Dwight Street,Richards Street,343.0,482.0,163.0,988.0,1,one_direction
35345,Brooklyn,2022-10-17,2022,10,17,21930,POINT (983891.4947389588 185875.96446629617),HAMILTON AVENUE,Clinton Street,Nelson Street,6460.0,6613.0,3813.0,16886.0,1,one_direction
35345,Brooklyn,2022-10-17,2022,10,17,22152,POINT (984114.0457737219 184963.18987223154),HAMILTON AVENUE,Mill Street,Centre Street,2859.0,4039.0,1877.0,8775.0,1,one_direction
35345,Brooklyn,2022-10-17,2022,10,17,9001332,POINT (981835.1633706734 185155.2781649611),LORRAINE STREET,Dead End,Columbia Street,187.0,274.0,146.0,607.0,1,one_direction
35345,Brooklyn,2022-10-18,2022,10,18,21729,POINT (982310.6630536563 186666.8306284043),DELEVAN STREET,Dwight Street,Richards Street,375.0,508.0,214.0,1097.0,1,one_direction
35345,Brooklyn,2022-10-18,2022,10,18,9001332,POINT (981835.1633706734 185155.2781649611),LORRAINE STREET,Dead End,Columbia Street,207.0,226.0,158.0,591.0,1,one_direction
35345,Brooklyn,2022-10-19,2022,10,19,21729,POINT (982310.6630536563 186666.8306284043),DELEVAN STREET,Dwight Street,Richards Street,371.0,511.0,224.0,1106.0,1,one_direction
35345,Brooklyn,2022-10-19,2022,10,19,9001332,POINT (981835.1633706734 185155.2781649611),LORRAINE STREET,Dead End,Columbia Street,205.0,281.0,134.0,620.0,1,one_direction
35345,Brooklyn,2022-10-20,2022,10,20,21729,POINT (982310.6630536563 186666.8306284043),DELEVAN STREET,Dwight Street,Richards Street,345.0,609.0,220.0,1174.0,1,one_direction
35345,Brooklyn,2022-10-20,2022,10,20,9001332,POINT (981835.1633706734 185155.2781649611),LORRAINE STREET,Dead End,Columbia Street,180.0,271.0,154.0,605.0,1,one_direction
35345,Brooklyn,2022-10-21,2022,10,21,21729,POINT (982310.6630536563 186666.8306284043),DELEVAN STREET,Dwight Street,Richards Street,423.0,585.0,265.0,1273.0,1,one_direction
35345,Brooklyn,2022-10-21,2022,10,21,21930,POINT (983891.4947389588 185875.96446629617),HAMILTON AVENUE,Clinton Street,Nelson Street,6168.0,7709.0,4887.0,18764.0,1,one_direction
35345,Brooklyn,2022-10-21,2022,10,21,22152,POINT (984114.0457737219 184963.18987223154),HAMILTON AVENUE,Mill Street,Centre Street,3336.0,4398.0,2549.0,10283.0,1,one_direction
35345,Brooklyn,2022-10-21,2022,10,21,9001332,POINT (981835.1633706734 185155.2781649611),LORRAINE STREET,Dead End,Columbia Street,195.0,278.0,192.0,665.0,1,one_direction
35409,Brooklyn,2022-09-08,2022,9,8,25946,POINT (996189.6097852588 154961.46238948335),AVENUE X,Sheepshead Bay Road,East 13 Street,1539.0,2369.0,1230.0,5138.0,2,two_directions
35409,Brooklyn,2022-09-09,2022,9,9,25946,POINT (996189.6097852588 154961.46238948335),AVENUE X,Sheepshead Bay Road,East 13 Street,1417.0,2541.0,1187.0,5145.0,2,two_directions
35409,Brooklyn,2022-09-10,2022,9,10,25946,POINT (996189.6097852588 154961.46238948335),AVENUE X,Sheepshead Bay Road,East 13 Street,763.0,1405.0,966.0,3134.0,2,two_directions
35409,Brooklyn,2022-09-11,2022,9,11,25946,POINT (996189.6097852588 154961.46238948335),AVENUE X,Sheepshead Bay Road,East 13 Street,721.0,1452.0,859.0,3032.0,2,two_directions
35409,Brooklyn,2022-09-12,2022,9,12,25946,POINT (996189.6097852588 154961.46238948335),AVENUE X,Sheepshead Bay Road,East 13 Street,1399.0,2340.0,1067.0,4806.0,2,two_directions
35409,Brooklyn,2022-09-13,2022,9,13,25946,POINT (996189.6097852588 154961.46238948335),AVENUE X,Sheepshead Bay Road,East 13 Street,1386.0,2256.0,1158.0,4800.0,2,two_directions
35409,Brooklyn,2022-09-14,2022,9,14,25946,POINT (996189.6097852588 154961.46238948335),AVENUE X,Sheepshead Bay Road,East 13 Street,1507.0,2414.0,1151.0,5072.0,2,two_directions
35477,Brooklyn,2022-08-17,2022,8,17,157501,POINT (988139.0101471207 151150.7898290525),CROPSEY AVENUE BRIDGE,Cropsey Avenue,Dead end,3755.0,4144.0,3305.0,11204.0,1,one_direction
35477,Brooklyn,2022-08-17,2022,8,17,191114,POINT (988196.2066565892 151174.84438021845),CROPSEY AVENUE BRIDGE,Coney Island Creek Shoreline,Dead end,4333.0,6260.0,3943.0,14536.0,1,one_direction
35477,Brooklyn,2022-08-18,2022,8,18,157501,POINT (988139.0101471207 151150.7898290525),CROPSEY AVENUE BRIDGE,Cropsey Avenue,Dead end,3868.0,4068.0,3330.0,11266.0,1,one_direction
35477,Brooklyn,2022-08-18,2022,8,18,191114,POINT (988196.2066565892 151174.84438021845),CROPSEY AVENUE BRIDGE,Coney Island Creek Shoreline,Dead end,4505.0,6651.0,4171.0,15327.0,1,one_direction
35477,Brooklyn,2022-08-19,2022,8,19,157501,POINT (988139.0101471207 151150.7898290525),CROPSEY AVENUE BRIDGE,Cropsey Avenue,Dead end,4162.0,4887.0,4000.0,13049.0,1,one_direction
35477,Brooklyn,2022-08-19,2022,8,19,191114,POINT (988196.2066565892 151174.84438021845),CROPSEY AVENUE BRIDGE,Coney Island Creek Shoreline,Dead end,4588.0,6303.0,4514.0,15405.0,1,one_direction
35477,Brooklyn,2022-08-20,2022,8,20,157501,POINT (988139.0101471207 151150.7898290525),CROPSEY AVENUE BRIDGE,Cropsey Avenue,Dead end,3189.0,4289.0,3561.0,11039.0,1,one_direction
35477,Brooklyn,2022-08-20,2022,8,20,191114,POINT (988196.2066565892 151174.84438021845),CROPSEY AVENUE BRIDGE,Coney Island Creek Shoreline,Dead end,3912.0,6310.0,5436.0,15658.0,1,one_direction
35477,Brooklyn,2022-08-21,2022,8,21,157501,POINT (988139.0101471207 151150.7898290525),CROPSEY AVENUE BRIDGE,Cropsey Avenue,Dead end,2989.0,4016.0,3128.0,10133.0,1,one_direction
35477,Brooklyn,2022-08-21,2022,8,21,191114,POINT (988196.2066565892 151174.84438021845),CROPSEY AVENUE BRIDGE,Coney Island Creek Shoreline,Dead end,3327.0,6226.0,4451.0,14004.0,1,one_direction
35477,Brooklyn,2022-08-22,2022,8,22,157501,POINT (988139.0101471207 151150.7898290525),CROPSEY AVENUE BRIDGE,Cropsey Avenue,Dead end,3868.0,4709.0,3059.0,11636.0,1,one_direction
35477,Brooklyn,2022-08-22,2022,8,22,191114,POINT (988196.2066565892 151174.84438021845),CROPSEY AVENUE BRIDGE,Coney Island Creek Shoreline,Dead end,4167.0,6229.0,3411.0,13807.0,1,one_direction
35477,Brooklyn,2022-08-23,2022,8,23,157501,POINT (988139.0101471207 151150.7898290525),CROPSEY AVENUE BRIDGE,Cropsey Avenue,Dead end,4775.0,4936.0,3321.0,13032.0,1,one_direction
35477,Brooklyn,2022-08-23,2022,8,23,191114,POINT (988196.2066565892 151174.84438021845),CROPSEY AVENUE BRIDGE,Coney Island Creek Shoreline,Dead end,3764.0,6086.0,3883.0,13733.0,1,one_direction
35477,Brooklyn,2022-08-24,2022,8,24,157501,POINT (988139.0101471207 151150.7898290525),CROPSEY AVENUE BRIDGE,Cropsey Avenue,Dead end,3949.0,4946.0,3385.0,12280.0,1,one_direction
35477,Brooklyn,2022-08-24,2022,8,24,191114,POINT (988196.2066565892 151174.84438021845),CROPSEY AVENUE BRIDGE,Coney Island Creek Shoreline,Dead end,4214.0,6551.0,3895.0,14660.0,1,one_direction
35477,Brooklyn,2022-08-25,2022,8,25,157501,POINT (988139.0101471207 151150.7898290525),CROPSEY AVENUE BRIDGE,Cropsey Avenue,Dead end,3792.0,4822.0,3660.0,12274.0,1,one_direction
35477,Brooklyn,2022-08-25,2022,8,25,191114,POINT (988196.2066565892 151174.84438021845),CROPSEY AVENUE BRIDGE,Coney Island Creek Shoreline,Dead end,4466.0,6563.0,4788.0,15817.0,1,one_direction
35477,Brooklyn,2022-08-26,2022,8,26,157501,POINT (988139.0101471207 151150.7898290525),CROPSEY AVENUE BRIDGE,Cropsey Avenue,Dead end,4161.0,4884.0,4029.0,13074.0,1,one_direction
35477,Brooklyn,2022-08-26,2022,8,26,191114,POINT (988196.2066565892 151174.84438021845),CROPSEY AVENUE BRIDGE,Coney Island Creek Shoreline,Dead end,4559.0,6315.0,4537.0,15411.0,1,one_direction
35477,Brooklyn,2022-08-27,2022,8,27,157501,POINT (988139.0101471207 151150.7898290525),CROPSEY AVENUE BRIDGE,Cropsey Avenue,Dead end,3363.0,4385.0,3400.0,11148.0,1,one_direction
35477,Brooklyn,2022-08-27,2022,8,27,191114,POINT (988196.2066565892 151174.84438021845),CROPSEY AVENUE BRIDGE,Coney Island Creek Shoreline,Dead end,3957.0,6421.0,4941.0,15319.0,1,one_direction
35477,Brooklyn,2022-08-28,2022,8,28,157501,POINT (988139.0101471207 151150.7898290525),CROPSEY AVENUE BRIDGE,Cropsey Avenue,Dead end,2920.0,4173.0,3251.0,10344.0,1,one_direction
35477,Brooklyn,2022-08-28,2022,8,28,191114,POINT (988196.2066565892 151174.84438021845),CROPSEY AVENUE BRIDGE,Coney Island Creek Shoreline,Dead end,3441.0,6151.0,4420.0,14012.0,1,one_direction
35477,Brooklyn,2022-08-29,2022,8,29,157501,POINT (988139.0101471207 151150.7898290525),CROPSEY AVENUE BRIDGE,Cropsey Avenue,Dead end,3889.0,4587.0,3300.0,11776.0,1,one_direction
35477,Brooklyn,2022-08-29,2022,8,29,191114,POINT (988196.2066565892 151174.84438021845),CROPSEY AVENUE BRIDGE,Coney Island Creek Shoreline,Dead end,4319.0,6453.0,3751.0,14523.0,1,one_direction
35477,Brooklyn,2022-08-30,2022,8,30,157501,POINT (988139.0101471207 151150.7898290525),CROPSEY AVENUE BRIDGE,Cropsey Avenue,Dead end,4670.0,4940.0,3296.0,12906.0,1,one_direction
35477,Brooklyn,2022-08-30,2022,8,30,191114,POINT (988196.2066565892 151174.84438021845),CROPSEY AVENUE BRIDGE,Coney Island Creek Shoreline,Dead end,3789.0,6129.0,3850.0,13768.0,1,one_direction
35552,Brooklyn,2022-10-13,2022,10,13,27757,POINT (990153.3706428867 177463.72315313836),19 STREET,11 Avenue,Seeley Street,592.0,1067.0,853.0,2512.0,1,one_direction
35552,Brooklyn,2022-10-13,2022,10,13,27774,POINT (990494.3730569149 177523.96900506262),18 STREET,Vanderbilt Street,Seeley Street,211.0,392.0,177.0,780.0,1,one_direction
35552,Brooklyn,2022-10-13,2022,10,13,27775,POINT (990509.8177191352 177598.11246296816),SEELEY STREET,Culver/ 6 Avenue Line,18 Street,159.0,205.0,125.0,489.0,1,one_direction
35552,Brooklyn,2022-10-13,2022,10,13,163560,POINT (990434.2650687201 177559.98532412804),SEELEY STREET,Prospect Expressway,18 Street,825.0,1279.0,827.0,2931.0,1,one_direction
35552,Brooklyn,2022-10-14,2022,10,14,27757,POINT (990153.3706428867 177463.72315313836),19 STREET,11 Avenue,Seeley Street,652.0,1064.0,904.0,2620.0,1,one_direction
35552,Brooklyn,2022-10-14,2022,10,14,27774,POINT (990494.3730569149 177523.96900506262),18 STREET,Vanderbilt Street,Seeley Street,243.0,430.0,168.0,841.0,1,one_direction
35552,Brooklyn,2022-10-14,2022,10,14,27775,POINT (990509.8177191352 177598.11246296816),SEELEY STREET,Culver/ 6 Avenue Line,18 Street,172.0,251.0,137.0,560.0,1,one_direction
35552,Brooklyn,2022-10-14,2022,10,14,163560,POINT (990434.2650687201 177559.98532412804),SEELEY STREET,Prospect Expressway,18 Street,937.0,1286.0,884.0,3107.0,1,one_direction
35552,Brooklyn,2022-10-15,2022,10,15,27757,POINT (990153.3706428867 177463.72315313836),19 STREET,11 Avenue,Seeley Street,568.0,961.0,1005.0,2534.0,1,one_direction
35552,Brooklyn,2022-10-15,2022,10,15,27774,POINT (990494.3730569149 177523.96900506262),18 STREET,Vanderbilt Street,Seeley Street,150.0,271.0,140.0,561.0,1,one_direction
35552,Brooklyn,2022-10-15,2022,10,15,27775,POINT (990509.8177191352 177598.11246296816),SEELEY STREET,Culver/ 6 Avenue Line,18 Street,120.0,188.0,115.0,423.0,1,one_direction
35552,Brooklyn,2022-10-15,2022,10,15,163560,POINT (990434.2650687201 177559.98532412804),SEELEY STREET,Prospect Expressway,18 Street,758.0,1135.0,988.0,2881.0,1,one_direction
35552,Brooklyn,2022-10-16,2022,10,16,27757,POINT (990153.3706428867 177463.72315313836),19 STREET,11 Avenue,Seeley Street,507.0,946.0,844.0,2297.0,1,one_direction
35552,Brooklyn,2022-10-16,2022,10,16,27774,POINT (990494.3730569149 177523.96900506262),18 STREET,Vanderbilt Street,Seeley Street,130.0,255.0,120.0,505.0,1,one_direction
35552,Brooklyn,2022-10-16,2022,10,16,27775,POINT (990509.8177191352 177598.11246296816),SEELEY STREET,Culver/ 6 Avenue Line,18 Street,96.0,234.0,117.0,447.0,1,one_direction
35552,Brooklyn,2022-10-16,2022,10,16,163560,POINT (990434.2650687201 177559.98532412804),SEELEY STREET,Prospect Expressway,18 Street,672.0,1106.0,818.0,2596.0,1,one_direction
35653,Manhattan,2022-10-18,2022,10,18,136811,POINT (995814.4517053183 215896.87205204542),F D R DRIVE,Astoria Line,Dead end,27515.0,29092.0,29305.0,85912.0,2,two_directions
35653,Manhattan,2022-10-19,2022,10,19,136811,POINT (995814.4517053183 215896.87205204542),F D R DRIVE,Astoria Line,Dead end,18087.0,21510.0,30097.0,69694.0,2,two_directions
35653,Manhattan,2022-10-20,2022,10,20,136811,POINT (995814.4517053183 215896.87205204542),F D R DRIVE,Astoria Line,Dead end,14731.0,20231.0,33399.0,68361.0,2,two_directions
35653,Manhattan,2022-10-22,2022,10,22,34332,POINT (987087.2195708795 220744.5037073528),WEST END AVENUE,West 60 Street,West 61 Street,3648.0,5560.0,5047.0,14255.0,2,two_directions
35653,Manhattan,2022-10-22,2022,10,22,72887,POINT (1007807.3102189016 253610.3799800104),UNIVERSITY HEIGHTS BRIDGE,Harlem River Shoreline,Harlem River Shoreline,8564.0,14371.0,13087.0,36022.0,2,two_directions
35653,Manhattan,2022-10-23,2022,10,23,34332,POINT (987087.2195708795 220744.5037073528),WEST END AVENUE,West 60 Street,West 61 Street,3735.0,5615.0,3517.0,12867.0,2,two_directions
35653,Manhattan,2022-10-23,2022,10,23,72887,POINT (1007807.3102189016 253610.3799800104),UNIVERSITY HEIGHTS BRIDGE,Harlem River Shoreline,Harlem River Shoreline,7012.0,14837.0,11844.0,33693.0,2,two_directions
35653,Manhattan,2022-10-24,2022,10,24,34332,POINT (987087.2195708795 220744.5037073528),WEST END AVENUE,West 60 Street,West 61 Street,5123.0,6304.0,3900.0,15327.0,2,two_directions
35653,Manhattan,2022-10-24,2022,10,24,72887,POINT (1007807.3102189016 253610.3799800104),UNIVERSITY HEIGHTS BRIDGE,Harlem River Shoreline,Harlem River Shoreline,10693.0,15178.0,10514.0,36385.0,2,two_directions
35653,Manhattan,2022-10-25,2022,10,25,140031,POINT (994514.1690128858 216427.20589959164),ED KOCH QUEENSBORO BRIDGE,Ed Koch Queensboro Bridge Exit,Dead end,3639.0,4626.0,3400.0,11665.0,1,one_direction
35653,Manhattan,2022-10-25,2022,10,25,165609,POINT (994280.3710034192 216412.93992725015),ED KOCH QUEENSBORO BRIDGE APPR,2 Avenue,Dead end,8101.0,11136.0,10283.0,29520.0,1,one_direction
35653,Manhattan,2022-10-25,2022,10,25,165618,POINT (994394.2977600376 216457.3650562258),ED KOCH QUEENSBORO BRIDGE EXIT,Dead End,2 Avenue,7175.0,10097.0,7523.0,24795.0,1,one_direction
35653,Manhattan,2022-10-25,2022,10,25,9014212,POINT (985082.5324372944 196533.72263664615),BROOKLYN BRIDGE,Dead End,East River Shoreline,14139.0,16629.0,16818.0,47586.0,1,one_direction
35653,Manhattan,2022-10-26,2022,10,26,140031,POINT (994514.1690128858 216427.20589959164),ED KOCH QUEENSBORO BRIDGE,Ed Koch Queensboro Bridge Exit,Dead end,3609.0,4734.0,3465.0,11808.0,1,one_direction
35653,Manhattan,2022-10-26,2022,10,26,165609,POINT (994280.3710034192 216412.93992725015),ED KOCH QUEENSBORO BRIDGE APPR,2 Avenue,Dead end,8384.0,11078.0,10544.0,30006.0,1,one_direction
35653,Manhattan,2022-10-26,2022,10,26,165618,POINT (994394.2977600376 216457.3650562258),ED KOCH QUEENSBORO BRIDGE EXIT,Dead End,2 Avenue,7559.0,10012.0,8341.0,25912.0,1,one_direction
35653,Manhattan,2022-10-26,2022,10,26,9014212,POINT (985082.5324372944 196533.72263664615),BROOKLYN BRIDGE,Dead End,East River Shoreline,14202.0,17387.0,16388.0,47977.0,1,one_direction
35653,Manhattan,2022-10-27,2022,10,27,140031,POINT (994514.1690128858 216427.20589959164),ED KOCH QUEENSBORO BRIDGE,Ed Koch Queensboro Bridge Exit,Dead end,3630.0,4750.0,3469.0,11849.0,1,one_direction
35653,Manhattan,2022-10-27,2022,10,27,165609,POINT (994280.3710034192 216412.93992725015),ED KOCH QUEENSBORO BRIDGE APPR,2 Avenue,Dead end,8311.0,10501.0,10610.0,29422.0,1,one_direction
35653,Manhattan,2022-10-27,2022,10,27,165618,POINT (994394.2977600376 216457.3650562258),ED KOCH QUEENSBORO BRIDGE EXIT,Dead End,2 Avenue,6508.0,9260.0,7897.0,23665.0,1,one_direction
35653,Manhattan,2022-10-27,2022,10,27,9014212,POINT (985082.5324372944 196533.72263664615),BROOKLYN BRIDGE,Dead End,East River Shoreline,14078.0,16962.0,16638.0,47678.0,1,one_direction
35653,Manhattan,2022-10-28,2022,10,28,34332,POINT (987087.2195708795 220744.5037073528),WEST END AVENUE,West 60 Street,West 61 Street,5172.0,7060.0,5865.0,18097.0,2,two_directions
35653,Manhattan,2022-10-28,2022,10,28,72887,POINT (1007807.3102189016 253610.3799800104),UNIVERSITY HEIGHTS BRIDGE,Harlem River Shoreline,Harlem River Shoreline,10865.0,14484.0,12680.0,38029.0,2,two_directions
35653,Manhattan,2022-10-29,2022,10,29,34332,POINT (987087.2195708795 220744.5037073528),WEST END AVENUE,West 60 Street,West 61 Street,3203.0,5778.0,5174.0,14155.0,2,two_directions
35653,Manhattan,2022-10-29,2022,10,29,72887,POINT (1007807.3102189016 253610.3799800104),UNIVERSITY HEIGHTS BRIDGE,Harlem River Shoreline,Harlem River Shoreline,8289.0,13548.0,11764.0,33601.0,2,two_directions
35653,Manhattan,2022-10-30,2022,10,30,34332,POINT (987087.2195708795 220744.5037073528),WEST END AVENUE,West 60 Street,West 61 Street,2519.0,5405.0,3592.0,11516.0,2,two_directions
35653,Manhattan,2022-10-30,2022,10,30,72887,POINT (1007807.3102189016 253610.3799800104),UNIVERSITY HEIGHTS BRIDGE,Harlem River Shoreline,Harlem River Shoreline,6169.0,13617.0,10790.0,30576.0,2,two_directions
35653,Manhattan,2022-10-31,2022,10,31,34332,POINT (987087.2195708795 220744.5037073528),WEST END AVENUE,West 60 Street,West 61 Street,5396.0,6737.0,4495.0,16628.0,2,two_directions
35653,Manhattan,2022-10-31,2022,10,31,72887,POINT (1007807.3102189016 253610.3799800104),UNIVERSITY HEIGHTS BRIDGE,Harlem River Shoreline,Harlem River Shoreline,10415.0,14621.0,10057.0,35093.0,2,two_directions
35653,Manhattan,2022-11-01,2022,11,1,140062,POINT (1004021.9978427979 247356.44157370654),ALEXANDER HAMILTON BRIDGE,Dead End,Harlem River Shoreline,14154.0,14373.0,14271.0,42798.0,1,one_direction
35653,Manhattan,2022-11-01,2022,11,1,140064,POINT (1004009.9376747445 247299.3322981837),ALEXANDER HAMILTON BRIDGE,Dead End,Harlem River Shoreline,13885.0,19656.0,12292.0,45833.0,1,one_direction
35653,Manhattan,2022-11-01,2022,11,1,9009491,POINT (986216.4249932888 221052.7309176884),12 AVENUE,Dead End,Dead end,11623.0,17313.0,14970.0,43906.0,1,one_direction
35653,Manhattan,2022-11-01,2022,11,1,9009495,POINT (986160.4435548312 221075.3355551486),12 AVENUE,Dead End,Dead end,8091.0,18669.0,11553.0,38313.0,1,one_direction
35653,Manhattan,2022-11-02,2022,11,2,140062,POINT (1004021.9978427979 247356.44157370654),ALEXANDER HAMILTON BRIDGE,Dead End,Harlem River Shoreline,12383.0,13934.0,14895.0,41212.0,1,one_direction
35653,Manhattan,2022-11-02,2022,11,2,140064,POINT (1004009.9376747445 247299.3322981837),ALEXANDER HAMILTON BRIDGE,Dead End,Harlem River Shoreline,15214.0,17045.0,13613.0,45872.0,1,one_direction
35653,Manhattan,2022-11-02,2022,11,2,9009491,POINT (986216.4249932888 221052.7309176884),12 AVENUE,Dead End,Dead end,10657.0,18230.0,17863.0,46750.0,1,one_direction
35653,Manhattan,2022-11-02,2022,11,2,9009495,POINT (986160.4435548312 221075.3355551486),12 AVENUE,Dead End,Dead end,7457.0,19109.0,13088.0,39654.0,1,one_direction
35653,Manhattan,2022-11-03,2022,11,3,140062,POINT (1004021.9978427979 247356.44157370654),ALEXANDER HAMILTON BRIDGE,Dead End,Harlem River Shoreline,11535.0,15891.0,9725.0,37151.0,1,one_direction
35653,Manhattan,2022-11-03,2022,11,3,140064,POINT (1004009.9376747445 247299.3322981837),ALEXANDER HAMILTON BRIDGE,Dead End,Harlem River Shoreline,12629.0,16110.0,15932.0,44671.0,1,one_direction
35653,Manhattan,2022-11-03,2022,11,3,9009491,POINT (986216.4249932888 221052.7309176884),12 AVENUE,Dead End,Dead end,12063.0,18477.0,19331.0,49871.0,1,one_direction
35653,Manhattan,2022-11-03,2022,11,3,9009495,POINT (986160.4435548312 221075.3355551486),12 AVENUE,Dead End,Dead end,5877.0,20620.0,14319.0,40816.0,1,one_direction
35653,Manhattan,2022-11-04,2022,11,4,34332,POINT (987087.2195708795 220744.5037073528),WEST END AVENUE,West 60 Street,West 61 Street,5241.0,6943.0,5221.0,17405.0,2,two_directions
35653,Manhattan,2022-11-04,2022,11,4,72887,POINT (1007807.3102189016 253610.3799800104),UNIVERSITY HEIGHTS BRIDGE,Harlem River Shoreline,Harlem River Shoreline,11230.0,13926.0,11276.0,36432.0,2,two_directions
35662,Queens,2022-11-05,2022,11,5,67310,POINT (1001597.1926700982 215903.61032585026),21 STREET,36 Avenue,37 Avenue,4693.0,7322.0,5335.0,17350.0,2,two_directions
35662,Queens,2022-11-06,2022,11,6,67310,POINT (1001597.1926700982 215903.61032585026),21 STREET,36 Avenue,37 Avenue,3107.0,5270.0,4711.0,13088.0,2,two_directions
35662,Queens,2022-11-07,2022,11,7,67310,POINT (1001597.1926700982 215903.61032585026),21 STREET,36 Avenue,37 Avenue,5370.0,7098.0,5335.0,17803.0,2,two_directions
35707,Brooklyn,2022-12-03,2022,12,3,151243,POINT (1005914.698349244 161350.7984270509),FLATBUSH AVENUE,Avenue V,Avenue U,5749.0,8624.0,7371.0,21744.0,1,one_direction
35707,Brooklyn,2022-12-03,2022,12,3,157614,POINT (1005680.4152715789 161508.0459776141),FLATBUSH AVENUE,Dead End,Avenue U,3712.0,6023.0,4373.0,14108.0,1,one_direction
35707,Brooklyn,2022-12-04,2022,12,4,151243,POINT (1005914.698349244 161350.7984270509),FLATBUSH AVENUE,Avenue V,Avenue U,5202.0,9632.0,6598.0,21432.0,1,one_direction
35707,Brooklyn,2022-12-04,2022,12,4,157614,POINT (1005680.4152715789 161508.0459776141),FLATBUSH AVENUE,Dead End,Avenue U,3136.0,5699.0,3405.0,12240.0,1,one_direction
35707,Brooklyn,2022-12-05,2022,12,5,151243,POINT (1005914.698349244 161350.7984270509),FLATBUSH AVENUE,Avenue V,Avenue U,8784.0,11550.0,6911.0,27245.0,1,one_direction
35707,Brooklyn,2022-12-05,2022,12,5,157614,POINT (1005680.4152715789 161508.0459776141),FLATBUSH AVENUE,Dead End,Avenue U,4017.0,5692.0,3979.0,13688.0,1,one_direction
35707,Brooklyn,2022-12-06,2022,12,6,151243,POINT (1005914.698349244 161350.7984270509),FLATBUSH AVENUE,Avenue V,Avenue U,8850.0,10709.0,6868.0,26427.0,1,one_direction
35707,Brooklyn,2022-12-06,2022,12,6,157614,POINT (1005680.4152715789 161508.0459776141),FLATBUSH AVENUE,Dead End,Avenue U,4468.0,6119.0,4128.0,14715.0,1,one_direction
35707,Brooklyn,2022-12-07,2022,12,7,151243,POINT (1005914.698349244 161350.7984270509),FLATBUSH AVENUE,Avenue V,Avenue U,8447.0,9744.0,6465.0,24656.0,1,one_direction
35707,Brooklyn,2022-12-07,2022,12,7,157614,POINT (1005680.4152715789 161508.0459776141),FLATBUSH AVENUE,Dead End,Avenue U,4465.0,5596.0,3968.0,14029.0,1,one_direction
35707,Brooklyn,2022-12-08,2022,12,8,151243,POINT (1005914.698349244 161350.7984270509),FLATBUSH AVENUE,Avenue V,Avenue U,8942.0,10885.0,7390.0,27217.0,1,one_direction
35707,Brooklyn,2022-12-08,2022,12,8,157614,POINT (1005680.4152715789 161508.0459776141),FLATBUSH AVENUE,Dead End,Avenue U,4672.0,6296.0,4348.0,15316.0,1,one_direction
35707,Brooklyn,2022-12-09,2022,12,9,151243,POINT (1005914.698349244 161350.7984270509),FLATBUSH AVENUE,Avenue V,Avenue U,7961.0,9963.0,7190.0,25114.0,1,one_direction
35707,Brooklyn,2022-12-09,2022,12,9,157614,POINT (1005680.4152715789 161508.0459776141),FLATBUSH AVENUE,Dead End,Avenue U,4782.0,6403.0,4409.0,15594.0,1,one_direction
35707,Brooklyn,2022-12-10,2022,12,10,151243,POINT (1005914.698349244 161350.7984270509),FLATBUSH AVENUE,Avenue V,Avenue U,5969.0,9462.0,7711.0,23142.0,1,one_direction
35707,Brooklyn,2022-12-10,2022,12,10,157614,POINT (1005680.4152715789 161508.0459776141),FLATBUSH AVENUE,Dead End,Avenue U,3708.0,6275.0,4471.0,14454.0,1,one_direction
35707,Brooklyn,2022-12-11,2022,12,11,151243,POINT (1005914.698349244 161350.7984270509),FLATBUSH AVENUE,Avenue V,Avenue U,5451.0,10346.0,6959.0,22756.0,1,one_direction
35707,Brooklyn,2022-12-11,2022,12,11,157614,POINT (1005680.4152715789 161508.0459776141),FLATBUSH AVENUE,Dead End,Avenue U,3394.0,6209.0,3597.0,13200.0,1,one_direction
35707,Brooklyn,2022-12-12,2022,12,12,151243,POINT (1005914.698349244 161350.7984270509),FLATBUSH AVENUE,Avenue V,Avenue U,8416.0,9748.0,6022.0,24186.0,1,one_direction
35707,Brooklyn,2022-12-12,2022,12,12,157614,POINT (1005680.4152715789 161508.0459776141),FLATBUSH AVENUE,Dead End,Avenue U,4252.0,5159.0,3744.0,13155.0,1,one_direction
35707,Brooklyn,2022-12-13,2022,12,13,151243,POINT (1005914.698349244 161350.7984270509),FLATBUSH AVENUE,Avenue V,Avenue U,8652.0,10929.0,7134.0,26715.0,1,one_direction
35707,Brooklyn,2022-12-13,2022,12,13,157614,POINT (1005680.4152715789 161508.0459776141),FLATBUSH AVENUE,Dead End,Avenue U,4414.0,5657.0,4175.0,14246.0,1,one_direction
35707,Brooklyn,2023-01-06,2023,1,6,151516,POINT (1004852.0243700822 162537.73371917408),FLATBUSH AVENUE,Dead end,Avenue S,4840.0,4978.0,3404.0,13222.0,1,one_direction
35707,Brooklyn,2023-01-07,2023,1,7,151516,POINT (1004852.0243700822 162537.73371917408),FLATBUSH AVENUE,Dead end,Avenue S,3122.0,5209.0,4382.0,12713.0,1,one_direction
35707,Brooklyn,2023-01-08,2023,1,8,151516,POINT (1004852.0243700822 162537.73371917408),FLATBUSH AVENUE,Dead end,Avenue S,2794.0,4846.0,3565.0,11205.0,1,one_direction
35707,Brooklyn,2023-01-09,2023,1,9,151516,POINT (1004852.0243700822 162537.73371917408),FLATBUSH AVENUE,Dead end,Avenue S,4825.0,5030.0,3390.0,13245.0,1,one_direction
35707,Brooklyn,2023-01-10,2023,1,10,151516,POINT (1004852.0243700822 162537.73371917408),FLATBUSH AVENUE,Dead end,Avenue S,4960.0,5052.0,3698.0,13710.0,1,one_direction
35707,Brooklyn,2023-01-11,2023,1,11,151516,POINT (1004852.0243700822 162537.73371917408),FLATBUSH AVENUE,Dead end,Avenue S,4873.0,5037.0,3459.0,13369.0,1,one_direction
35707,Brooklyn,2023-01-12,2023,1,12,151516,POINT (1004852.0243700822 162537.73371917408),FLATBUSH AVENUE,Dead end,Avenue S,4925.0,5088.0,3276.0,13289.0,1,one_direction
35707,Brooklyn,2023-01-13,2023,1,13,151516,POINT (1004852.0243700822 162537.73371917408),FLATBUSH AVENUE,Dead end,Avenue S,4916.0,5071.0,3385.0,13372.0,1,one_direction
35707,Brooklyn,2023-01-14,2023,1,14,151516,POINT (1004852.0243700822 162537.73371917408),FLATBUSH AVENUE,Dead end,Avenue S,3233.0,5339.0,4428.0,13000.0,1,one_direction
35707,Brooklyn,2023-03-31,2023,3,31,28638,POINT (998571.6902105882 170106.66803450283),FLATBUSH AVENUE,East 29 Street,Hillel Place,2166.0,2959.0,2724.0,7849.0,1,one_direction
35707,Brooklyn,2023-03-31,2023,3,31,109304,POINT (995173.8041498307 179881.89891234212),FLATBUSH AVENUE,Maple Street,Dead End,2600.0,2562.0,1655.0,6817.0,1,one_direction
35707,Brooklyn,2023-04-01,2023,4,1,28638,POINT (998571.6902105882 170106.66803450283),FLATBUSH AVENUE,East 29 Street,Hillel Place,2176.0,3282.0,2885.0,8343.0,1,one_direction
35707,Brooklyn,2023-04-01,2023,4,1,109304,POINT (995173.8041498307 179881.89891234212),FLATBUSH AVENUE,Maple Street,Dead End,2232.0,2763.0,2339.0,7334.0,1,one_direction
35707,Brooklyn,2023-04-02,2023,4,2,28638,POINT (998571.6902105882 170106.66803450283),FLATBUSH AVENUE,East 29 Street,Hillel Place,2017.0,3348.0,2838.0,8203.0,1,one_direction
35707,Brooklyn,2023-04-02,2023,4,2,109304,POINT (995173.8041498307 179881.89891234212),FLATBUSH AVENUE,Maple Street,Dead End,1750.0,2731.0,1639.0,6120.0,1,one_direction
35750,Manhattan,2022-12-01,2022,12,1,36263,POINT (993934.8489310838 216040.87698904923),2 AVENUE,East 57 Street,East 58 Street,6677.0,8681.0,10251.0,25609.0,1,one_direction
35750,Manhattan,2022-12-02,2022,12,2,36263,POINT (993934.8489310838 216040.87698904923),2 AVENUE,East 57 Street,East 58 Street,6979.0,9625.0,10560.0,27164.0,1,one_direction
35772,Brooklyn,2022-11-30,2022,11,30,44803,POINT (1004278.1734449619 199847.5261444427),GRAND STREET,Stewart Avenue,Gardner Avenue,1494.0,1515.0,729.0,3738.0,1,one_direction
35772,Brooklyn,2022-11-30,2022,11,30,152674,POINT (1004400.0813511983 199432.38255963763),METROPOLITAN AVENUE,Stewart Avenue,Gardner Avenue,1720.0,3592.0,2143.0,7455.0,1,one_direction
35772,Brooklyn,2022-12-01,2022,12,1,44803,POINT (1004278.1734449619 199847.5261444427),GRAND STREET,Stewart Avenue,Gardner Avenue,1523.0,1802.0,858.0,4183.0,1,one_direction
35772,Brooklyn,2022-12-01,2022,12,1,152674,POINT (1004400.0813511983 199432.38255963763),METROPOLITAN AVENUE,Stewart Avenue,Gardner Avenue,1769.0,3901.0,2619.0,8289.0,1,one_direction
35772,Brooklyn,2022-12-02,2022,12,2,44803,POINT (1004278.1734449619 199847.5261444427),GRAND STREET,Stewart Avenue,Gardner Avenue,1520.0,2187.0,906.0,4613.0,1,one_direction
35772,Brooklyn,2022-12-02,2022,12,2,152674,POINT (1004400.0813511983 199432.38255963763),METROPOLITAN AVENUE,Stewart Avenue,Gardner Avenue,1797.0,3672.0,2513.0,7982.0,1,one_direction
35772,Brooklyn,2022-12-03,2022,12,3,44803,POINT (1004278.1734449619 199847.5261444427),GRAND STREET,Stewart Avenue,Gardner Avenue,1290.0,1415.0,823.0,3528.0,1,one_direction
35772,Brooklyn,2022-12-03,2022,12,3,152674,POINT (1004400.0813511983 199432.38255963763),METROPOLITAN AVENUE,Stewart Avenue,Gardner Avenue,1715.0,3201.0,2345.0,7261.0,1,one_direction
35772,Brooklyn,2022-12-04,2022,12,4,44803,POINT (1004278.1734449619 199847.5261444427),GRAND STREET,Stewart Avenue,Gardner Avenue,652.0,742.0,334.0,1728.0,1,one_direction
35772,Brooklyn,2022-12-04,2022,12,4,152674,POINT (1004400.0813511983 199432.38255963763),METROPOLITAN AVENUE,Stewart Avenue,Gardner Avenue,1164.0,2791.0,2114.0,6069.0,1,one_direction
35772,Brooklyn,2022-12-05,2022,12,5,44803,POINT (1004278.1734449619 199847.5261444427),GRAND STREET,Stewart Avenue,Gardner Avenue,1408.0,1415.0,740.0,3563.0,1,one_direction
35772,Brooklyn,2022-12-05,2022,12,5,152674,POINT (1004400.0813511983 199432.38255963763),METROPOLITAN AVENUE,Stewart Avenue,Gardner Avenue,1691.0,3324.0,2075.0,7090.0,1,one_direction
35772,Brooklyn,2022-12-06,2022,12,6,44803,POINT (1004278.1734449619 199847.5261444427),GRAND STREET,Stewart Avenue,Gardner Avenue,1548.0,1696.0,843.0,4087.0,1,one_direction
35772,Brooklyn,2022-12-06,2022,12,6,152674,POINT (1004400.0813511983 199432.38255963763),METROPOLITAN AVENUE,Stewart Avenue,Gardner Avenue,1771.0,3764.0,2678.0,8213.0,1,one_direction
35772,Brooklyn,2022-12-07,2022,12,7,44803,POINT (1004278.1734449619 199847.5261444427),GRAND STREET,Stewart Avenue,Gardner Avenue,1489.0,1440.0,490.0,3419.0,1,one_direction
35772,Brooklyn,2022-12-07,2022,12,7,152674,POINT (1004400.0813511983 199432.38255963763),METROPOLITAN AVENUE,Stewart Avenue,Gardner Avenue,1620.0,3407.0,2108.0,7135.0,1,one_direction
35772,Brooklyn,2022-12-08,2022,12,8,44803,POINT (1004278.1734449619 199847.5261444427),GRAND STREET,Stewart Avenue,Gardner Avenue,1467.0,1443.0,723.0,3633.0,1,one_direction
35772,Brooklyn,2022-12-08,2022,12,8,152674,POINT (1004400.0813511983 199432.38255963763),METROPOLITAN AVENUE,Stewart Avenue,Gardner Avenue,1789.0,3346.0,2019.0,7154.0,1,one_direction
35772,Brooklyn,2022-12-09,2022,12,9,44803,POINT (1004278.1734449619 199847.5261444427),GRAND STREET,Stewart Avenue,Gardner Avenue,1523.0,1777.0,708.0,4008.0,1,one_direction
35772,Brooklyn,2022-12-09,2022,12,9,152674,POINT (1004400.0813511983 199432.38255963763),METROPOLITAN AVENUE,Stewart Avenue,Gardner Avenue,1718.0,3454.0,2232.0,7404.0,1,one_direction
35772,Brooklyn,2022-12-10,2022,12,10,44803,POINT (1004278.1734449619 199847.5261444427),GRAND STREET,Stewart Avenue,Gardner Avenue,1439.0,1598.0,774.0,3811.0,1,one_direction
35772,Brooklyn,2022-12-10,2022,12,10,152674,POINT (1004400.0813511983 199432.38255963763),METROPOLITAN AVENUE,Stewart Avenue,Gardner Avenue,1949.0,3541.0,2657.0,8147.0,1,one_direction
35772,Brooklyn,2022-12-11,2022,12,11,44803,POINT (1004278.1734449619 199847.5261444427),GRAND STREET,Stewart Avenue,Gardner Avenue,591.0,721.0,340.0,1652.0,1,one_direction
35772,Brooklyn,2022-12-11,2022,12,11,152674,POINT (1004400.0813511983 199432.38255963763),METROPOLITAN AVENUE,Stewart Avenue,Gardner Avenue,1035.0,2500.0,1881.0,5416.0,1,one_direction
35772,Brooklyn,2022-12-12,2022,12,12,44803,POINT (1004278.1734449619 199847.5261444427),GRAND STREET,Stewart Avenue,Gardner Avenue,1449.0,1458.0,723.0,3630.0,1,one_direction
35772,Brooklyn,2022-12-12,2022,12,12,152674,POINT (1004400.0813511983 199432.38255963763),METROPOLITAN AVENUE,Stewart Avenue,Gardner Avenue,1610.0,3429.0,2132.0,7171.0,1,one_direction
35772,Brooklyn,2022-12-13,2022,12,13,44803,POINT (1004278.1734449619 199847.5261444427),GRAND STREET,Stewart Avenue,Gardner Avenue,1534.0,1529.0,485.0,3548.0,1,one_direction
35772,Brooklyn,2022-12-13,2022,12,13,152674,POINT (1004400.0813511983 199432.38255963763),METROPOLITAN AVENUE,Stewart Avenue,Gardner Avenue,1668.0,3518.0,2143.0,7329.0,1,one_direction
35851,Bronx,2023-03-09,2023,3,9,72388,POINT (1009873.404651574 250342.11858690827),JEROME AVENUE,East 179 Street,East Burnside Avenue,1266.0,1622.0,1460.0,4348.0,1,one_direction
35851,Bronx,2023-03-09,2023,3,9,73069,POINT (1009859.3746851437 250359.40262193806),WEST BURNSIDE AVENUE,Davidson Avenue,East Burnside Avenue,1420.0,1871.0,1369.0,4660.0,1,one_direction
35851,Bronx,2023-03-09,2023,3,9,73071,POINT (1009897.1684092807 250376.60107739424),JEROME AVENUE,East 181 Street,East Burnside Avenue,1508.0,1852.0,1381.0,4741.0,1,one_direction
35851,Bronx,2023-03-09,2023,3,9,140727,POINT (1013114.8107623756 246788.5998495417),EAST 175 STREET,Cross Bronx Expwy Et 3 Wb,Arthur Avenue,631.0,1029.0,363.0,2023.0,1,one_direction
35851,Bronx,2023-03-10,2023,3,10,72388,POINT (1009873.404651574 250342.11858690827),JEROME AVENUE,East 179 Street,East Burnside Avenue,1222.0,1686.0,1391.0,4299.0,1,one_direction
35851,Bronx,2023-03-10,2023,3,10,73069,POINT (1009859.3746851437 250359.40262193806),WEST BURNSIDE AVENUE,Davidson Avenue,East Burnside Avenue,1490.0,1928.0,1558.0,4976.0,1,one_direction
35851,Bronx,2023-03-10,2023,3,10,73071,POINT (1009897.1684092807 250376.60107739424),JEROME AVENUE,East 181 Street,East Burnside Avenue,1503.0,1907.0,1486.0,4896.0,1,one_direction
35851,Bronx,2023-03-10,2023,3,10,140727,POINT (1013114.8107623756 246788.5998495417),EAST 175 STREET,Cross Bronx Expwy Et 3 Wb,Arthur Avenue,628.0,931.0,319.0,1878.0,1,one_direction
35851,Bronx,2023-03-11,2023,3,11,72388,POINT (1009873.404651574 250342.11858690827),JEROME AVENUE,East 179 Street,East Burnside Avenue,992.0,1910.0,1712.0,4614.0,1,one_direction
35851,Bronx,2023-03-11,2023,3,11,73069,POINT (1009859.3746851437 250359.40262193806),WEST BURNSIDE AVENUE,Davidson Avenue,East Burnside Avenue,1009.0,1930.0,1479.0,4418.0,1,one_direction
35851,Bronx,2023-03-11,2023,3,11,73071,POINT (1009897.1684092807 250376.60107739424),JEROME AVENUE,East 181 Street,East Burnside Avenue,1120.0,1962.0,1642.0,4724.0,1,one_direction
35851,Bronx,2023-03-11,2023,3,11,140727,POINT (1013114.8107623756 246788.5998495417),EAST 175 STREET,Cross Bronx Expwy Et 3 Wb,Arthur Avenue,292.0,524.0,301.0,1117.0,1,one_direction
35851,Bronx,2023-03-12,2023,3,12,72388,POINT (1009873.404651574 250342.11858690827),JEROME AVENUE,East 179 Street,East Burnside Avenue,912.0,1731.0,1375.0,4018.0,1,one_direction
35851,Bronx,2023-03-12,2023,3,12,73069,POINT (1009859.3746851437 250359.40262193806),WEST BURNSIDE AVENUE,Davidson Avenue,East Burnside Avenue,794.0,1671.0,1154.0,3619.0,1,one_direction
35851,Bronx,2023-03-12,2023,3,12,73071,POINT (1009897.1684092807 250376.60107739424),JEROME AVENUE,East 181 Street,East Burnside Avenue,984.0,1905.0,1306.0,4195.0,1,one_direction
35851,Bronx,2023-03-12,2023,3,12,140727,POINT (1013114.8107623756 246788.5998495417),EAST 175 STREET,Cross Bronx Expwy Et 3 Wb,Arthur Avenue,264.0,545.0,346.0,1155.0,1,one_direction
35851,Bronx,2023-03-13,2023,3,13,72388,POINT (1009873.404651574 250342.11858690827),JEROME AVENUE,East 179 Street,East Burnside Avenue,1167.0,1650.0,1007.0,3824.0,1,one_direction
35851,Bronx,2023-03-13,2023,3,13,73069,POINT (1009859.3746851437 250359.40262193806),WEST BURNSIDE AVENUE,Davidson Avenue,East Burnside Avenue,1448.0,1785.0,1026.0,4259.0,1,one_direction
35851,Bronx,2023-03-13,2023,3,13,73071,POINT (1009897.1684092807 250376.60107739424),JEROME AVENUE,East 181 Street,East Burnside Avenue,1383.0,1712.0,943.0,4038.0,1,one_direction
35851,Bronx,2023-03-13,2023,3,13,140727,POINT (1013114.8107623756 246788.5998495417),EAST 175 STREET,Cross Bronx Expwy Et 3 Wb,Arthur Avenue,643.0,957.0,321.0,1921.0,1,one_direction
35851,Bronx,2023-03-14,2023,3,14,72388,POINT (1009873.404651574 250342.11858690827),JEROME AVENUE,East 179 Street,East Burnside Avenue,1286.0,1572.0,1325.0,4183.0,1,one_direction
35851,Bronx,2023-03-14,2023,3,14,73069,POINT (1009859.3746851437 250359.40262193806),WEST BURNSIDE AVENUE,Davidson Avenue,East Burnside Avenue,1449.0,1776.0,1238.0,4463.0,1,one_direction
35851,Bronx,2023-03-14,2023,3,14,73071,POINT (1009897.1684092807 250376.60107739424),JEROME AVENUE,East 181 Street,East Burnside Avenue,1358.0,1782.0,1142.0,4282.0,1,one_direction
35851,Bronx,2023-03-14,2023,3,14,140727,POINT (1013114.8107623756 246788.5998495417),EAST 175 STREET,Cross Bronx Expwy Et 3 Wb,Arthur Avenue,664.0,1136.0,432.0,2232.0,1,one_direction
35851,Bronx,2023-03-15,2023,3,15,72388,POINT (1009873.404651574 250342.11858690827),JEROME AVENUE,East 179 Street,East Burnside Avenue,1153.0,1595.0,1523.0,4271.0,1,one_direction
35851,Bronx,2023-03-15,2023,3,15,73069,POINT (1009859.3746851437 250359.40262193806),WEST BURNSIDE AVENUE,Davidson Avenue,East Burnside Avenue,1340.0,1948.0,1409.0,4697.0,1,one_direction
35851,Bronx,2023-03-15,2023,3,15,73071,POINT (1009897.1684092807 250376.60107739424),JEROME AVENUE,East 181 Street,East Burnside Avenue,1363.0,1802.0,1331.0,4496.0,1,one_direction
35851,Bronx,2023-03-15,2023,3,15,140727,POINT (1013114.8107623756 246788.5998495417),EAST 175 STREET,Cross Bronx Expwy Et 3 Wb,Arthur Avenue,625.0,1009.0,351.0,1985.0,1,one_direction
35851,Bronx,2023-03-16,2023,3,16,78573,POINT (1012292.8187593192 249704.94936454346),EAST 180 STREET,Tiebout Avenue,Webster Avenue,1335.0,2033.0,1268.0,4636.0,1,one_direction
35851,Bronx,2023-03-16,2023,3,16,79288,POINT (1017832.478353543 245865.39351164293),EAST 179 STREET,Bronx Street,Boston Road,137.0,139.0,35.0,311.0,1,one_direction
35851,Bronx,2023-03-16,2023,3,16,119328,POINT (1016157.6184144891 244943.47834071927),VYSE AVENUE,East 174 Street,Dead end,851.0,1356.0,528.0,2735.0,1,one_direction
35851,Bronx,2023-03-16,2023,3,16,140792,POINT (1016193.1831977243 245067.8074778002),BOSTON ROAD,Dead end,East 176 Street,1795.0,2168.0,1010.0,4973.0,1,one_direction
35851,Bronx,2023-03-17,2023,3,17,78573,POINT (1012292.8187593192 249704.94936454346),EAST 180 STREET,Tiebout Avenue,Webster Avenue,1256.0,1919.0,1172.0,4347.0,1,one_direction
35851,Bronx,2023-03-17,2023,3,17,79288,POINT (1017832.478353543 245865.39351164293),EAST 179 STREET,Bronx Street,Boston Road,140.0,157.0,70.0,367.0,1,one_direction
35851,Bronx,2023-03-17,2023,3,17,119328,POINT (1016157.6184144891 244943.47834071927),VYSE AVENUE,East 174 Street,Dead end,855.0,1363.0,605.0,2823.0,1,one_direction
35851,Bronx,2023-03-17,2023,3,17,140792,POINT (1016193.1831977243 245067.8074778002),BOSTON ROAD,Dead end,East 176 Street,1813.0,2147.0,1056.0,5016.0,1,one_direction
35851,Bronx,2023-03-18,2023,3,18,78573,POINT (1012292.8187593192 249704.94936454346),EAST 180 STREET,Tiebout Avenue,Webster Avenue,674.0,1594.0,1401.0,3669.0,1,one_direction
35851,Bronx,2023-03-18,2023,3,18,79288,POINT (1017832.478353543 245865.39351164293),EAST 179 STREET,Bronx Street,Boston Road,75.0,82.0,56.0,213.0,1,one_direction
35851,Bronx,2023-03-18,2023,3,18,119328,POINT (1016157.6184144891 244943.47834071927),VYSE AVENUE,East 174 Street,Dead end,536.0,1018.0,657.0,2211.0,1,one_direction
35851,Bronx,2023-03-18,2023,3,18,140792,POINT (1016193.1831977243 245067.8074778002),BOSTON ROAD,Dead end,East 176 Street,760.0,1420.0,1112.0,3292.0,1,one_direction
35851,Bronx,2023-03-19,2023,3,19,78573,POINT (1012292.8187593192 249704.94936454346),EAST 180 STREET,Tiebout Avenue,Webster Avenue,709.0,1587.0,1412.0,3708.0,1,one_direction
35851,Bronx,2023-03-19,2023,3,19,79288,POINT (1017832.478353543 245865.39351164293),EAST 179 STREET,Bronx Street,Boston Road,66.0,92.0,47.0,205.0,1,one_direction
35851,Bronx,2023-03-19,2023,3,19,119328,POINT (1016157.6184144891 244943.47834071927),VYSE AVENUE,East 174 Street,Dead end,404.0,872.0,602.0,1878.0,1,one_direction
35851,Bronx,2023-03-19,2023,3,19,140792,POINT (1016193.1831977243 245067.8074778002),BOSTON ROAD,Dead end,East 176 Street,753.0,1390.0,1089.0,3232.0,1,one_direction
35851,Bronx,2023-03-20,2023,3,20,78573,POINT (1012292.8187593192 249704.94936454346),EAST 180 STREET,Tiebout Avenue,Webster Avenue,1282.0,1888.0,1207.0,4377.0,1,one_direction
35851,Bronx,2023-03-20,2023,3,20,79288,POINT (1017832.478353543 245865.39351164293),EAST 179 STREET,Bronx Street,Boston Road,141.0,168.0,51.0,360.0,1,one_direction
35851,Bronx,2023-03-20,2023,3,20,119328,POINT (1016157.6184144891 244943.47834071927),VYSE AVENUE,East 174 Street,Dead end,817.0,1232.0,444.0,2493.0,1,one_direction
35851,Bronx,2023-03-20,2023,3,20,140792,POINT (1016193.1831977243 245067.8074778002),BOSTON ROAD,Dead end,East 176 Street,1751.0,2025.0,882.0,4658.0,1,one_direction
35851,Bronx,2023-03-21,2023,3,21,78573,POINT (1012292.8187593192 249704.94936454346),EAST 180 STREET,Tiebout Avenue,Webster Avenue,1346.0,1966.0,1370.0,4682.0,1,one_direction
35851,Bronx,2023-03-21,2023,3,21,79288,POINT (1017832.478353543 245865.39351164293),EAST 179 STREET,Bronx Street,Boston Road,136.0,140.0,51.0,327.0,1,one_direction
35851,Bronx,2023-03-21,2023,3,21,119328,POINT (1016157.6184144891 244943.47834071927),VYSE AVENUE,East 174 Street,Dead end,896.0,1470.0,652.0,3018.0,1,one_direction
35851,Bronx,2023-03-21,2023,3,21,140792,POINT (1016193.1831977243 245067.8074778002),BOSTON ROAD,Dead end,East 176 Street,1781.0,2071.0,1146.0,4998.0,1,one_direction
35851,Bronx,2023-03-22,2023,3,22,78573,POINT (1012292.8187593192 249704.94936454346),EAST 180 STREET,Tiebout Avenue,Webster Avenue,1327.0,1951.0,1359.0,4637.0,1,one_direction
35851,Bronx,2023-03-22,2023,3,22,79288,POINT (1017832.478353543 245865.39351164293),EAST 179 STREET,Bronx Street,Boston Road,140.0,153.0,45.0,338.0,1,one_direction
35851,Bronx,2023-03-22,2023,3,22,119328,POINT (1016157.6184144891 244943.47834071927),VYSE AVENUE,East 174 Street,Dead end,790.0,1232.0,604.0,2626.0,1,one_direction
35851,Bronx,2023-03-22,2023,3,22,140792,POINT (1016193.1831977243 245067.8074778002),BOSTON ROAD,Dead end,East 176 Street,1674.0,1897.0,1092.0,4663.0,1,one_direction
35851,Bronx,2023-03-23,2023,3,23,78384,POINT (1011434.7005164717 247612.38151045417),WEBSTER AVENUE,East 175 Street,East 176 Street,2901.0,2855.0,2732.0,8488.0,1,one_direction
35851,Bronx,2023-03-23,2023,3,23,78419,POINT (1011942.4282907293 248052.47304473357),EAST TREMONT AVENUE,Webster Avenue,Park Avenue,3953.0,4700.0,3656.0,12309.0,1,one_direction
35851,Bronx,2023-03-23,2023,3,23,78564,POINT (1012788.9256451355 249570.20064363023),PARK AVENUE,East 179 St Footbridge,East 180 Street,453.0,1032.0,957.0,2442.0,1,one_direction
35851,Bronx,2023-03-23,2023,3,23,263398,POINT (1017272.168697318 245429.27366365853),EAST TREMONT AVENUE,Bryant Avenue,Boston Road,1571.0,2141.0,1256.0,4968.0,1,one_direction
35851,Bronx,2023-03-24,2023,3,24,78384,POINT (1011434.7005164717 247612.38151045417),WEBSTER AVENUE,East 175 Street,East 176 Street,3219.0,3149.0,3441.0,9809.0,1,one_direction
35851,Bronx,2023-03-24,2023,3,24,78419,POINT (1011942.4282907293 248052.47304473357),EAST TREMONT AVENUE,Webster Avenue,Park Avenue,3834.0,4835.0,3692.0,12361.0,1,one_direction
35851,Bronx,2023-03-24,2023,3,24,78564,POINT (1012788.9256451355 249570.20064363023),PARK AVENUE,East 179 St Footbridge,East 180 Street,508.0,1074.0,1243.0,2825.0,1,one_direction
35851,Bronx,2023-03-24,2023,3,24,263398,POINT (1017272.168697318 245429.27366365853),EAST TREMONT AVENUE,Bryant Avenue,Boston Road,1584.0,2126.0,1210.0,4920.0,1,one_direction
35851,Bronx,2023-03-25,2023,3,25,78384,POINT (1011434.7005164717 247612.38151045417),WEBSTER AVENUE,East 175 Street,East 176 Street,2382.0,3261.0,3585.0,9228.0,1,one_direction
35851,Bronx,2023-03-25,2023,3,25,78419,POINT (1011942.4282907293 248052.47304473357),EAST TREMONT AVENUE,Webster Avenue,Park Avenue,3147.0,4967.0,4423.0,12537.0,1,one_direction
35851,Bronx,2023-03-25,2023,3,25,78564,POINT (1012788.9256451355 249570.20064363023),PARK AVENUE,East 179 St Footbridge,East 180 Street,635.0,1184.0,851.0,2670.0,1,one_direction
35851,Bronx,2023-03-25,2023,3,25,263398,POINT (1017272.168697318 245429.27366365853),EAST TREMONT AVENUE,Bryant Avenue,Boston Road,1060.0,2004.0,1282.0,4346.0,1,one_direction
35851,Bronx,2023-03-26,2023,3,26,113492,POINT (1011693.1863369225 248884.11912517293),VALENTINE AVENUE,East 178 Street,East Burnside Avenue,899.0,1831.0,1634.0,4364.0,1,one_direction
35851,Bronx,2023-03-26,2023,3,26,222171,POINT (1011750.8187350766 249181.17342960188),VALENTINE AVENUE,Dead end,East Burnside Avenue,476.0,824.0,574.0,1874.0,1,one_direction
35851,Bronx,2023-03-27,2023,3,27,113492,POINT (1011693.1863369225 248884.11912517293),VALENTINE AVENUE,East 178 Street,East Burnside Avenue,1607.0,2318.0,1631.0,5556.0,1,one_direction
35851,Bronx,2023-03-27,2023,3,27,222171,POINT (1011750.8187350766 249181.17342960188),VALENTINE AVENUE,Dead end,East Burnside Avenue,808.0,913.0,626.0,2347.0,1,one_direction
35860,Queens,2023-03-01,2023,3,1,98532,POINT (1049945.3061012689 216034.33471385224),46 AVENUE,218 Street,Springfield Boulevard,980.0,1660.0,545.0,3185.0,2,two_directions
35860,Queens,2023-03-02,2023,3,2,98532,POINT (1049945.3061012689 216034.33471385224),46 AVENUE,218 Street,Springfield Boulevard,813.0,1656.0,540.0,3009.0,2,two_directions
35860,Queens,2023-03-03,2023,3,3,98532,POINT (1049945.3061012689 216034.33471385224),46 AVENUE,218 Street,Springfield Boulevard,786.0,1524.0,646.0,2956.0,2,two_directions
35860,Queens,2023-03-04,2023,3,4,98532,POINT (1049945.3061012689 216034.33471385224),46 AVENUE,218 Street,Springfield Boulevard,560.0,1023.0,495.0,2078.0,2,two_directions
35860,Queens,2023-03-05,2023,3,5,98532,POINT (1049945.3061012689 216034.33471385224),46 AVENUE,218 Street,Springfield Boulevard,522.0,856.0,394.0,1772.0,2,two_directions
35860,Queens,2023-03-06,2023,3,6,98532,POINT (1049945.3061012689 216034.33471385224),46 AVENUE,218 Street,Springfield Boulevard,612.0,1426.0,375.0,2413.0,2,two_directions
35860,Queens,2023-03-07,2023,3,7,98532,POINT (1049945.3061012689 216034.33471385224),46 AVENUE,218 Street,Springfield Boulevard,838.0,1471.0,550.0,2859.0,2,two_directions
35860,Queens,2023-03-08,2023,3,8,98532,POINT (1049945.3061012689 216034.33471385224),46 AVENUE,218 Street,Springfield Boulevard,832.0,1548.0,557.0,2937.0,2,two_directions
35959,Brooklyn,2023-01-22,2023,1,22,28287,POINT (995624.6895824173 171002.03707790785),FOSTER AVENUE,East 19 Street,Ocean Avenue,1604.0,2909.0,1899.0,6412.0,2,two_directions
35959,Brooklyn,2023-01-23,2023,1,23,28287,POINT (995624.6895824173 171002.03707790785),FOSTER AVENUE,East 19 Street,Ocean Avenue,2624.0,3288.0,2116.0,8028.0,2,two_directions
35959,Brooklyn,2023-01-24,2023,1,24,28287,POINT (995624.6895824173 171002.03707790785),FOSTER AVENUE,East 19 Street,Ocean Avenue,2612.0,3266.0,2148.0,8026.0,2,two_directions
35959,Brooklyn,2023-01-25,2023,1,25,28287,POINT (995624.6895824173 171002.03707790785),FOSTER AVENUE,East 19 Street,Ocean Avenue,2616.0,3237.0,2044.0,7897.0,2,two_directions
35959,Brooklyn,2023-01-26,2023,1,26,28287,POINT (995624.6895824173 171002.03707790785),FOSTER AVENUE,East 19 Street,Ocean Avenue,2749.0,3398.0,2273.0,8420.0,2,two_directions
35959,Brooklyn,2023-01-27,2023,1,27,28287,POINT (995624.6895824173 171002.03707790785),FOSTER AVENUE,East 19 Street,Ocean Avenue,2660.0,3458.0,2400.0,8518.0,2,two_directions
35959,Brooklyn,2023-01-28,2023,1,28,28287,POINT (995624.6895824173 171002.03707790785),FOSTER AVENUE,East 19 Street,Ocean Avenue,1721.0,2921.0,2215.0,6857.0,2,two_directions
35959,Brooklyn,2023-01-29,2023,1,29,28287,POINT (995624.6895824173 171002.03707790785),FOSTER AVENUE,East 19 Street,Ocean Avenue,1532.0,2891.0,1911.0,6334.0,2,two_directions
35959,Brooklyn,2023-01-30,2023,1,30,28287,POINT (995624.6895824173 171002.03707790785),FOSTER AVENUE,East 19 Street,Ocean Avenue,2672.0,3382.0,2202.0,8256.0,2,two_directions
35959,Brooklyn,2023-01-31,2023,1,31,28287,POINT (995624.6895824173 171002.03707790785),FOSTER AVENUE,East 19 Street,Ocean Avenue,2730.0,3336.0,2210.0,8276.0,2,two_directions
35959,Brooklyn,2023-02-01,2023,2,1,28287,POINT (995624.6895824173 171002.03707790785),FOSTER AVENUE,East 19 Street,Ocean Avenue,2573.0,3103.0,2107.0,7783.0,2,two_directions
35959,Brooklyn,2023-02-02,2023,2,2,28287,POINT (995624.6895824173 171002.03707790785),FOSTER AVENUE,East 19 Street,Ocean Avenue,2545.0,3111.0,1953.0,7609.0,2,two_directions
35959,Brooklyn,2023-02-03,2023,2,3,28287,POINT (995624.6895824173 171002.03707790785),FOSTER AVENUE,East 19 Street,Ocean Avenue,2600.0,3199.0,2235.0,8034.0,2,two_directions
35959,Brooklyn,2023-02-04,2023,2,4,28287,POINT (995624.6895824173 171002.03707790785),FOSTER AVENUE,East 19 Street,Ocean Avenue,1805.0,3114.0,2336.0,7255.0,2,two_directions
35973,Queens,2023-01-31,2023,1,31,59520,POINT (1047210.7050830991 187542.95138537127),171 STREET,120 Avenue,Baisley Boulevard,389.0,456.0,329.0,1174.0,1,one_direction
35973,Queens,2023-02-01,2023,2,1,59520,POINT (1047210.7050830991 187542.95138537127),171 STREET,120 Avenue,Baisley Boulevard,369.0,483.0,327.0,1179.0,1,one_direction
35973,Queens,2023-02-02,2023,2,2,59520,POINT (1047210.7050830991 187542.95138537127),171 STREET,120 Avenue,Baisley Boulevard,387.0,470.0,342.0,1199.0,1,one_direction
35973,Queens,2023-02-03,2023,2,3,59520,POINT (1047210.7050830991 187542.95138537127),171 STREET,120 Avenue,Baisley Boulevard,342.0,532.0,382.0,1256.0,1,one_direction
35973,Queens,2023-02-04,2023,2,4,59520,POINT (1047210.7050830991 187542.95138537127),171 STREET,120 Avenue,Baisley Boulevard,189.0,343.0,281.0,813.0,1,one_direction
35973,Queens,2023-02-05,2023,2,5,59520,POINT (1047210.7050830991 187542.95138537127),171 STREET,120 Avenue,Baisley Boulevard,177.0,398.0,275.0,850.0,1,one_direction
35973,Queens,2023-02-06,2023,2,6,59520,POINT (1047210.7050830991 187542.95138537127),171 STREET,120 Avenue,Baisley Boulevard,391.0,457.0,376.0,1224.0,1,one_direction
36014,Manhattan,2023-03-01,2023,3,1,24141,POINT (986308.9070114517 198953.98985190465),PIKE STREET,Henry Street,Madison Street,1362.0,1913.0,1388.0,4663.0,1,one_direction
36014,Manhattan,2023-03-01,2023,3,1,24149,POINT (986380.3001707926 198950.1510326312),PIKE STREET,Henry Street,Madison Street,1518.0,2400.0,1588.0,5506.0,1,one_direction
36014,Manhattan,2023-03-02,2023,3,2,24141,POINT (986308.9070114517 198953.98985190465),PIKE STREET,Henry Street,Madison Street,1445.0,1972.0,1522.0,4939.0,1,one_direction
36014,Manhattan,2023-03-02,2023,3,2,24149,POINT (986380.3001707926 198950.1510326312),PIKE STREET,Henry Street,Madison Street,1712.0,2279.0,1537.0,5528.0,1,one_direction
36014,Manhattan,2023-03-03,2023,3,3,24141,POINT (986308.9070114517 198953.98985190465),PIKE STREET,Henry Street,Madison Street,1377.0,1909.0,1331.0,4617.0,1,one_direction
36014,Manhattan,2023-03-03,2023,3,3,24149,POINT (986380.3001707926 198950.1510326312),PIKE STREET,Henry Street,Madison Street,1553.0,2155.0,1738.0,5446.0,1,one_direction
36014,Manhattan,2023-03-04,2023,3,4,24141,POINT (986308.9070114517 198953.98985190465),PIKE STREET,Henry Street,Madison Street,1038.0,1914.0,1892.0,4844.0,1,one_direction
36014,Manhattan,2023-03-04,2023,3,4,24149,POINT (986380.3001707926 198950.1510326312),PIKE STREET,Henry Street,Madison Street,1068.0,2230.0,1942.0,5240.0,1,one_direction
36014,Manhattan,2023-03-05,2023,3,5,24141,POINT (986308.9070114517 198953.98985190465),PIKE STREET,Henry Street,Madison Street,915.0,1783.0,1347.0,4045.0,1,one_direction
36014,Manhattan,2023-03-05,2023,3,5,24149,POINT (986380.3001707926 198950.1510326312),PIKE STREET,Henry Street,Madison Street,946.0,2230.0,1347.0,4523.0,1,one_direction
36014,Manhattan,2023-03-06,2023,3,6,24141,POINT (986308.9070114517 198953.98985190465),PIKE STREET,Henry Street,Madison Street,1435.0,1915.0,1232.0,4582.0,1,one_direction
36014,Manhattan,2023-03-06,2023,3,6,24149,POINT (986380.3001707926 198950.1510326312),PIKE STREET,Henry Street,Madison Street,1582.0,2321.0,1225.0,5128.0,1,one_direction
36014,Manhattan,2023-03-07,2023,3,7,24141,POINT (986308.9070114517 198953.98985190465),PIKE STREET,Henry Street,Madison Street,1480.0,1946.0,1297.0,4723.0,1,one_direction
36014,Manhattan,2023-03-07,2023,3,7,24149,POINT (986380.3001707926 198950.1510326312),PIKE STREET,Henry Street,Madison Street,1559.0,2283.0,1320.0,5162.0,1,one_direction
36014,Manhattan,2023-03-08,2023,3,8,24141,POINT (986308.9070114517 198953.98985190465),PIKE STREET,Henry Street,Madison Street,1420.0,1865.0,1426.0,4711.0,1,one_direction
36014,Manhattan,2023-03-08,2023,3,8,24149,POINT (986380.3001707926 198950.1510326312),PIKE STREET,Henry Street,Madison Street,1507.0,2488.0,1439.0,5434.0,1,one_direction
36070,Manhattan,2023-04-23,2023,4,23,33167,POINT (988898.2875306904 208465.77467014527),EAST 23 STREET,Lexington Avenue,3 Avenue,1957.0,3278.0,2853.0,8088.0,1,one_direction
36070,Manhattan,2023-04-23,2023,4,23,33172,POINT (988931.8242274111 208474.14370720577),3 AVENUE,East 24 Street,East 23 Street,123.0,306.0,210.0,639.0,1,one_direction
36070,Manhattan,2023-04-23,2023,4,23,33288,POINT (989227.7912796258 208894.02854577726),EAST 25 STREET,2 Avenue,3 Avenue,675.0,1122.0,978.0,2775.0,1,one_direction
36070,Manhattan,2023-04-23,2023,4,23,35738,POINT (990295.6651846746 210936.71139934732),3 AVENUE,East 33 Street,East 34 Street,4411.0,9463.0,8107.0,21981.0,1,one_direction
36070,Manhattan,2023-04-24,2023,4,24,33167,POINT (988898.2875306904 208465.77467014527),EAST 23 STREET,Lexington Avenue,3 Avenue,2243.0,2858.0,2808.0,7909.0,1,one_direction
36070,Manhattan,2023-04-24,2023,4,24,33172,POINT (988931.8242274111 208474.14370720577),3 AVENUE,East 24 Street,East 23 Street,277.0,331.0,243.0,851.0,1,one_direction
36070,Manhattan,2023-04-24,2023,4,24,33288,POINT (989227.7912796258 208894.02854577726),EAST 25 STREET,2 Avenue,3 Avenue,927.0,1171.0,823.0,2921.0,1,one_direction
36070,Manhattan,2023-04-24,2023,4,24,35738,POINT (990295.6651846746 210936.71139934732),3 AVENUE,East 33 Street,East 34 Street,5849.0,8380.0,7588.0,21817.0,1,one_direction
36080,Brooklyn,2023-02-27,2023,2,27,41425,POINT (1008086.7100992099 163443.92414006553),AVENUE U,East 61 Street,Mill Avenue,2718.0,4022.0,2656.0,9396.0,1,one_direction
36080,Brooklyn,2023-02-27,2023,2,27,41425,POINT (1008108.0977253044 163462.0557690016),AVENUE U,Mill Avenue,East 61 Street,2855.0,2976.0,1636.0,7467.0,1,one_direction
36080,Brooklyn,2023-02-28,2023,2,28,41425,POINT (1008086.7100992099 163443.92414006553),AVENUE U,East 61 Street,Mill Avenue,2542.0,3915.0,2833.0,9290.0,1,one_direction
36080,Brooklyn,2023-02-28,2023,2,28,41425,POINT (1008108.0977253044 163462.0557690016),AVENUE U,Mill Avenue,East 61 Street,2848.0,2947.0,2007.0,7802.0,1,one_direction
36179,Bronx,2023-03-28,2023,3,28,140297,POINT (1017061.6558539318 244107.3670981197),SHERIDAN EXPRESSWAY,Dead End,Dead end,4913.0,4684.0,2413.0,12010.0,1,one_direction
36179,Bronx,2023-03-28,2023,3,28,154829,POINT (1016670.3511490967 244858.9774801362),CROSS BRONX EXPRESSWAY,Dead End,Dead end,9386.0,13201.0,17554.0,40141.0,1,one_direction
36179,Bronx,2023-03-28,2023,3,28,154912,POINT (1016664.2492639996 244818.1278910884),CROSS BRONX EXPRESSWAY,Cross Bronx Expwy Et 4 A Eb,Dead end,1529.0,998.0,10240.0,12767.0,1,one_direction
36179,Bronx,2023-03-28,2023,3,28,154950,POINT (1019605.9717013846 252584.08194184722),BRONX RIVER PARKWAY,Bronx Rvr Py Nb En Pelham Py Eb,Dead end,14217.0,5817.0,12024.0,32058.0,1,one_direction
36179,Bronx,2023-03-29,2023,3,29,140297,POINT (1017061.6558539318 244107.3670981197),SHERIDAN EXPRESSWAY,Dead End,Dead end,4691.0,5001.0,2525.0,12217.0,1,one_direction
36179,Bronx,2023-03-29,2023,3,29,154829,POINT (1016670.3511490967 244858.9774801362),CROSS BRONX EXPRESSWAY,Dead End,Dead end,10377.0,13605.0,17788.0,41770.0,1,one_direction
36179,Bronx,2023-03-29,2023,3,29,154912,POINT (1016664.2492639996 244818.1278910884),CROSS BRONX EXPRESSWAY,Cross Bronx Expwy Et 4 A Eb,Dead end,2763.0,2760.0,9639.0,15162.0,1,one_direction
36179,Bronx,2023-03-29,2023,3,29,154950,POINT (1019605.9717013846 252584.08194184722),BRONX RIVER PARKWAY,Bronx Rvr Py Nb En Pelham Py Eb,Dead end,11865.0,6174.0,11036.0,29075.0,1,one_direction
36179,Bronx,2023-06-01,2023,6,1,71765,POINT (1007038.8417746387 241610.61570734362),EAST 165 STREET,Sherman Avenue,Grant Avenue,1074.0,1280.0,974.0,3328.0,1,one_direction
36179,Bronx,2023-06-02,2023,6,2,71765,POINT (1007038.8417746387 241610.61570734362),EAST 165 STREET,Sherman Avenue,Grant Avenue,1104.0,1295.0,1048.0,3447.0,1,one_direction
36179,Bronx,2023-06-03,2023,6,3,71765,POINT (1007038.8417746387 241610.61570734362),EAST 165 STREET,Sherman Avenue,Grant Avenue,627.0,1241.0,1051.0,2919.0,1,one_direction
36179,Bronx,2023-06-04,2023,6,4,71765,POINT (1007038.8417746387 241610.61570734362),EAST 165 STREET,Sherman Avenue,Grant Avenue,486.0,1000.0,876.0,2362.0,1,one_direction
36179,Bronx,2023-06-05,2023,6,5,79134,POINT (1016717.7023888195 244894.29526639226),CROSS BRONX EXPRESSWAY SR NORTH,Longfellow Avenue,Bryant Avenue,189.0,232.0,56.0,477.0,1,one_direction
36179,Bronx,2023-06-05,2023,6,5,121080,POINT (1016263.5970719495 242721.67686184403),WEST FARMS ROAD,Dead end,East 172 Street,876.0,1119.0,544.0,2539.0,1,one_direction
36179,Bronx,2023-06-06,2023,6,6,79134,POINT (1016717.7023888195 244894.29526639226),CROSS BRONX EXPRESSWAY SR NORTH,Longfellow Avenue,Bryant Avenue,192.0,267.0,72.0,531.0,1,one_direction
36179,Bronx,2023-06-06,2023,6,6,80412,POINT (1016126.2771292843 252004.76140704672),EAST FORDHAM ROAD,Arthur Avenue,Hughes Avenue,4242.0,5732.0,4550.0,14524.0,1,one_direction
36179,Bronx,2023-06-07,2023,6,7,79134,POINT (1016717.7023888195 244894.29526639226),CROSS BRONX EXPRESSWAY SR NORTH,Longfellow Avenue,Bryant Avenue,166.0,283.0,46.0,495.0,1,one_direction
36179,Bronx,2023-06-07,2023,6,7,80412,POINT (1016126.2771292843 252004.76140704672),EAST FORDHAM ROAD,Arthur Avenue,Hughes Avenue,4326.0,6070.0,4324.0,14720.0,1,one_direction
36179,Bronx,2023-06-08,2023,6,8,79134,POINT (1016717.7023888195 244894.29526639226),CROSS BRONX EXPRESSWAY SR NORTH,Longfellow Avenue,Bryant Avenue,153.0,153.0,59.0,365.0,1,one_direction
36179,Bronx,2023-06-08,2023,6,8,80412,POINT (1016126.2771292843 252004.76140704672),EAST FORDHAM ROAD,Arthur Avenue,Hughes Avenue,3884.0,5887.0,4627.0,14398.0,1,one_direction
36179,Bronx,2023-06-09,2023,6,9,79134,POINT (1016717.7023888195 244894.29526639226),CROSS BRONX EXPRESSWAY SR NORTH,Longfellow Avenue,Bryant Avenue,128.0,175.0,67.0,370.0,1,one_direction
36179,Bronx,2023-06-09,2023,6,9,80412,POINT (1016126.2771292843 252004.76140704672),EAST FORDHAM ROAD,Arthur Avenue,Hughes Avenue,4068.0,6026.0,5179.0,15273.0,1,one_direction
36179,Bronx,2023-06-09,2023,6,9,121080,POINT (1016263.5970719495 242721.67686184403),WEST FARMS ROAD,Dead end,East 172 Street,907.0,1185.0,702.0,2794.0,1,one_direction
36179,Brooklyn,2023-05-16,2023,5,16,26075,POINT (997521.2370825179 152224.26640221247),SHORE PARKWAY,East 16 Street,Bay Court,3053.0,4195.0,2707.0,9955.0,1,one_direction
36179,Brooklyn,2023-05-16,2023,5,16,127289,POINT (991749.6115486018 157405.52726296766),MC DONALD AVENUE,Alley,Culver Line,1349.0,1786.0,959.0,4094.0,1,one_direction
36179,Brooklyn,2023-05-16,2023,5,16,194358,POINT (997556.2890798495 152435.8772836191),SHORE PARKWAY,Sheepshead Bay Road,East 16 Street,1226.0,1749.0,1166.0,4141.0,1,one_direction
36179,Brooklyn,2023-05-17,2023,5,17,26995,POINT (994711.6582933458 164337.98581393147),AVENUE M,Chestnut Avenue,East 13 Street,1513.0,1791.0,1686.0,4990.0,1,one_direction
36179,Brooklyn,2023-05-17,2023,5,17,27064,POINT (994143.0089439497 170059.3025858862),FOSTER AVENUE,Argyle Road,Rugby Road,1790.0,2397.0,1811.0,5998.0,1,one_direction
36179,Brooklyn,2023-05-17,2023,5,17,127289,POINT (991749.6115486018 157405.52726296766),MC DONALD AVENUE,Alley,Culver Line,1468.0,1734.0,1018.0,4220.0,1,one_direction
36179,Brooklyn,2023-05-18,2023,5,18,26995,POINT (994711.6582933458 164337.98581393147),AVENUE M,Chestnut Avenue,East 13 Street,1443.0,1795.0,1667.0,4905.0,1,one_direction
36179,Brooklyn,2023-05-18,2023,5,18,27064,POINT (994143.0089439497 170059.3025858862),FOSTER AVENUE,Argyle Road,Rugby Road,1800.0,2192.0,1742.0,5734.0,1,one_direction
36179,Brooklyn,2023-05-18,2023,5,18,127289,POINT (991749.6115486018 157405.52726296766),MC DONALD AVENUE,Alley,Culver Line,1389.0,1797.0,1128.0,4314.0,1,one_direction
36179,Brooklyn,2023-05-19,2023,5,19,26995,POINT (994711.6582933458 164337.98581393147),AVENUE M,Chestnut Avenue,East 13 Street,1524.0,1794.0,1544.0,4862.0,1,one_direction
36179,Brooklyn,2023-05-19,2023,5,19,27064,POINT (994143.0089439497 170059.3025858862),FOSTER AVENUE,Argyle Road,Rugby Road,1814.0,2483.0,1791.0,6088.0,1,one_direction
36179,Brooklyn,2023-05-19,2023,5,19,127289,POINT (991749.6115486018 157405.52726296766),MC DONALD AVENUE,Alley,Culver Line,1430.0,1750.0,1009.0,4189.0,1,one_direction
36179,Brooklyn,2023-05-20,2023,5,20,26995,POINT (994711.6582933458 164337.98581393147),AVENUE M,Chestnut Avenue,East 13 Street,1167.0,1959.0,1626.0,4752.0,1,one_direction
36179,Brooklyn,2023-05-20,2023,5,20,27064,POINT (994143.0089439497 170059.3025858862),FOSTER AVENUE,Argyle Road,Rugby Road,1141.0,2309.0,1710.0,5160.0,1,one_direction
36179,Brooklyn,2023-05-20,2023,5,20,127289,POINT (991749.6115486018 157405.52726296766),MC DONALD AVENUE,Alley,Culver Line,1746.0,1365.0,938.0,4049.0,1,one_direction
36179,Brooklyn,2023-05-21,2023,5,21,26995,POINT (994711.6582933458 164337.98581393147),AVENUE M,Chestnut Avenue,East 13 Street,1003.0,1630.0,1260.0,3893.0,1,one_direction
36179,Brooklyn,2023-05-21,2023,5,21,27064,POINT (994143.0089439497 170059.3025858862),FOSTER AVENUE,Argyle Road,Rugby Road,927.0,2020.0,1417.0,4364.0,1,one_direction
36179,Brooklyn,2023-05-21,2023,5,21,127289,POINT (991749.6115486018 157405.52726296766),MC DONALD AVENUE,Alley,Culver Line,1015.0,1440.0,937.0,3392.0,1,one_direction
36179,Brooklyn,2023-05-22,2023,5,22,26995,POINT (994711.6582933458 164337.98581393147),AVENUE M,Chestnut Avenue,East 13 Street,1553.0,1850.0,1507.0,4910.0,1,one_direction
36179,Brooklyn,2023-05-22,2023,5,22,27064,POINT (994143.0089439497 170059.3025858862),FOSTER AVENUE,Argyle Road,Rugby Road,1767.0,2288.0,1566.0,5621.0,1,one_direction
36179,Brooklyn,2023-05-22,2023,5,22,135474,POINT (1015029.8389560455 150472.27834534043),FLATBUSH AVENUE,Dead end,Dead End,2738.0,5378.0,3000.0,11116.0,1,one_direction
36179,Brooklyn,2023-05-23,2023,5,23,26995,POINT (994711.6582933458 164337.98581393147),AVENUE M,Chestnut Avenue,East 13 Street,1372.0,1793.0,1657.0,4822.0,1,one_direction
36179,Brooklyn,2023-05-23,2023,5,23,27064,POINT (994143.0089439497 170059.3025858862),FOSTER AVENUE,Argyle Road,Rugby Road,1868.0,2422.0,1612.0,5902.0,1,one_direction
36179,Brooklyn,2023-05-23,2023,5,23,135474,POINT (1015029.8389560455 150472.27834534043),FLATBUSH AVENUE,Dead end,Dead End,2401.0,5746.0,3405.0,11552.0,1,one_direction
36179,Brooklyn,2023-05-30,2023,5,30,45137,POINT (1007468.689099653 194816.04242946825),GREENE AVENUE,Irving Avenue,14 Street/canarsie Line,412.0,595.0,434.0,1441.0,1,one_direction
36179,Brooklyn,2023-05-30,2023,5,30,115582,POINT (1018966.3467265358 190307.77276128004),JAMAICA AVENUE,Euclid Avenue,Crescent Street,4111.0,5769.0,3992.0,13872.0,2,two_directions
36179,Brooklyn,2023-05-30,2023,5,30,128768,POINT (1016787.9863509124 181688.32005456314),ASHFORD STREET,New Lots Avenue,Alley,678.0,884.0,617.0,2179.0,1,one_direction
36179,Brooklyn,2023-05-31,2023,5,31,45137,POINT (1007468.689099653 194816.04242946825),GREENE AVENUE,Irving Avenue,14 Street/canarsie Line,308.0,611.0,481.0,1400.0,1,one_direction
36179,Brooklyn,2023-05-31,2023,5,31,115582,POINT (1018966.3467265358 190307.77276128004),JAMAICA AVENUE,Euclid Avenue,Crescent Street,4054.0,5976.0,4197.0,14227.0,2,two_directions
36179,Brooklyn,2023-05-31,2023,5,31,128768,POINT (1016787.9863509124 181688.32005456314),ASHFORD STREET,New Lots Avenue,Alley,697.0,941.0,690.0,2328.0,1,one_direction
36179,Brooklyn,2023-06-01,2023,6,1,45137,POINT (1007468.689099653 194816.04242946825),GREENE AVENUE,Irving Avenue,14 Street/canarsie Line,397.0,594.0,525.0,1516.0,1,one_direction
36179,Brooklyn,2023-06-01,2023,6,1,115582,POINT (1018966.3467265358 190307.77276128004),JAMAICA AVENUE,Euclid Avenue,Crescent Street,1511.0,2856.0,2106.0,6473.0,1,one_direction
36179,Brooklyn,2023-06-01,2023,6,1,128768,POINT (1016787.9863509124 181688.32005456314),ASHFORD STREET,New Lots Avenue,Alley,714.0,966.0,710.0,2390.0,1,one_direction
36179,Brooklyn,2023-06-02,2023,6,2,45137,POINT (1007468.689099653 194816.04242946825),GREENE AVENUE,Irving Avenue,14 Street/canarsie Line,431.0,636.0,587.0,1654.0,1,one_direction
36179,Brooklyn,2023-06-02,2023,6,2,115582,POINT (1018966.3467265358 190307.77276128004),JAMAICA AVENUE,Euclid Avenue,Crescent Street,1686.0,3041.0,2258.0,6985.0,1,one_direction
36179,Brooklyn,2023-06-02,2023,6,2,128768,POINT (1016787.9863509124 181688.32005456314),ASHFORD STREET,New Lots Avenue,Alley,744.0,1010.0,736.0,2490.0,1,one_direction
36179,Brooklyn,2023-06-03,2023,6,3,45137,POINT (1007468.689099653 194816.04242946825),GREENE AVENUE,Irving Avenue,14 Street/canarsie Line,364.0,745.0,541.0,1650.0,1,one_direction
36179,Brooklyn,2023-06-03,2023,6,3,115582,POINT (1018966.3467265358 190307.77276128004),JAMAICA AVENUE,Euclid Avenue,Crescent Street,1447.0,2714.0,2118.0,6279.0,1,one_direction
36179,Brooklyn,2023-06-03,2023,6,3,128768,POINT (1016787.9863509124 181688.32005456314),ASHFORD STREET,New Lots Avenue,Alley,545.0,977.0,659.0,2181.0,1,one_direction
36179,Brooklyn,2023-06-04,2023,6,4,45137,POINT (1007468.689099653 194816.04242946825),GREENE AVENUE,Irving Avenue,14 Street/canarsie Line,259.0,582.0,458.0,1299.0,1,one_direction
36179,Brooklyn,2023-06-04,2023,6,4,115582,POINT (1018966.3467265358 190307.77276128004),JAMAICA AVENUE,Euclid Avenue,Crescent Street,987.0,2398.0,1867.0,5252.0,1,one_direction
36179,Brooklyn,2023-06-04,2023,6,4,128768,POINT (1016787.9863509124 181688.32005456314),ASHFORD STREET,New Lots Avenue,Alley,445.0,869.0,580.0,1894.0,1,one_direction
36179,Brooklyn,2023-06-05,2023,6,5,115582,POINT (1018966.3467265358 190307.77276128004),JAMAICA AVENUE,Euclid Avenue,Crescent Street,1488.0,2767.0,1968.0,6223.0,1,one_direction
36179,Manhattan,2023-05-24,2023,5,24,70915,POINT (1001064.4614978336 246298.1775532012),BROADWAY,8 Avenue Line,8 Avenue Line,1958.0,2137.0,1526.0,5621.0,1,one_direction
36179,Manhattan,2023-05-24,2023,5,24,106224,POINT (995743.3856895748 227074.5601269494),97 ST TRANSVERSE,Dead End,Dead end,6810.0,9588.0,7835.0,24233.0,2,two_directions
36179,Manhattan,2023-05-25,2023,5,25,70915,POINT (1001064.4614978336 246298.1775532012),BROADWAY,8 Avenue Line,8 Avenue Line,1901.0,1836.0,1435.0,5172.0,1,one_direction
36179,Manhattan,2023-05-25,2023,5,25,106224,POINT (995743.3856895748 227074.5601269494),97 ST TRANSVERSE,Dead End,Dead end,7032.0,9448.0,7735.0,24215.0,2,two_directions
36179,Manhattan,2023-05-26,2023,5,26,70915,POINT (1001064.4614978336 246298.1775532012),BROADWAY,8 Avenue Line,8 Avenue Line,1795.0,1847.0,1737.0,5379.0,1,one_direction
36179,Manhattan,2023-05-26,2023,5,26,106224,POINT (995743.3856895748 227074.5601269494),97 ST TRANSVERSE,Dead End,Dead end,7020.0,9994.0,7158.0,24172.0,2,two_directions
36179,Manhattan,2023-05-27,2023,5,27,70915,POINT (1001064.4614978336 246298.1775532012),BROADWAY,8 Avenue Line,8 Avenue Line,1262.0,1865.0,1731.0,4858.0,1,one_direction
36179,Manhattan,2023-05-27,2023,5,27,106224,POINT (995743.3856895748 227074.5601269494),97 ST TRANSVERSE,Dead End,Dead end,4970.0,9140.0,6586.0,20696.0,2,two_directions
36179,Manhattan,2023-05-28,2023,5,28,70915,POINT (1001064.4614978336 246298.1775532012),BROADWAY,8 Avenue Line,8 Avenue Line,953.0,1629.0,1507.0,4089.0,1,one_direction
36179,Manhattan,2023-05-28,2023,5,28,106224,POINT (995743.3856895748 227074.5601269494),97 ST TRANSVERSE,Dead End,Dead end,3963.0,8871.0,6735.0,19569.0,2,two_directions
36179,Manhattan,2023-05-29,2023,5,29,34338,POINT (987861.139171362 220283.7730809795),AMSTERDAM AVENUE,West 60 Street,West 61 Street,4097.0,6322.0,4901.0,15320.0,1,one_direction
36179,Manhattan,2023-06-05,2023,6,5,33068,POINT (988461.3035667035 201445.2673191571),CLINTON STREET,Stanton Street,Rivington Street,2512.0,3275.0,3005.0,8792.0,1,one_direction
36179,Manhattan,2023-06-06,2023,6,6,33068,POINT (988461.3035667035 201445.2673191571),CLINTON STREET,Stanton Street,Rivington Street,2513.0,3152.0,3114.0,8779.0,1,one_direction
36179,Manhattan,2023-06-07,2023,6,7,33068,POINT (988461.3035667035 201445.2673191571),CLINTON STREET,Stanton Street,Rivington Street,2417.0,3063.0,3129.0,8609.0,1,one_direction
36179,Manhattan,2023-06-08,2023,6,8,33068,POINT (988461.3035667035 201445.2673191571),CLINTON STREET,Stanton Street,Rivington Street,2617.0,3341.0,3096.0,9054.0,1,one_direction
36179,Queens,2023-03-30,2023,3,30,141367,POINT (1013843.067320377 189249.1128744095),JACKIE ROBINSON PARKWAY,Dead end,Dead End,9974.0,14512.0,11284.0,35770.0,1,one_direction
36179,Queens,2023-03-30,2023,3,30,141368,POINT (1013863.022665683 189322.08862438225),JACKIE ROBINSON PARKWAY,Dead End,Mt Judah Cemetery Boundary,11530.0,12874.0,10248.0,34652.0,1,one_direction
36179,Queens,2023-03-30,2023,3,30,143961,POINT (1015409.0884345148 204350.1023160981),LONG ISLAND EXPRESSWAY,Dead End,74 Street,3430.0,977.0,3878.0,8285.0,1,one_direction
36179,Queens,2023-03-30,2023,3,30,174904,POINT (1015366.8530253103 204474.92114100757),LONG ISLAND EXPWY ET 19 WB,74 Street,Dead End,3932.0,5215.0,3521.0,12668.0,1,one_direction
36179,Queens,2023-04-04,2023,4,4,141367,POINT (1013843.067320377 189249.1128744095),JACKIE ROBINSON PARKWAY,Dead end,Dead End,9224.0,14865.0,10874.0,34963.0,1,one_direction
36179,Queens,2023-04-04,2023,4,4,141368,POINT (1013863.022665683 189322.08862438225),JACKIE ROBINSON PARKWAY,Dead End,Mt Judah Cemetery Boundary,11015.0,12382.0,8811.0,32208.0,1,one_direction
36179,Queens,2023-04-04,2023,4,4,174904,POINT (1015366.8530253103 204474.92114100757),LONG ISLAND EXPWY ET 19 WB,74 Street,Dead End,4044.0,5375.0,4127.0,13546.0,1,one_direction
36179,Queens,2023-04-05,2023,4,5,141367,POINT (1013843.067320377 189249.1128744095),JACKIE ROBINSON PARKWAY,Dead end,Dead End,9121.0,13806.0,10201.0,33128.0,1,one_direction
36179,Queens,2023-04-05,2023,4,5,141368,POINT (1013863.022665683 189322.08862438225),JACKIE ROBINSON PARKWAY,Dead End,Mt Judah Cemetery Boundary,10191.0,11768.0,8559.0,30518.0,1,one_direction
36179,Queens,2023-04-05,2023,4,5,143961,POINT (1015409.0884345148 204350.1023160981),LONG ISLAND EXPRESSWAY,Dead End,74 Street,0.0,10981.0,7224.0,18205.0,1,one_direction
36179,Queens,2023-04-05,2023,4,5,174904,POINT (1015366.8530253103 204474.92114100757),LONG ISLAND EXPWY ET 19 WB,74 Street,Dead End,3933.0,5431.0,3956.0,13320.0,1,one_direction
36179,Queens,2023-04-18,2023,4,18,135025,POINT (1033996.7401884315 156266.3636655733),CROSS BAY BOULEVARD,Dead End,Broad Channel Island Shoreline,2460.0,4231.0,2903.0,9594.0,1,one_direction
36179,Queens,2023-04-18,2023,4,18,140473,POINT (1010346.2616429372 207876.17046767005),BROOKLYN QUEENS EXPRESSWAY,Dead end,Dead End,12969.0,10308.0,12686.0,35963.0,1,one_direction
36179,Queens,2023-04-18,2023,4,18,144331,POINT (1010313.0076932334 207917.47399859564),BROOKLYN QUEENS EXPRESSWAY,Dead End,Dead end,9919.0,15767.0,15790.0,41476.0,1,one_direction
36179,Queens,2023-04-18,2023,4,18,150389,POINT (1034040.036868369 156285.4275618372),CROSS BAY BOULEVARD,Dead End,Broad Channel Island Shoreline,3766.0,4138.0,1747.0,9651.0,1,one_direction
36179,Queens,2023-04-19,2023,4,19,135025,POINT (1033996.7401884315 156266.3636655733),CROSS BAY BOULEVARD,Dead End,Broad Channel Island Shoreline,2560.0,4376.0,2990.0,9926.0,1,one_direction
36179,Queens,2023-04-19,2023,4,19,140473,POINT (1010346.2616429372 207876.17046767005),BROOKLYN QUEENS EXPRESSWAY,Dead end,Dead End,13107.0,6681.0,16060.0,35848.0,1,one_direction
36179,Queens,2023-04-19,2023,4,19,144331,POINT (1010313.0076932334 207917.47399859564),BROOKLYN QUEENS EXPRESSWAY,Dead End,Dead end,13594.0,18102.0,15348.0,47044.0,1,one_direction
36179,Queens,2023-04-19,2023,4,19,150389,POINT (1034040.036868369 156285.4275618372),CROSS BAY BOULEVARD,Dead End,Broad Channel Island Shoreline,3779.0,4237.0,1825.0,9841.0,1,one_direction
36179,Queens,2023-04-20,2023,4,20,135025,POINT (1033996.7401884315 156266.3636655733),CROSS BAY BOULEVARD,Dead End,Broad Channel Island Shoreline,2404.0,4320.0,3098.0,9822.0,1,one_direction
36179,Queens,2023-04-20,2023,4,20,140473,POINT (1010346.2616429372 207876.17046767005),BROOKLYN QUEENS EXPRESSWAY,Dead end,Dead End,15779.0,14036.0,13670.0,43485.0,1,one_direction
36179,Queens,2023-04-20,2023,4,20,144331,POINT (1010313.0076932334 207917.47399859564),BROOKLYN QUEENS EXPRESSWAY,Dead End,Dead end,11816.0,17766.0,15959.0,45541.0,1,one_direction
36179,Queens,2023-04-20,2023,4,20,150389,POINT (1034040.036868369 156285.4275618372),CROSS BAY BOULEVARD,Dead End,Broad Channel Island Shoreline,3784.0,4516.0,2116.0,10416.0,1,one_direction
36179,Queens,2023-04-25,2023,4,25,134071,POINT (1029710.5751552226 206636.25004324925),VAN WYCK EXPRESSWAY,Dead End,Dead end,13121.0,17046.0,14320.0,44487.0,1,one_direction
36179,Queens,2023-04-25,2023,4,25,138766,POINT (1035854.6105769284 200112.1762885384),GRAND CENTRAL PARKWAY,Dead End,Dead end,4660.0,2962.0,10136.0,17758.0,1,one_direction
36179,Queens,2023-04-25,2023,4,25,139069,POINT (1035852.0563073272 200167.76815625254),GRAND CENTRAL PARKWAY,Dead End,Dead end,0.0,6542.0,10711.0,17253.0,1,one_direction
36179,Queens,2023-04-25,2023,4,25,139317,POINT (1029764.5558550587 206620.68480365377),VAN WYCK EXPRESSWAY,Dead end,Dead End,10745.0,15360.0,15349.0,41454.0,1,one_direction
36179,Queens,2023-04-26,2023,4,26,134071,POINT (1029710.5751552226 206636.25004324925),VAN WYCK EXPRESSWAY,Dead End,Dead end,13650.0,16919.0,14676.0,45245.0,1,one_direction
36179,Queens,2023-04-26,2023,4,26,138766,POINT (1035854.6105769284 200112.1762885384),GRAND CENTRAL PARKWAY,Dead End,Dead end,2667.0,4390.0,9834.0,16891.0,1,one_direction
36179,Queens,2023-04-26,2023,4,26,139069,POINT (1035852.0563073272 200167.76815625254),GRAND CENTRAL PARKWAY,Dead End,Dead end,0.0,5494.0,9263.0,14757.0,1,one_direction
36179,Queens,2023-04-26,2023,4,26,139317,POINT (1029764.5558550587 206620.68480365377),VAN WYCK EXPRESSWAY,Dead end,Dead End,11356.0,10565.0,13482.0,35403.0,1,one_direction
36179,Queens,2023-04-27,2023,4,27,138766,POINT (1035854.6105769284 200112.1762885384),GRAND CENTRAL PARKWAY,Dead End,Dead end,964.0,1812.0,8107.0,10883.0,1,one_direction
36179,Queens,2023-06-09,2023,6,9,56986,POINT (1037393.5788561384 191816.9184522191),LIBERTY AVENUE,Pinegrove Street,Inwood Street,1703.0,2346.0,2040.0,6089.0,1,one_direction
36190,Brooklyn,2023-04-27,2023,4,27,30683,POINT (995217.7671686724 195123.25472860486),BQE EB EN WILLIAMSBURG STREET E,Hewes Street,Bedford Avenue,5081.0,5436.0,5897.0,16414.0,1,one_direction
36190,Brooklyn,2023-04-27,2023,4,27,133936,POINT (978016.1137508582 165510.0722486327),GOWANUS EP WB EN FT HAMILTON PY,Dead End,Gowanus Expressway,3797.0,5605.0,4550.0,13952.0,1,one_direction
36190,Brooklyn,2023-04-27,2023,4,27,161164,POINT (975499.9554217118 173170.2859814083),BELT PARKWAY EB EN RIDGE BLVD,Dead End,Dead end,3335.0,4863.0,3291.0,11489.0,1,one_direction
36190,Brooklyn,2023-04-28,2023,4,28,28637,POINT (998290.0979931495 170437.75728104395),FLATBUSH AVENUE,Glenwood Road,East 29 Street,6033.0,6533.0,6052.0,18618.0,2,two_directions
36190,Brooklyn,2023-04-28,2023,4,28,9003591,POINT (999725.6730184525 192836.2813155484),MYRTLE AVENUE,Throop Avenue,Tompkins Houses Pedestrian Path,2493.0,3302.0,3320.0,9115.0,2,two_directions
36190,Brooklyn,2023-04-29,2023,4,29,28637,POINT (998290.0979931495 170437.75728104395),FLATBUSH AVENUE,Glenwood Road,East 29 Street,5411.0,6880.0,6356.0,18647.0,2,two_directions
36190,Brooklyn,2023-04-29,2023,4,29,9003591,POINT (999725.6730184525 192836.2813155484),MYRTLE AVENUE,Throop Avenue,Tompkins Houses Pedestrian Path,1919.0,3460.0,2788.0,8167.0,2,two_directions
36190,Brooklyn,2023-04-30,2023,4,30,28637,POINT (998290.0979931495 170437.75728104395),FLATBUSH AVENUE,Glenwood Road,East 29 Street,5019.0,6831.0,6604.0,18454.0,2,two_directions
36190,Brooklyn,2023-04-30,2023,4,30,9003591,POINT (999725.6730184525 192836.2813155484),MYRTLE AVENUE,Throop Avenue,Tompkins Houses Pedestrian Path,1497.0,2894.0,2172.0,6563.0,2,two_directions
36190,Brooklyn,2023-05-01,2023,5,1,28637,POINT (998290.0979931495 170437.75728104395),FLATBUSH AVENUE,Glenwood Road,East 29 Street,6033.0,6855.0,6123.0,19011.0,2,two_directions
36190,Brooklyn,2023-05-01,2023,5,1,9003591,POINT (999725.6730184525 192836.2813155484),MYRTLE AVENUE,Throop Avenue,Tompkins Houses Pedestrian Path,2282.0,3270.0,2184.0,7736.0,2,two_directions
36190,Brooklyn,2023-05-02,2023,5,2,28637,POINT (998290.0979931495 170437.75728104395),FLATBUSH AVENUE,Glenwood Road,East 29 Street,6040.0,6803.0,6057.0,18900.0,2,two_directions
36190,Brooklyn,2023-05-02,2023,5,2,9003591,POINT (999725.6730184525 192836.2813155484),MYRTLE AVENUE,Throop Avenue,Tompkins Houses Pedestrian Path,2388.0,3175.0,2154.0,7717.0,2,two_directions
36190,Brooklyn,2023-05-03,2023,5,3,28637,POINT (998290.0979931495 170437.75728104395),FLATBUSH AVENUE,Glenwood Road,East 29 Street,5946.0,6802.0,6098.0,18846.0,2,two_directions
36190,Brooklyn,2023-05-03,2023,5,3,9003591,POINT (999725.6730184525 192836.2813155484),MYRTLE AVENUE,Throop Avenue,Tompkins Houses Pedestrian Path,2190.0,3142.0,2268.0,7600.0,2,two_directions
36190,Brooklyn,2023-05-04,2023,5,4,28637,POINT (998290.0979931495 170437.75728104395),FLATBUSH AVENUE,Glenwood Road,East 29 Street,6132.0,6798.0,6016.0,18946.0,2,two_directions
36190,Brooklyn,2023-05-04,2023,5,4,9003591,POINT (999725.6730184525 192836.2813155484),MYRTLE AVENUE,Throop Avenue,Tompkins Houses Pedestrian Path,2503.0,3221.0,2370.0,8094.0,2,two_directions
36190,Brooklyn,2023-05-05,2023,5,5,136426,POINT (993737.2065129309 153954.92937729936),OCEAN PARKWAY,Parkway Court,Avenue Y,542.0,683.0,331.0,1556.0,1,one_direction
36190,Brooklyn,2023-05-05,2023,5,5,163568,POINT (991822.3175400647 171004.37029501557),OCEAN PARKWAY,Ditmas Avenue,Dead end,540.0,664.0,464.0,1668.0,1,one_direction
36190,Brooklyn,2023-05-05,2023,5,5,167107,POINT (1007710.5491228423 159113.99335962714),FLATBUSH AVENUE,Dead End,Belt Parkway Exit 11 North Wb,15972.0,19980.0,14701.0,50653.0,2,two_directions
36190,Brooklyn,2023-05-05,2023,5,5,9003591,POINT (999725.6730184525 192836.2813155484),MYRTLE AVENUE,Throop Avenue,Tompkins Houses Pedestrian Path,2470.0,3497.0,3254.0,9221.0,2,two_directions
36190,Brooklyn,2023-05-06,2023,5,6,136426,POINT (993737.2065129309 153954.92937729936),OCEAN PARKWAY,Parkway Court,Avenue Y,183.0,380.0,331.0,894.0,1,one_direction
36190,Brooklyn,2023-05-06,2023,5,6,150051,POINT (1000710.2377161981 183056.38482846253),EASTERN PARKWAY,Albany Avenue,Kingston Avenue,464.0,885.0,863.0,2212.0,2,two_directions
36190,Brooklyn,2023-05-06,2023,5,6,163568,POINT (991822.3175400647 171004.37029501557),OCEAN PARKWAY,Ditmas Avenue,Dead end,238.0,434.0,470.0,1142.0,1,one_direction
36190,Brooklyn,2023-05-06,2023,5,6,167107,POINT (1007710.5491228423 159113.99335962714),FLATBUSH AVENUE,Dead End,Belt Parkway Exit 11 North Wb,12399.0,18277.0,15611.0,46287.0,2,two_directions
36190,Brooklyn,2023-05-06,2023,5,6,9003591,POINT (999725.6730184525 192836.2813155484),MYRTLE AVENUE,Throop Avenue,Tompkins Houses Pedestrian Path,1902.0,3413.0,2962.0,8277.0,2,two_directions
36190,Brooklyn,2023-05-07,2023,5,7,136426,POINT (993737.2065129309 153954.92937729936),OCEAN PARKWAY,Parkway Court,Avenue Y,308.0,565.0,386.0,1259.0,1,one_direction
36190,Brooklyn,2023-05-07,2023,5,7,150051,POINT (1000710.2377161981 183056.38482846253),EASTERN PARKWAY,Albany Avenue,Kingston Avenue,607.0,1299.0,1030.0,2936.0,2,two_directions
36190,Brooklyn,2023-05-07,2023,5,7,163568,POINT (991822.3175400647 171004.37029501557),OCEAN PARKWAY,Ditmas Avenue,Dead end,382.0,635.0,501.0,1518.0,1,one_direction
36190,Brooklyn,2023-05-07,2023,5,7,167107,POINT (1007710.5491228423 159113.99335962714),FLATBUSH AVENUE,Dead End,Belt Parkway Exit 11 North Wb,11319.0,17837.0,13833.0,42989.0,2,two_directions
36190,Brooklyn,2023-05-07,2023,5,7,9003591,POINT (999725.6730184525 192836.2813155484),MYRTLE AVENUE,Throop Avenue,Tompkins Houses Pedestrian Path,1711.0,3168.0,2341.0,7220.0,2,two_directions
36190,Brooklyn,2023-05-08,2023,5,8,136426,POINT (993737.2065129309 153954.92937729936),OCEAN PARKWAY,Parkway Court,Avenue Y,470.0,597.0,443.0,1510.0,1,one_direction
36190,Brooklyn,2023-05-08,2023,5,8,150051,POINT (1000710.2377161981 183056.38482846253),EASTERN PARKWAY,Albany Avenue,Kingston Avenue,1212.0,1376.0,1167.0,3755.0,2,two_directions
36190,Brooklyn,2023-05-08,2023,5,8,163568,POINT (991822.3175400647 171004.37029501557),OCEAN PARKWAY,Ditmas Avenue,Dead end,567.0,646.0,549.0,1762.0,1,one_direction
36190,Brooklyn,2023-05-08,2023,5,8,167107,POINT (1007710.5491228423 159113.99335962714),FLATBUSH AVENUE,Dead End,Belt Parkway Exit 11 North Wb,15597.0,19232.0,13723.0,48552.0,2,two_directions
36190,Brooklyn,2023-05-08,2023,5,8,191420,POINT (1009641.7787188389 177763.87165765063),LINDEN BOULEVARD,Dead End,Dead end,2401.0,2461.0,1660.0,6522.0,2,two_directions
36190,Brooklyn,2023-05-09,2023,5,9,136426,POINT (993737.2065129309 153954.92937729936),OCEAN PARKWAY,Parkway Court,Avenue Y,468.0,594.0,445.0,1507.0,1,one_direction
36190,Brooklyn,2023-05-09,2023,5,9,150051,POINT (1000710.2377161981 183056.38482846253),EASTERN PARKWAY,Albany Avenue,Kingston Avenue,1190.0,1787.0,1138.0,4115.0,2,two_directions
36190,Brooklyn,2023-05-09,2023,5,9,163568,POINT (991822.3175400647 171004.37029501557),OCEAN PARKWAY,Ditmas Avenue,Dead end,635.0,597.0,464.0,1696.0,1,one_direction
36190,Brooklyn,2023-05-09,2023,5,9,167107,POINT (1007710.5491228423 159113.99335962714),FLATBUSH AVENUE,Dead End,Belt Parkway Exit 11 North Wb,16131.0,18752.0,14014.0,48897.0,2,two_directions
36190,Brooklyn,2023-05-09,2023,5,9,191420,POINT (1009641.7787188389 177763.87165765063),LINDEN BOULEVARD,Dead End,Dead end,2254.0,2489.0,1587.0,6330.0,2,two_directions
36190,Brooklyn,2023-05-10,2023,5,10,136426,POINT (993737.2065129309 153954.92937729936),OCEAN PARKWAY,Parkway Court,Avenue Y,459.0,598.0,462.0,1519.0,1,one_direction
36190,Brooklyn,2023-05-10,2023,5,10,150051,POINT (1000710.2377161981 183056.38482846253),EASTERN PARKWAY,Albany Avenue,Kingston Avenue,1119.0,1362.0,1041.0,3522.0,2,two_directions
36190,Brooklyn,2023-05-10,2023,5,10,163568,POINT (991822.3175400647 171004.37029501557),OCEAN PARKWAY,Ditmas Avenue,Dead end,594.0,653.0,464.0,1711.0,1,one_direction
36190,Brooklyn,2023-05-10,2023,5,10,167107,POINT (1007710.5491228423 159113.99335962714),FLATBUSH AVENUE,Dead End,Belt Parkway Exit 11 North Wb,15772.0,18635.0,13980.0,48387.0,2,two_directions
36190,Brooklyn,2023-05-10,2023,5,10,191420,POINT (1009641.7787188389 177763.87165765063),LINDEN BOULEVARD,Dead End,Dead end,2452.0,2728.0,1825.0,7005.0,2,two_directions
36190,Brooklyn,2023-05-11,2023,5,11,136426,POINT (993737.2065129309 153954.92937729936),OCEAN PARKWAY,Parkway Court,Avenue Y,469.0,581.0,459.0,1509.0,1,one_direction
36190,Brooklyn,2023-05-11,2023,5,11,150051,POINT (1000710.2377161981 183056.38482846253),EASTERN PARKWAY,Albany Avenue,Kingston Avenue,1268.0,1439.0,1079.0,3786.0,2,two_directions
36190,Brooklyn,2023-05-11,2023,5,11,163568,POINT (991822.3175400647 171004.37029501557),OCEAN PARKWAY,Ditmas Avenue,Dead end,608.0,670.0,529.0,1807.0,1,one_direction
36190,Brooklyn,2023-05-11,2023,5,11,167107,POINT (1007710.5491228423 159113.99335962714),FLATBUSH AVENUE,Dead End,Belt Parkway Exit 11 North Wb,16326.0,18616.0,14839.0,49781.0,2,two_directions
36190,Brooklyn,2023-05-11,2023,5,11,191420,POINT (1009641.7787188389 177763.87165765063),LINDEN BOULEVARD,Dead End,Dead end,2602.0,2858.0,1957.0,7417.0,2,two_directions
36190,Brooklyn,2023-05-12,2023,5,12,136426,POINT (993737.2065129309 153954.92937729936),OCEAN PARKWAY,Parkway Court,Avenue Y,488.0,626.0,368.0,1482.0,1,one_direction
36190,Brooklyn,2023-05-12,2023,5,12,150051,POINT (1000710.2377161981 183056.38482846253),EASTERN PARKWAY,Albany Avenue,Kingston Avenue,1288.0,1499.0,969.0,3756.0,2,two_directions
36190,Brooklyn,2023-05-12,2023,5,12,163568,POINT (991822.3175400647 171004.37029501557),OCEAN PARKWAY,Ditmas Avenue,Dead end,495.0,739.0,467.0,1701.0,1,one_direction
36190,Brooklyn,2023-05-12,2023,5,12,167107,POINT (1007710.5491228423 159113.99335962714),FLATBUSH AVENUE,Dead End,Belt Parkway Exit 11 North Wb,16171.0,19674.0,14711.0,50556.0,2,two_directions
36190,Brooklyn,2023-05-12,2023,5,12,191420,POINT (1009641.7787188389 177763.87165765063),LINDEN BOULEVARD,Dead End,Dead end,2053.0,3263.0,2507.0,7823.0,2,two_directions
36190,Brooklyn,2023-05-13,2023,5,13,136426,POINT (993737.2065129309 153954.92937729936),OCEAN PARKWAY,Parkway Court,Avenue Y,249.0,355.0,360.0,964.0,1,one_direction
36190,Brooklyn,2023-05-13,2023,5,13,150051,POINT (1000710.2377161981 183056.38482846253),EASTERN PARKWAY,Albany Avenue,Kingston Avenue,537.0,960.0,897.0,2394.0,2,two_directions
36190,Brooklyn,2023-05-13,2023,5,13,163568,POINT (991822.3175400647 171004.37029501557),OCEAN PARKWAY,Ditmas Avenue,Dead end,285.0,475.0,471.0,1231.0,1,one_direction
36190,Brooklyn,2023-05-13,2023,5,13,167107,POINT (1007710.5491228423 159113.99335962714),FLATBUSH AVENUE,Dead End,Belt Parkway Exit 11 North Wb,13085.0,18049.0,15383.0,46517.0,2,two_directions
36190,Brooklyn,2023-05-13,2023,5,13,191420,POINT (1009641.7787188389 177763.87165765063),LINDEN BOULEVARD,Dead End,Dead end,1946.0,3072.0,2457.0,7475.0,2,two_directions
36190,Brooklyn,2023-05-14,2023,5,14,136426,POINT (993737.2065129309 153954.92937729936),OCEAN PARKWAY,Parkway Court,Avenue Y,359.0,640.0,417.0,1416.0,1,one_direction
36190,Brooklyn,2023-05-14,2023,5,14,150051,POINT (1000710.2377161981 183056.38482846253),EASTERN PARKWAY,Albany Avenue,Kingston Avenue,679.0,1307.0,1148.0,3134.0,2,two_directions
36190,Brooklyn,2023-05-14,2023,5,14,163568,POINT (991822.3175400647 171004.37029501557),OCEAN PARKWAY,Ditmas Avenue,Dead end,369.0,656.0,497.0,1522.0,1,one_direction
36190,Brooklyn,2023-05-14,2023,5,14,167107,POINT (1007710.5491228423 159113.99335962714),FLATBUSH AVENUE,Dead End,Belt Parkway Exit 11 North Wb,11612.0,18383.0,14650.0,44645.0,2,two_directions
36190,Brooklyn,2023-05-14,2023,5,14,191420,POINT (1009641.7787188389 177763.87165765063),LINDEN BOULEVARD,Dead End,Dead end,1613.0,2959.0,2218.0,6790.0,2,two_directions
36190,Brooklyn,2023-06-10,2023,6,10,138751,POINT (1009836.9342472678 154801.48054019318),BELT PARKWAY,Dead End,Dead end,9507.0,4875.0,7384.0,21766.0,1,one_direction
36190,Brooklyn,2023-06-10,2023,6,10,141299,POINT (1011277.019428645 157943.8353518588),BELT PARKWAY,Dead End,Dead end,6851.0,0.0,2910.0,9761.0,1,one_direction
36190,Brooklyn,2023-06-10,2023,6,10,144319,POINT (1003862.9011387405 204427.39840513913),KOSCIUSZKO BRIDGE,Newtown Creek Shoreline,Dead end,0.0,995.0,1710.0,2705.0,1,one_direction
36190,Brooklyn,2023-06-10,2023,6,10,190653,POINT (986764.3533778538 152969.054750811),BELT PARKWAY,Dead End,Dead end,1507.0,2542.0,1372.0,5421.0,1,one_direction
36190,Brooklyn,2023-06-11,2023,6,11,138751,POINT (1009836.9342472678 154801.48054019318),BELT PARKWAY,Dead End,Dead end,8820.0,1849.0,7961.0,18630.0,1,one_direction
36190,Brooklyn,2023-06-11,2023,6,11,141299,POINT (1011277.019428645 157943.8353518588),BELT PARKWAY,Dead End,Dead end,10212.0,1860.0,5179.0,17251.0,1,one_direction
36190,Brooklyn,2023-06-11,2023,6,11,144319,POINT (1003862.9011387405 204427.39840513913),KOSCIUSZKO BRIDGE,Newtown Creek Shoreline,Dead end,897.0,996.0,2907.0,4800.0,1,one_direction
36190,Brooklyn,2023-06-11,2023,6,11,190653,POINT (986764.3533778538 152969.054750811),BELT PARKWAY,Dead End,Dead end,1299.0,2579.0,1168.0,5046.0,1,one_direction
36190,Brooklyn,2023-06-12,2023,6,12,138751,POINT (1009836.9342472678 154801.48054019318),BELT PARKWAY,Dead End,Dead end,5125.0,5492.0,11257.0,21874.0,1,one_direction
36190,Brooklyn,2023-06-12,2023,6,12,141299,POINT (1011277.019428645 157943.8353518588),BELT PARKWAY,Dead End,Dead end,8012.0,3299.0,13255.0,24566.0,1,one_direction
36190,Brooklyn,2023-06-12,2023,6,12,144319,POINT (1003862.9011387405 204427.39840513913),KOSCIUSZKO BRIDGE,Newtown Creek Shoreline,Dead end,1931.0,5588.0,10387.0,17906.0,1,one_direction
36190,Brooklyn,2023-06-12,2023,6,12,190653,POINT (986764.3533778538 152969.054750811),BELT PARKWAY,Dead End,Dead end,1372.0,2231.0,1093.0,4696.0,1,one_direction
36190,Brooklyn,2023-06-13,2023,6,13,138751,POINT (1009836.9342472678 154801.48054019318),BELT PARKWAY,Dead End,Dead end,0.0,1957.0,13483.0,15440.0,1,one_direction
36190,Brooklyn,2023-06-13,2023,6,13,141299,POINT (1011277.019428645 157943.8353518588),BELT PARKWAY,Dead End,Dead end,3786.0,1958.0,12425.0,18169.0,1,one_direction
36190,Brooklyn,2023-06-13,2023,6,13,144319,POINT (1003862.9011387405 204427.39840513913),KOSCIUSZKO BRIDGE,Newtown Creek Shoreline,Dead end,9890.0,10994.0,5517.0,26401.0,1,one_direction
36190,Brooklyn,2023-06-13,2023,6,13,190653,POINT (986764.3533778538 152969.054750811),BELT PARKWAY,Dead End,Dead end,1934.0,2620.0,1630.0,6184.0,1,one_direction
36190,Brooklyn,2023-06-14,2023,6,14,138751,POINT (1009836.9342472678 154801.48054019318),BELT PARKWAY,Dead End,Dead end,10587.0,1986.0,6991.0,19564.0,1,one_direction
36190,Brooklyn,2023-06-14,2023,6,14,141299,POINT (1011277.019428645 157943.8353518588),BELT PARKWAY,Dead End,Dead end,6454.0,2718.0,16437.0,25609.0,1,one_direction
36190,Brooklyn,2023-06-14,2023,6,14,144319,POINT (1003862.9011387405 204427.39840513913),KOSCIUSZKO BRIDGE,Newtown Creek Shoreline,Dead end,996.0,6364.0,11531.0,18891.0,1,one_direction
36190,Brooklyn,2023-06-14,2023,6,14,190653,POINT (986764.3533778538 152969.054750811),BELT PARKWAY,Dead End,Dead end,1955.0,2746.0,1348.0,6049.0,1,one_direction
36190,Brooklyn,2023-06-15,2023,6,15,138751,POINT (1009836.9342472678 154801.48054019318),BELT PARKWAY,Dead End,Dead end,4504.0,5485.0,11174.0,21163.0,1,one_direction
36190,Brooklyn,2023-06-15,2023,6,15,141299,POINT (1011277.019428645 157943.8353518588),BELT PARKWAY,Dead End,Dead end,3721.0,0.0,13486.0,17207.0,1,one_direction
36190,Brooklyn,2023-06-15,2023,6,15,144319,POINT (1003862.9011387405 204427.39840513913),KOSCIUSZKO BRIDGE,Newtown Creek Shoreline,Dead end,9033.0,10881.0,6494.0,26408.0,1,one_direction
36190,Brooklyn,2023-06-15,2023,6,15,190653,POINT (986764.3533778538 152969.054750811),BELT PARKWAY,Dead End,Dead end,1952.0,2813.0,1339.0,6104.0,1,one_direction
36190,Brooklyn,2023-06-16,2023,6,16,138751,POINT (1009836.9342472678 154801.48054019318),BELT PARKWAY,Dead End,Dead end,0.0,969.0,14205.0,15174.0,1,one_direction
36190,Brooklyn,2023-06-16,2023,6,16,141299,POINT (1011277.019428645 157943.8353518588),BELT PARKWAY,Dead End,Dead end,3712.0,0.0,11952.0,15664.0,1,one_direction
36190,Brooklyn,2023-06-16,2023,6,16,144319,POINT (1003862.9011387405 204427.39840513913),KOSCIUSZKO BRIDGE,Newtown Creek Shoreline,Dead end,0.0,7315.0,10597.0,17912.0,1,one_direction
36190,Brooklyn,2023-06-16,2023,6,16,190653,POINT (986764.3533778538 152969.054750811),BELT PARKWAY,Dead End,Dead end,2286.0,2751.0,1350.0,6387.0,1,one_direction
36190,Brooklyn,2023-06-17,2023,6,17,138751,POINT (1009836.9342472678 154801.48054019318),BELT PARKWAY,Dead End,Dead end,12647.0,5869.0,15171.0,33687.0,1,one_direction
36190,Brooklyn,2023-06-17,2023,6,17,141299,POINT (1011277.019428645 157943.8353518588),BELT PARKWAY,Dead End,Dead end,6977.0,0.0,986.0,7963.0,1,one_direction
36190,Brooklyn,2023-06-17,2023,6,17,144319,POINT (1003862.9011387405 204427.39840513913),KOSCIUSZKO BRIDGE,Newtown Creek Shoreline,Dead end,0.0,0.0,2725.0,2725.0,1,one_direction
36190,Brooklyn,2023-06-17,2023,6,17,190653,POINT (986764.3533778538 152969.054750811),BELT PARKWAY,Dead End,Dead end,1477.0,2472.0,1365.0,5314.0,1,one_direction
36190,Brooklyn,2023-06-18,2023,6,18,138751,POINT (1009836.9342472678 154801.48054019318),BELT PARKWAY,Dead End,Dead end,12209.0,6750.0,7144.0,26103.0,1,one_direction
36190,Brooklyn,2023-06-18,2023,6,18,141299,POINT (1011277.019428645 157943.8353518588),BELT PARKWAY,Dead End,Dead end,9180.0,1897.0,3227.0,14304.0,1,one_direction
36190,Brooklyn,2023-06-18,2023,6,18,144319,POINT (1003862.9011387405 204427.39840513913),KOSCIUSZKO BRIDGE,Newtown Creek Shoreline,Dead end,1855.0,0.0,968.0,2823.0,1,one_direction
36190,Brooklyn,2023-06-18,2023,6,18,190653,POINT (986764.3533778538 152969.054750811),BELT PARKWAY,Dead End,Dead end,1287.0,2499.0,1241.0,5027.0,1,one_direction
36190,Queens,2023-07-01,2023,7,1,153807,POINT (1023911.3187308287 178679.09832835698),BELT PARKWAY,Dead End,Dead end,5537.0,905.0,4693.0,11135.0,2,two_directions
36190,Queens,2023-07-02,2023,7,2,153807,POINT (1023911.3187308287 178679.09832835698),BELT PARKWAY,Dead End,Dead end,9925.0,1827.0,11147.0,22899.0,2,two_directions
36312,Brooklyn,2023-07-29,2023,7,29,21853,POINT (983618.1920829003 183956.60513925884),BAY STREET,Clinton Street,Court Street,1095.0,2379.0,1166.0,4640.0,2,two_directions
36312,Brooklyn,2023-07-29,2023,7,29,22122,POINT (984352.5701271463 184795.5328561262),HAMILTON AVENUE,Centre Street,Court Street,5396.0,9397.0,5134.0,19927.0,1,one_direction
36312,Brooklyn,2023-07-29,2023,7,29,22152,POINT (984113.3429269589 184964.68946892337),HAMILTON AVENUE,Mill Street,Centre Street,1957.0,3001.0,2008.0,6966.0,1,one_direction
36312,Brooklyn,2023-07-30,2023,7,30,21853,POINT (983618.1920829003 183956.60513925884),BAY STREET,Clinton Street,Court Street,880.0,2560.0,1140.0,4580.0,2,two_directions
36312,Brooklyn,2023-07-30,2023,7,30,22122,POINT (984352.5701271463 184795.5328561262),HAMILTON AVENUE,Centre Street,Court Street,4399.0,10087.0,4399.0,18885.0,1,one_direction
36312,Brooklyn,2023-07-30,2023,7,30,22152,POINT (984113.3429269589 184964.68946892337),HAMILTON AVENUE,Mill Street,Centre Street,1299.0,2810.0,2673.0,6782.0,1,one_direction
36312,Brooklyn,2023-07-31,2023,7,31,21853,POINT (983618.1920829003 183956.60513925884),BAY STREET,Clinton Street,Court Street,1265.0,2058.0,1024.0,4347.0,2,two_directions
36312,Brooklyn,2023-07-31,2023,7,31,22122,POINT (984352.5701271463 184795.5328561262),HAMILTON AVENUE,Centre Street,Court Street,10243.0,9563.0,4494.0,24300.0,1,one_direction
36312,Brooklyn,2023-07-31,2023,7,31,22152,POINT (984113.3429269589 184964.68946892337),HAMILTON AVENUE,Mill Street,Centre Street,2974.0,4253.0,2208.0,9435.0,1,one_direction
36312,Brooklyn,2023-08-01,2023,8,1,21853,POINT (983618.1920829003 183956.60513925884),BAY STREET,Clinton Street,Court Street,1366.0,2228.0,1076.0,4670.0,2,two_directions
36312,Brooklyn,2023-08-01,2023,8,1,22122,POINT (984352.5701271463 184795.5328561262),HAMILTON AVENUE,Centre Street,Court Street,8904.0,9949.0,5225.0,24078.0,1,one_direction
36312,Brooklyn,2023-08-01,2023,8,1,22152,POINT (984113.3429269589 184964.68946892337),HAMILTON AVENUE,Mill Street,Centre Street,3075.0,4184.0,1955.0,9214.0,1,one_direction
36312,Brooklyn,2023-08-02,2023,8,2,21853,POINT (983618.1920829003 183956.60513925884),BAY STREET,Clinton Street,Court Street,1360.0,2032.0,1082.0,4474.0,2,two_directions
36312,Brooklyn,2023-08-02,2023,8,2,22122,POINT (984352.5701271463 184795.5328561262),HAMILTON AVENUE,Centre Street,Court Street,10301.0,10769.0,4720.0,25790.0,1,one_direction
36312,Brooklyn,2023-08-02,2023,8,2,22152,POINT (984113.3429269589 184964.68946892337),HAMILTON AVENUE,Mill Street,Centre Street,3170.0,3906.0,2021.0,9097.0,1,one_direction
36312,Brooklyn,2023-08-03,2023,8,3,21853,POINT (983618.1920829003 183956.60513925884),BAY STREET,Clinton Street,Court Street,1378.0,2140.0,1104.0,4622.0,2,two_directions
36312,Brooklyn,2023-08-03,2023,8,3,22122,POINT (984352.5701271463 184795.5328561262),HAMILTON AVENUE,Centre Street,Court Street,9243.0,10587.0,5465.0,25295.0,1,one_direction
36312,Brooklyn,2023-08-03,2023,8,3,22152,POINT (984113.3429269589 184964.68946892337),HAMILTON AVENUE,Mill Street,Centre Street,3017.0,3980.0,2924.0,9921.0,1,one_direction
36312,Brooklyn,2023-08-04,2023,8,4,21853,POINT (983618.1920829003 183956.60513925884),BAY STREET,Clinton Street,Court Street,1380.0,2344.0,1124.0,4848.0,2,two_directions
36312,Brooklyn,2023-08-04,2023,8,4,22122,POINT (984352.5701271463 184795.5328561262),HAMILTON AVENUE,Centre Street,Court Street,9097.0,9844.0,5290.0,24231.0,1,one_direction
36312,Brooklyn,2023-08-04,2023,8,4,22152,POINT (984113.3429269589 184964.68946892337),HAMILTON AVENUE,Mill Street,Centre Street,2877.0,4138.0,2646.0,9661.0,1,one_direction
36312,Brooklyn,2023-08-05,2023,8,5,21853,POINT (983618.1920829003 183956.60513925884),BAY STREET,Clinton Street,Court Street,1049.0,2346.0,1137.0,4532.0,2,two_directions
36312,Brooklyn,2023-08-05,2023,8,5,22122,POINT (984352.5701271463 184795.5328561262),HAMILTON AVENUE,Centre Street,Court Street,5745.0,9912.0,5107.0,20764.0,1,one_direction
36312,Brooklyn,2023-08-05,2023,8,5,22152,POINT (984113.3429269589 184964.68946892337),HAMILTON AVENUE,Mill Street,Centre Street,1971.0,3205.0,2199.0,7375.0,1,one_direction
36312,Brooklyn,2023-08-06,2023,8,6,21853,POINT (983618.1920829003 183956.60513925884),BAY STREET,Clinton Street,Court Street,1022.0,2537.0,1230.0,4789.0,2,two_directions
36401,Brooklyn,2023-06-17,2023,6,17,50963,POINT (1022726.375963018 184975.11727740432),SUTTER AVENUE,South Conduit Avenue,Dead end,1097.0,2085.0,1533.0,4715.0,1,one_direction
36401,Brooklyn,2023-06-18,2023,6,18,50963,POINT (1022726.375963018 184975.11727740432),SUTTER AVENUE,South Conduit Avenue,Dead end,717.0,1740.0,1335.0,3792.0,1,one_direction
36401,Brooklyn,2023-06-19,2023,6,19,50963,POINT (1022726.375963018 184975.11727740432),SUTTER AVENUE,South Conduit Avenue,Dead end,1537.0,2727.0,2025.0,6289.0,1,one_direction
36401,Brooklyn,2023-06-20,2023,6,20,50963,POINT (1022726.375963018 184975.11727740432),SUTTER AVENUE,South Conduit Avenue,Dead end,1441.0,2329.0,1559.0,5329.0,1,one_direction
36401,Brooklyn,2023-06-21,2023,6,21,50963,POINT (1022726.375963018 184975.11727740432),SUTTER AVENUE,South Conduit Avenue,Dead end,1432.0,2251.0,1542.0,5225.0,1,one_direction
36401,Brooklyn,2023-06-22,2023,6,22,50963,POINT (1022726.375963018 184975.11727740432),SUTTER AVENUE,South Conduit Avenue,Dead end,1393.0,2203.0,1567.0,5163.0,1,one_direction
36401,Brooklyn,2023-06-23,2023,6,23,50963,POINT (1022726.375963018 184975.11727740432),SUTTER AVENUE,South Conduit Avenue,Dead end,1378.0,2725.0,2080.0,6183.0,1,one_direction
36401,Brooklyn,2023-06-24,2023,6,24,50963,POINT (1022726.375963018 184975.11727740432),SUTTER AVENUE,South Conduit Avenue,Dead end,1594.0,2909.0,2309.0,6812.0,1,one_direction
36401,Brooklyn,2023-06-25,2023,6,25,50963,POINT (1022726.375963018 184975.11727740432),SUTTER AVENUE,South Conduit Avenue,Dead end,1324.0,2874.0,1306.0,5504.0,1,one_direction
36401,Brooklyn,2023-06-26,2023,6,26,50963,POINT (1022726.375963018 184975.11727740432),SUTTER AVENUE,South Conduit Avenue,Dead end,1398.0,2473.0,1681.0,5552.0,1,one_direction
36401,Brooklyn,2023-06-27,2023,6,27,50963,POINT (1022726.375963018 184975.11727740432),SUTTER AVENUE,South Conduit Avenue,Dead end,1433.0,2264.0,1585.0,5282.0,1,one_direction
36401,Brooklyn,2023-06-28,2023,6,28,50963,POINT (1022726.375963018 184975.11727740432),SUTTER AVENUE,South Conduit Avenue,Dead end,1452.0,2240.0,1578.0,5270.0,1,one_direction
36401,Brooklyn,2023-06-29,2023,6,29,50963,POINT (1022726.375963018 184975.11727740432),SUTTER AVENUE,South Conduit Avenue,Dead end,2069.0,2761.0,2083.0,6913.0,1,one_direction
36401,Brooklyn,2023-06-30,2023,6,30,50963,POINT (1022726.375963018 184975.11727740432),SUTTER AVENUE,South Conduit Avenue,Dead end,2050.0,2842.0,2089.0,6981.0,1,one_direction
36401,Queens,2023-06-06,2023,6,6,117626,POINT (1057869.2961045634 220710.07433035847),NORTHERN BOULEVARD,Morgan Street,Glenwood Street,4933.0,6831.0,3322.0,15086.0,1,one_direction
36401,Queens,2023-06-07,2023,6,7,117626,POINT (1057869.2961045634 220710.07433035847),NORTHERN BOULEVARD,Morgan Street,Glenwood Street,4804.0,6801.0,3226.0,14831.0,1,one_direction
36401,Queens,2023-06-08,2023,6,8,117626,POINT (1057869.2961045634 220710.07433035847),NORTHERN BOULEVARD,Morgan Street,Glenwood Street,4235.0,6925.0,3794.0,14954.0,1,one_direction
36401,Queens,2023-06-17,2023,6,17,196368,POINT (1023055.8409196973 185039.53691861132),SUTTER AVENUE,Dead End,North Conduit Avenue,1727.0,3106.0,2303.0,7136.0,1,one_direction
36401,Queens,2023-06-18,2023,6,18,196368,POINT (1023055.8409196973 185039.53691861132),SUTTER AVENUE,Dead End,North Conduit Avenue,1367.0,3087.0,2113.0,6567.0,1,one_direction
36401,Queens,2023-06-19,2023,6,19,62497,POINT (1056415.1868210472 170827.2200271171),HOOK CREEK BRIDGE,Hook Creek Shoreline,Dead end,17537.0,21707.0,15636.0,54880.0,2,two_directions
36401,Queens,2023-06-19,2023,6,19,196368,POINT (1023055.8409196973 185039.53691861132),SUTTER AVENUE,Dead End,North Conduit Avenue,1537.0,2727.0,2025.0,6289.0,1,one_direction
36401,Queens,2023-06-20,2023,6,20,62497,POINT (1056415.1868210472 170827.2200271171),HOOK CREEK BRIDGE,Hook Creek Shoreline,Dead end,20332.0,25351.0,19177.0,64860.0,2,two_directions
36401,Queens,2023-06-20,2023,6,20,196368,POINT (1023055.8409196973 185039.53691861132),SUTTER AVENUE,Dead End,North Conduit Avenue,2142.0,2617.0,2110.0,6869.0,1,one_direction
36401,Queens,2023-06-21,2023,6,21,62497,POINT (1056415.1868210472 170827.2200271171),HOOK CREEK BRIDGE,Hook Creek Shoreline,Dead end,21681.0,24986.0,19046.0,65713.0,2,two_directions
36401,Queens,2023-06-21,2023,6,21,196368,POINT (1023055.8409196973 185039.53691861132),SUTTER AVENUE,Dead End,North Conduit Avenue,2109.0,2681.0,1992.0,6782.0,1,one_direction
36401,Queens,2023-06-22,2023,6,22,62497,POINT (1056415.1868210472 170827.2200271171),HOOK CREEK BRIDGE,Hook Creek Shoreline,Dead end,20091.0,25777.0,19379.0,65247.0,2,two_directions
36401,Queens,2023-06-22,2023,6,22,196368,POINT (1023055.8409196973 185039.53691861132),SUTTER AVENUE,Dead End,North Conduit Avenue,2097.0,2740.0,2086.0,6923.0,1,one_direction
36401,Queens,2023-06-23,2023,6,23,62497,POINT (1056415.1868210472 170827.2200271171),HOOK CREEK BRIDGE,Hook Creek Shoreline,Dead end,19956.0,25529.0,16525.0,62010.0,2,two_directions
36401,Queens,2023-06-23,2023,6,23,196368,POINT (1023055.8409196973 185039.53691861132),SUTTER AVENUE,Dead End,North Conduit Avenue,2054.0,2755.0,1618.0,6427.0,1,one_direction
36401,Queens,2023-06-24,2023,6,24,62497,POINT (1056415.1868210472 170827.2200271171),HOOK CREEK BRIDGE,Hook Creek Shoreline,Dead end,14601.0,22898.0,15292.0,52791.0,2,two_directions
36401,Queens,2023-06-24,2023,6,24,196368,POINT (1023055.8409196973 185039.53691861132),SUTTER AVENUE,Dead End,North Conduit Avenue,1314.0,2909.0,2309.0,6532.0,1,one_direction
36401,Queens,2023-06-25,2023,6,25,62497,POINT (1056415.1868210472 170827.2200271171),HOOK CREEK BRIDGE,Hook Creek Shoreline,Dead end,15480.0,23679.0,16728.0,55887.0,2,two_directions
36401,Queens,2023-06-25,2023,6,25,196368,POINT (1023055.8409196973 185039.53691861132),SUTTER AVENUE,Dead End,North Conduit Avenue,1286.0,1739.0,1306.0,4331.0,1,one_direction
36401,Queens,2023-06-26,2023,6,26,62497,POINT (1056415.1868210472 170827.2200271171),HOOK CREEK BRIDGE,Hook Creek Shoreline,Dead end,18803.0,22675.0,17223.0,58701.0,2,two_directions
36401,Queens,2023-06-26,2023,6,26,196368,POINT (1023055.8409196973 185039.53691861132),SUTTER AVENUE,Dead End,North Conduit Avenue,1398.0,2599.0,2077.0,6074.0,1,one_direction
36401,Queens,2023-06-27,2023,6,27,62497,POINT (1056415.1868210472 170827.2200271171),HOOK CREEK BRIDGE,Hook Creek Shoreline,Dead end,19615.0,24814.0,18705.0,63134.0,2,two_directions
36401,Queens,2023-06-27,2023,6,27,196368,POINT (1023055.8409196973 185039.53691861132),SUTTER AVENUE,Dead End,North Conduit Avenue,2131.0,2652.0,2076.0,6859.0,1,one_direction
36401,Queens,2023-06-28,2023,6,28,62497,POINT (1056415.1868210472 170827.2200271171),HOOK CREEK BRIDGE,Hook Creek Shoreline,Dead end,20107.0,24044.0,17912.0,62063.0,2,two_directions
36401,Queens,2023-06-28,2023,6,28,196368,POINT (1023055.8409196973 185039.53691861132),SUTTER AVENUE,Dead End,North Conduit Avenue,2121.0,2671.0,1948.0,6740.0,1,one_direction
36401,Queens,2023-06-29,2023,6,29,62497,POINT (1056415.1868210472 170827.2200271171),HOOK CREEK BRIDGE,Hook Creek Shoreline,Dead end,20305.0,24411.0,18821.0,63537.0,2,two_directions
36401,Queens,2023-06-29,2023,6,29,196368,POINT (1023055.8409196973 185039.53691861132),SUTTER AVENUE,Dead End,North Conduit Avenue,2069.0,2761.0,1814.0,6644.0,1,one_direction
36401,Queens,2023-06-30,2023,6,30,62497,POINT (1056415.1868210472 170827.2200271171),HOOK CREEK BRIDGE,Hook Creek Shoreline,Dead end,19876.0,23968.0,16990.0,60834.0,2,two_directions
36401,Queens,2023-06-30,2023,6,30,196368,POINT (1023055.8409196973 185039.53691861132),SUTTER AVENUE,Dead End,North Conduit Avenue,2050.0,2842.0,1874.0,6766.0,1,one_direction
36401,Queens,2023-07-01,2023,7,1,77104,POINT (1015029.50289154 223906.76034060976),RIKERS ISLAND BRIDGE,Rikers Is Bridge,Dead end,771.0,878.0,498.0,2147.0,1,one_direction
36401,Queens,2023-07-02,2023,7,2,77104,POINT (1015029.50289154 223906.76034060976),RIKERS ISLAND BRIDGE,Rikers Is Bridge,Dead end,844.0,991.0,718.0,2553.0,1,one_direction
36401,Queens,2023-07-03,2023,7,3,77104,POINT (1015029.50289154 223906.76034060976),RIKERS ISLAND BRIDGE,Rikers Is Bridge,Dead end,1267.0,1426.0,820.0,3513.0,1,one_direction
36401,Queens,2023-07-04,2023,7,4,77104,POINT (1015029.50289154 223906.76034060976),RIKERS ISLAND BRIDGE,Rikers Is Bridge,Dead end,1753.0,1984.0,1121.0,4858.0,1,one_direction
36401,Queens,2023-07-05,2023,7,5,77104,POINT (1015029.50289154 223906.76034060976),RIKERS ISLAND BRIDGE,Rikers Is Bridge,Dead end,1451.0,1610.0,942.0,4003.0,1,one_direction
36401,Queens,2023-07-06,2023,7,6,77104,POINT (1015029.50289154 223906.76034060976),RIKERS ISLAND BRIDGE,Rikers Is Bridge,Dead end,1679.0,1865.0,944.0,4488.0,1,one_direction
36401,Queens,2023-07-07,2023,7,7,77104,POINT (1015029.50289154 223906.76034060976),RIKERS ISLAND BRIDGE,Rikers Is Bridge,Dead end,1569.0,1714.0,955.0,4238.0,1,one_direction
36500,Queens,2023-08-06,2023,8,6,68884,POINT (1007201.1820997201 223539.69446798888),21 STREET,Ditmars Boulevard,22 Road,1196.0,2361.0,1602.0,5159.0,2,two_directions
36500,Queens,2023-08-07,2023,8,7,68884,POINT (1007201.1820997201 223539.69446798888),21 STREET,Ditmars Boulevard,22 Road,1798.0,2593.0,1576.0,5967.0,2,two_directions
36500,Queens,2023-08-08,2023,8,8,68884,POINT (1007201.1820997201 223539.69446798888),21 STREET,Ditmars Boulevard,22 Road,1945.0,2662.0,1901.0,6508.0,2,two_directions
36500,Queens,2023-08-09,2023,8,9,68884,POINT (1007201.1820997201 223539.69446798888),21 STREET,Ditmars Boulevard,22 Road,1918.0,2662.0,1850.0,6430.0,2,two_directions
36500,Queens,2023-08-10,2023,8,10,68884,POINT (1007201.1820997201 223539.69446798888),21 STREET,Ditmars Boulevard,22 Road,1860.0,2623.0,1685.0,6168.0,2,two_directions
36500,Queens,2023-08-11,2023,8,11,68884,POINT (1007201.1820997201 223539.69446798888),21 STREET,Ditmars Boulevard,22 Road,1836.0,2826.0,2058.0,6720.0,2,two_directions
36500,Queens,2023-08-12,2023,8,12,68884,POINT (1007201.1820997201 223539.69446798888),21 STREET,Ditmars Boulevard,22 Road,1579.0,2324.0,1670.0,5573.0,2,two_directions
36542,Queens,2023-09-18,2023,9,18,113038,POINT (1009106.1610914068 213482.47529988937),WOODSIDE AVENUE,Dead End,37 Avenue,1124.0,1543.0,739.0,3406.0,1,one_direction
36542,Queens,2023-09-18,2023,9,18,9000874,POINT (1009202.7227579828 213713.08725019929),51 STREET,Dead End,Northern Boulevard,2221.0,1965.0,831.0,5017.0,1,one_direction
36542,Queens,2023-09-19,2023,9,19,113038,POINT (1009106.1610914068 213482.47529988937),WOODSIDE AVENUE,Dead End,37 Avenue,1119.0,1660.0,963.0,3742.0,1,one_direction
36542,Queens,2023-09-19,2023,9,19,9000874,POINT (1009202.7227579828 213713.08725019929),51 STREET,Dead End,Northern Boulevard,1978.0,1857.0,1005.0,4840.0,1,one_direction
36542,Queens,2023-09-20,2023,9,20,113038,POINT (1009106.1610914068 213482.47529988937),WOODSIDE AVENUE,Dead End,37 Avenue,1198.0,1560.0,882.0,3640.0,1,one_direction
36542,Queens,2023-09-20,2023,9,20,9000874,POINT (1009202.7227579828 213713.08725019929),51 STREET,Dead End,Northern Boulevard,1940.0,1994.0,1023.0,4957.0,1,one_direction
36542,Queens,2023-09-21,2023,9,21,113038,POINT (1009106.1610914068 213482.47529988937),WOODSIDE AVENUE,Dead End,37 Avenue,1191.0,1681.0,951.0,3823.0,1,one_direction
36542,Queens,2023-09-21,2023,9,21,9000874,POINT (1009202.7227579828 213713.08725019929),51 STREET,Dead End,Northern Boulevard,2062.0,2048.0,1108.0,5218.0,1,one_direction
36542,Queens,2023-09-22,2023,9,22,113038,POINT (1009106.1610914068 213482.47529988937),WOODSIDE AVENUE,Dead End,37 Avenue,1236.0,1797.0,750.0,3783.0,1,one_direction
36542,Queens,2023-09-22,2023,9,22,9000874,POINT (1009202.7227579828 213713.08725019929),51 STREET,Dead End,Northern Boulevard,1833.0,2154.0,978.0,4965.0,1,one_direction
36542,Queens,2023-09-23,2023,9,23,113038,POINT (1009106.1610914068 213482.47529988937),WOODSIDE AVENUE,Dead End,37 Avenue,945.0,1539.0,873.0,3357.0,1,one_direction
36542,Queens,2023-09-23,2023,9,23,9000874,POINT (1009202.7227579828 213713.08725019929),51 STREET,Dead End,Northern Boulevard,1279.0,1973.0,1128.0,4380.0,1,one_direction
36542,Queens,2023-09-24,2023,9,24,113038,POINT (1009106.1610914068 213482.47529988937),WOODSIDE AVENUE,Dead End,37 Avenue,764.0,1492.0,719.0,2975.0,1,one_direction
36542,Queens,2023-09-24,2023,9,24,9000874,POINT (1009202.7227579828 213713.08725019929),51 STREET,Dead End,Northern Boulevard,1156.0,2093.0,954.0,4203.0,1,one_direction
36597,Manhattan,2023-10-01,2023,10,1,33662,POINT (985276.3554529254 213760.20564827658),9 AVENUE,West 35 Street,West 34 Street,7105.0,12706.0,10625.0,30436.0,3,three_directions
36597,Manhattan,2023-10-02,2023,10,2,33662,POINT (985276.3554529254 213760.20564827658),9 AVENUE,West 35 Street,West 34 Street,9155.0,11188.0,9323.0,29666.0,3,three_directions
36597,Manhattan,2023-10-03,2023,10,3,33662,POINT (985276.3554529254 213760.20564827658),9 AVENUE,West 35 Street,West 34 Street,8955.0,10944.0,9637.0,29536.0,3,three_directions
36685,Brooklyn,2023-10-04,2023,10,4,27255,POINT (997003.7452377914 161846.89836676093),AVENUE P,East 19 Street,Ocean Avenue,2761.0,4059.0,2481.0,9301.0,1,one_direction
36685,Brooklyn,2023-10-04,2023,10,4,27353,POINT (997243.0659150959 161888.49967277158),AVENUE P,East 21 Street,Ocean Avenue,2989.0,3184.0,1859.0,8032.0,1,one_direction
36685,Brooklyn,2023-10-04,2023,10,4,110422,POINT (1006653.6441911887 186681.46374878066),HOWARD AVENUE,Dead end,Mac Dougal Street,1574.0,1991.0,1149.0,4714.0,1,one_direction
36685,Brooklyn,2023-10-05,2023,10,5,27255,POINT (997003.7452377914 161846.89836676093),AVENUE P,East 19 Street,Ocean Avenue,2576.0,3924.0,2758.0,9258.0,1,one_direction
36685,Brooklyn,2023-10-05,2023,10,5,27353,POINT (997243.0659150959 161888.49967277158),AVENUE P,East 21 Street,Ocean Avenue,2889.0,3383.0,1825.0,8097.0,1,one_direction
36685,Brooklyn,2023-10-05,2023,10,5,110422,POINT (1006653.6441911887 186681.46374878066),HOWARD AVENUE,Dead end,Mac Dougal Street,1570.0,1994.0,1170.0,4734.0,1,one_direction
36685,Brooklyn,2023-10-06,2023,10,6,27255,POINT (997003.7452377914 161846.89836676093),AVENUE P,East 19 Street,Ocean Avenue,2594.0,4306.0,2017.0,8917.0,1,one_direction
36685,Brooklyn,2023-10-06,2023,10,6,27353,POINT (997243.0659150959 161888.49967277158),AVENUE P,East 21 Street,Ocean Avenue,2850.0,3359.0,1508.0,7717.0,1,one_direction
36685,Brooklyn,2023-10-06,2023,10,6,110422,POINT (1006653.6441911887 186681.46374878066),HOWARD AVENUE,Dead end,Mac Dougal Street,1561.0,1743.0,1041.0,4345.0,1,one_direction
36685,Brooklyn,2023-10-07,2023,10,7,27255,POINT (997003.7452377914 161846.89836676093),AVENUE P,East 19 Street,Ocean Avenue,1275.0,2350.0,1621.0,5246.0,1,one_direction
36685,Brooklyn,2023-10-07,2023,10,7,27353,POINT (997243.0659150959 161888.49967277158),AVENUE P,East 21 Street,Ocean Avenue,1204.0,1689.0,1373.0,4266.0,1,one_direction
36685,Brooklyn,2023-10-07,2023,10,7,110422,POINT (1006653.6441911887 186681.46374878066),HOWARD AVENUE,Dead end,Mac Dougal Street,804.0,1488.0,983.0,3275.0,1,one_direction
36685,Brooklyn,2023-10-08,2023,10,8,27255,POINT (997003.7452377914 161846.89836676093),AVENUE P,East 19 Street,Ocean Avenue,1452.0,3445.0,2003.0,6900.0,1,one_direction
36685,Brooklyn,2023-10-08,2023,10,8,27353,POINT (997243.0659150959 161888.49967277158),AVENUE P,East 21 Street,Ocean Avenue,1548.0,2565.0,1474.0,5587.0,1,one_direction
36685,Brooklyn,2023-10-08,2023,10,8,110422,POINT (1006653.6441911887 186681.46374878066),HOWARD AVENUE,Dead end,Mac Dougal Street,748.0,1413.0,1005.0,3166.0,1,one_direction
36685,Brooklyn,2023-10-09,2023,10,9,27255,POINT (997003.7452377914 161846.89836676093),AVENUE P,East 19 Street,Ocean Avenue,2638.0,3836.0,2466.0,8940.0,1,one_direction
36685,Brooklyn,2023-10-09,2023,10,9,27353,POINT (997243.0659150959 161888.49967277158),AVENUE P,East 21 Street,Ocean Avenue,2918.0,3092.0,1837.0,7847.0,1,one_direction
36685,Brooklyn,2023-10-09,2023,10,9,110422,POINT (1006653.6441911887 186681.46374878066),HOWARD AVENUE,Dead end,Mac Dougal Street,1510.0,2046.0,1177.0,4733.0,1,one_direction
36685,Brooklyn,2023-10-10,2023,10,10,27255,POINT (997003.7452377914 161846.89836676093),AVENUE P,East 19 Street,Ocean Avenue,2696.0,3767.0,2400.0,8863.0,1,one_direction
36685,Brooklyn,2023-10-10,2023,10,10,27353,POINT (997243.0659150959 161888.49967277158),AVENUE P,East 21 Street,Ocean Avenue,2947.0,3172.0,1748.0,7867.0,1,one_direction
36685,Brooklyn,2023-10-10,2023,10,10,110422,POINT (1006653.6441911887 186681.46374878066),HOWARD AVENUE,Dead end,Mac Dougal Street,1567.0,1739.0,1024.0,4330.0,1,one_direction
36741,Bronx,2024-02-24,2024,2,24,80035,POINT (1013887.8132016277 252701.71093446537),WEBSTER AVENUE,East 188 Street,East 189 Street,1548.0,2269.0,2011.0,5828.0,1,one_direction
36741,Bronx,2024-02-25,2024,2,25,80035,POINT (1013887.8132016277 252701.71093446537),WEBSTER AVENUE,East 188 Street,East 189 Street,1545.0,2257.0,2032.0,5834.0,1,one_direction
36741,Bronx,2024-02-26,2024,2,26,80035,POINT (1013887.8132016277 252701.71093446537),WEBSTER AVENUE,East 188 Street,East 189 Street,1775.0,2175.0,1636.0,5586.0,1,one_direction
36741,Bronx,2024-02-27,2024,2,27,80035,POINT (1013887.8132016277 252701.71093446537),WEBSTER AVENUE,East 188 Street,East 189 Street,1922.0,2260.0,1561.0,5743.0,1,one_direction
36741,Bronx,2024-02-28,2024,2,28,80035,POINT (1013887.8132016277 252701.71093446537),WEBSTER AVENUE,East 188 Street,East 189 Street,1857.0,2170.0,1670.0,5697.0,1,one_direction
36741,Bronx,2024-02-29,2024,2,29,80035,POINT (1013887.8132016277 252701.71093446537),WEBSTER AVENUE,East 188 Street,East 189 Street,1961.0,2192.0,1752.0,5905.0,1,one_direction
36741,Bronx,2024-03-01,2024,3,1,80035,POINT (1013887.8132016277 252701.71093446537),WEBSTER AVENUE,East 188 Street,East 189 Street,1941.0,2100.0,2029.0,6070.0,1,one_direction
36741,Bronx,2024-03-05,2024,3,5,88574,POINT (1028247.5508694936 250930.42498454652),STILLWELL AVENUE,Mc Donald Street,Rhinelander Avenue,1842.0,3131.0,1456.0,6429.0,2,two_directions
36741,Bronx,2024-03-06,2024,3,6,88574,POINT (1028247.5508694936 250930.42498454652),STILLWELL AVENUE,Mc Donald Street,Rhinelander Avenue,1826.0,3081.0,1281.0,6188.0,2,two_directions
36741,Bronx,2024-03-07,2024,3,7,88574,POINT (1028247.5508694936 250930.42498454652),STILLWELL AVENUE,Mc Donald Street,Rhinelander Avenue,1939.0,3092.0,1432.0,6463.0,2,two_directions
36741,Bronx,2024-03-08,2024,3,8,88574,POINT (1028247.5508694936 250930.42498454652),STILLWELL AVENUE,Mc Donald Street,Rhinelander Avenue,1818.0,3213.0,1467.0,6498.0,2,two_directions
36741,Bronx,2024-03-09,2024,3,9,88574,POINT (1028247.5508694936 250930.42498454652),STILLWELL AVENUE,Mc Donald Street,Rhinelander Avenue,1363.0,2256.0,1222.0,4841.0,2,two_directions
36741,Bronx,2024-03-10,2024,3,10,88574,POINT (1028247.5508694936 250930.42498454652),STILLWELL AVENUE,Mc Donald Street,Rhinelander Avenue,919.0,1665.0,1026.0,3610.0,2,two_directions
36741,Bronx,2024-03-11,2024,3,11,88574,POINT (1028247.5508694936 250930.42498454652),STILLWELL AVENUE,Mc Donald Street,Rhinelander Avenue,1773.0,2968.0,1256.0,5997.0,2,two_directions
36741,Bronx,2024-03-20,2024,3,20,89398,POINT (1025791.2995018564 268862.1082221766),WHITE PLAINS ROAD,St Ouen Street,Penfield Street,2442.0,3670.0,2696.0,8808.0,2,two_directions
36741,Bronx,2024-03-21,2024,3,21,89398,POINT (1025791.2995018564 268862.1082221766),WHITE PLAINS ROAD,St Ouen Street,Penfield Street,2455.0,3673.0,2680.0,8808.0,2,two_directions
36741,Bronx,2024-03-22,2024,3,22,89398,POINT (1025791.2995018564 268862.1082221766),WHITE PLAINS ROAD,St Ouen Street,Penfield Street,2577.0,4057.0,3300.0,9934.0,2,two_directions
36741,Bronx,2024-03-23,2024,3,23,89398,POINT (1025791.2995018564 268862.1082221766),WHITE PLAINS ROAD,St Ouen Street,Penfield Street,1842.0,3099.0,2759.0,7700.0,2,two_directions
36741,Bronx,2024-03-24,2024,3,24,89398,POINT (1025791.2995018564 268862.1082221766),WHITE PLAINS ROAD,St Ouen Street,Penfield Street,1678.0,2971.0,2373.0,7022.0,2,two_directions
36741,Bronx,2024-03-25,2024,3,25,89398,POINT (1025791.2995018564 268862.1082221766),WHITE PLAINS ROAD,St Ouen Street,Penfield Street,2400.0,3503.0,2663.0,8566.0,2,two_directions
36741,Bronx,2024-03-26,2024,3,26,89398,POINT (1025791.2995018564 268862.1082221766),WHITE PLAINS ROAD,St Ouen Street,Penfield Street,2432.0,3457.0,2591.0,8480.0,2,two_directions
36741,Brooklyn,2024-03-20,2024,3,20,21327,POINT (987722.2503340743 172936.9980967231),39 STREET,12 Avenue,13 Avenue,967.0,1240.0,954.0,3161.0,1,one_direction
36741,Brooklyn,2024-03-20,2024,3,20,27017,POINT (994329.6088152243 166957.1216722251),AVENUE J,East 12 Street,East 13 Street,1784.0,1925.0,1769.0,5478.0,1,one_direction
36741,Brooklyn,2024-03-20,2024,3,20,250523,POINT (992603.7919558946 175656.81308315494),CATON AVENUE,Bike Path,Stratford Road,1335.0,1492.0,985.0,3812.0,1,one_direction
36741,Brooklyn,2024-03-21,2024,3,21,22901,POINT (989841.7317839569 186045.5846475507),5 AVENUE,De Graw Street,Berkeley Place,1008.0,1582.0,1421.0,4011.0,1,one_direction
36741,Brooklyn,2024-03-21,2024,3,21,50660,POINT (1020890.2221552752 184629.61948453766),SUTTER AVENUE,Hemlock Street,Autumn Avenue,2146.0,3014.0,2188.0,7348.0,2,two_directions
36741,Brooklyn,2024-03-21,2024,3,21,250523,POINT (992603.7919558946 175656.81308315494),CATON AVENUE,Bike Path,Stratford Road,1501.0,1675.0,1099.0,4275.0,1,one_direction
36741,Brooklyn,2024-03-22,2024,3,22,22901,POINT (989841.7317839569 186045.5846475507),5 AVENUE,De Graw Street,Berkeley Place,884.0,1518.0,1505.0,3907.0,1,one_direction
36741,Brooklyn,2024-03-22,2024,3,22,50660,POINT (1020890.2221552752 184629.61948453766),SUTTER AVENUE,Hemlock Street,Autumn Avenue,2298.0,3232.0,2486.0,8016.0,2,two_directions
36741,Brooklyn,2024-03-22,2024,3,22,250523,POINT (992603.7919558946 175656.81308315494),CATON AVENUE,Bike Path,Stratford Road,1529.0,1670.0,1099.0,4298.0,1,one_direction
36741,Brooklyn,2024-03-23,2024,3,23,22901,POINT (989841.7317839569 186045.5846475507),5 AVENUE,De Graw Street,Berkeley Place,634.0,1209.0,1230.0,3073.0,1,one_direction
36741,Brooklyn,2024-03-23,2024,3,23,50660,POINT (1020890.2221552752 184629.61948453766),SUTTER AVENUE,Hemlock Street,Autumn Avenue,1419.0,2489.0,2013.0,5921.0,2,two_directions
36741,Brooklyn,2024-03-23,2024,3,23,250523,POINT (992603.7919558946 175656.81308315494),CATON AVENUE,Bike Path,Stratford Road,951.0,1608.0,1217.0,3776.0,1,one_direction
36741,Brooklyn,2024-03-24,2024,3,24,22901,POINT (989841.7317839569 186045.5846475507),5 AVENUE,De Graw Street,Berkeley Place,527.0,1271.0,1187.0,2985.0,1,one_direction
36741,Brooklyn,2024-03-24,2024,3,24,50660,POINT (1020890.2221552752 184629.61948453766),SUTTER AVENUE,Hemlock Street,Autumn Avenue,1318.0,2667.0,2060.0,6045.0,2,two_directions
36741,Brooklyn,2024-03-24,2024,3,24,250523,POINT (992603.7919558946 175656.81308315494),CATON AVENUE,Bike Path,Stratford Road,964.0,1811.0,1195.0,3970.0,1,one_direction
36741,Brooklyn,2024-03-25,2024,3,25,22901,POINT (989841.7317839569 186045.5846475507),5 AVENUE,De Graw Street,Berkeley Place,1010.0,1353.0,1298.0,3661.0,1,one_direction
36741,Brooklyn,2024-03-25,2024,3,25,50660,POINT (1020890.2221552752 184629.61948453766),SUTTER AVENUE,Hemlock Street,Autumn Avenue,2101.0,2830.0,1932.0,6863.0,2,two_directions
36741,Brooklyn,2024-03-25,2024,3,25,250523,POINT (992603.7919558946 175656.81308315494),CATON AVENUE,Bike Path,Stratford Road,1361.0,1488.0,986.0,3835.0,1,one_direction
36741,Brooklyn,2024-03-26,2024,3,26,50660,POINT (1020890.2221552752 184629.61948453766),SUTTER AVENUE,Hemlock Street,Autumn Avenue,2188.0,2914.0,2020.0,7122.0,2,two_directions
36741,Brooklyn,2024-03-26,2024,3,26,250523,POINT (992603.7919558946 175656.81308315494),CATON AVENUE,Bike Path,Stratford Road,1381.0,1477.0,1030.0,3888.0,1,one_direction
36741,Brooklyn,2024-03-27,2024,3,27,50660,POINT (1020890.2221552752 184629.61948453766),SUTTER AVENUE,Hemlock Street,Autumn Avenue,2109.0,2910.0,2062.0,7081.0,2,two_directions
36741,Brooklyn,2024-03-29,2024,3,29,223574,POINT (1019301.0358975895 183085.071260367),FOUNTAIN AVENUE,Pedestrian Path,Dead end,2755.0,4052.0,2889.0,9696.0,2,two_directions
36741,Manhattan,2024-02-24,2024,2,24,166137,POINT (997913.61349649 229824.13246526482),CENTRAL PARK NORTH,Frawley Circle,Central Park Lenox Avenue Appr,1170.0,2049.0,1508.0,4727.0,2,two_directions
36741,Manhattan,2024-02-24,2024,2,24,190295,POINT (997479.535208208 232011.8618897793),ADAM C POWELL BOULEVARD,Dead End,West 117 Street,1867.0,3904.0,2864.0,8635.0,2,two_directions
36741,Manhattan,2024-02-25,2024,2,25,166137,POINT (997913.61349649 229824.13246526482),CENTRAL PARK NORTH,Frawley Circle,Central Park Lenox Avenue Appr,947.0,1962.0,1378.0,4287.0,2,two_directions
36741,Manhattan,2024-02-25,2024,2,25,190295,POINT (997479.535208208 232011.8618897793),ADAM C POWELL BOULEVARD,Dead End,West 117 Street,1788.0,3352.0,2212.0,7352.0,2,two_directions
36741,Manhattan,2024-02-26,2024,2,26,166137,POINT (997913.61349649 229824.13246526482),CENTRAL PARK NORTH,Frawley Circle,Central Park Lenox Avenue Appr,1853.0,2295.0,1576.0,5724.0,2,two_directions
36741,Manhattan,2024-02-26,2024,2,26,190295,POINT (997479.535208208 232011.8618897793),ADAM C POWELL BOULEVARD,Dead End,West 117 Street,3525.0,4512.0,2534.0,10571.0,2,two_directions
36741,Manhattan,2024-02-27,2024,2,27,166137,POINT (997913.61349649 229824.13246526482),CENTRAL PARK NORTH,Frawley Circle,Central Park Lenox Avenue Appr,1875.0,2404.0,1647.0,5926.0,2,two_directions
36741,Manhattan,2024-02-27,2024,2,27,190295,POINT (997479.535208208 232011.8618897793),ADAM C POWELL BOULEVARD,Dead End,West 117 Street,3719.0,4736.0,2326.0,10781.0,2,two_directions
36741,Manhattan,2024-02-28,2024,2,28,166137,POINT (997913.61349649 229824.13246526482),CENTRAL PARK NORTH,Frawley Circle,Central Park Lenox Avenue Appr,1813.0,2515.0,1585.0,5913.0,2,two_directions
36741,Manhattan,2024-02-28,2024,2,28,190295,POINT (997479.535208208 232011.8618897793),ADAM C POWELL BOULEVARD,Dead End,West 117 Street,3656.0,4803.0,2644.0,11103.0,2,two_directions
36741,Manhattan,2024-02-29,2024,2,29,166137,POINT (997913.61349649 229824.13246526482),CENTRAL PARK NORTH,Frawley Circle,Central Park Lenox Avenue Appr,1892.0,2482.0,1663.0,6037.0,2,two_directions
36741,Manhattan,2024-02-29,2024,2,29,190295,POINT (997479.535208208 232011.8618897793),ADAM C POWELL BOULEVARD,Dead End,West 117 Street,3670.0,4751.0,3033.0,11454.0,2,two_directions
36741,Manhattan,2024-03-01,2024,3,1,166137,POINT (997913.61349649 229824.13246526482),CENTRAL PARK NORTH,Frawley Circle,Central Park Lenox Avenue Appr,1860.0,2522.0,1757.0,6139.0,2,two_directions
36741,Manhattan,2024-03-01,2024,3,1,190295,POINT (997479.535208208 232011.8618897793),ADAM C POWELL BOULEVARD,Dead End,West 117 Street,4012.0,5506.0,3557.0,13075.0,2,two_directions
36741,Manhattan,2024-03-11,2024,3,11,32807,POINT (986874.7796594455 206959.4917245087),EAST 14 STREET,14 Street/canarsie Line,14 Street/canarsie Line,288.0,354.0,336.0,978.0,1,one_direction
36741,Manhattan,2024-03-11,2024,3,11,158913,POINT (986520.4868186035 201430.46089047627),DELANCEY STREET,Forsyth Street,Eldridge Street,4501.0,4253.0,5360.0,14114.0,1,one_direction
36741,Queens,2024-03-26,2024,3,26,9012150,POINT (1027396.8145617553 206746.1444726493),GRAND CENTRAL PARKWAY,64 Avenue Pedestrian Overpass,Dead end,0.0,0.0,2753.0,2753.0,1,one_direction
36741,Queens,2024-03-26,2024,3,26,9012153,POINT (1027500.3472364803 206649.83795049204),GRAND CENTRAL PARKWAY,Dead End,Dead end,0.0,0.0,7627.0,7627.0,1,one_direction
36741,Queens,2024-03-27,2024,3,27,9012150,POINT (1027396.8145617553 206746.1444726493),GRAND CENTRAL PARKWAY,64 Avenue Pedestrian Overpass,Dead end,0.0,0.0,1781.0,1781.0,1,one_direction
36741,Queens,2024-03-27,2024,3,27,9012153,POINT (1027500.3472364803 206649.83795049204),GRAND CENTRAL PARKWAY,Dead End,Dead end,0.0,0.0,10180.0,10180.0,1,one_direction
36741,Queens,2024-03-28,2024,3,28,112812,POINT (1038399.5941320914 188978.11141474498),111 AVENUE,139 Street,140 Street,1351.0,1612.0,1376.0,4339.0,2,two_directions
36741,Queens,2024-03-28,2024,3,28,9012150,POINT (1027396.8145617553 206746.1444726493),GRAND CENTRAL PARKWAY,64 Avenue Pedestrian Overpass,Dead end,0.0,0.0,8808.0,8808.0,1,one_direction
36741,Queens,2024-03-28,2024,3,28,9012153,POINT (1027500.3472364803 206649.83795049204),GRAND CENTRAL PARKWAY,Dead End,Dead end,0.0,0.0,8734.0,8734.0,1,one_direction
36741,Queens,2024-03-29,2024,3,29,112812,POINT (1038399.5941320914 188978.11141474498),111 AVENUE,139 Street,140 Street,1311.0,1717.0,1530.0,4558.0,2,two_directions
36828,Bronx,2023-10-18,2023,10,18,144019,POINT (1003489.5459258083 233692.39948567233),3 AVENUE BRIDGE,Dead End,Dead end,4713.0,5970.0,5257.0,15940.0,1,one_direction
36828,Bronx,2023-10-18,2023,10,18,144024,POINT (1003343.7042878328 233752.30284493478),3 AVENUE BRIDGE,Dead End,Bruckner Boulevard,8804.0,10016.0,8150.0,26970.0,1,one_direction
36828,Bronx,2023-10-19,2023,10,19,144019,POINT (1003489.5459258083 233692.39948567233),3 AVENUE BRIDGE,Dead End,Dead end,4957.0,6112.0,5013.0,16082.0,1,one_direction
36828,Bronx,2023-10-19,2023,10,19,144024,POINT (1003343.7042878328 233752.30284493478),3 AVENUE BRIDGE,Dead End,Bruckner Boulevard,9073.0,10010.0,8726.0,27809.0,1,one_direction
36828,Bronx,2023-10-20,2023,10,20,144019,POINT (1003489.5459258083 233692.39948567233),3 AVENUE BRIDGE,Dead End,Dead end,3827.0,4779.0,5238.0,13844.0,1,one_direction
36828,Bronx,2023-10-20,2023,10,20,144024,POINT (1003343.7042878328 233752.30284493478),3 AVENUE BRIDGE,Dead End,Bruckner Boulevard,1791.0,3358.0,2261.0,7410.0,1,one_direction
36828,Bronx,2023-10-21,2023,10,21,144019,POINT (1003489.5459258083 233692.39948567233),3 AVENUE BRIDGE,Dead End,Dead end,4632.0,7050.0,5677.0,17359.0,1,one_direction
36828,Bronx,2023-10-21,2023,10,21,144024,POINT (1003343.7042878328 233752.30284493478),3 AVENUE BRIDGE,Dead End,Bruckner Boulevard,1664.0,2743.0,3361.0,7768.0,1,one_direction
36828,Bronx,2023-10-22,2023,10,22,144019,POINT (1003489.5459258083 233692.39948567233),3 AVENUE BRIDGE,Dead End,Dead end,3994.0,6677.0,4847.0,15518.0,1,one_direction
36828,Bronx,2023-10-22,2023,10,22,144024,POINT (1003343.7042878328 233752.30284493478),3 AVENUE BRIDGE,Dead End,Bruckner Boulevard,4022.0,9172.0,8004.0,21198.0,1,one_direction
36828,Bronx,2023-10-23,2023,10,23,144019,POINT (1003489.5459258083 233692.39948567233),3 AVENUE BRIDGE,Dead End,Dead end,4607.0,5465.0,5077.0,15149.0,1,one_direction
36828,Bronx,2023-10-23,2023,10,23,144024,POINT (1003343.7042878328 233752.30284493478),3 AVENUE BRIDGE,Dead End,Bruckner Boulevard,7967.0,10157.0,7986.0,26110.0,1,one_direction
36828,Bronx,2023-10-24,2023,10,24,144019,POINT (1003489.5459258083 233692.39948567233),3 AVENUE BRIDGE,Dead End,Dead end,4663.0,6124.0,5446.0,16233.0,1,one_direction
36828,Bronx,2023-10-24,2023,10,24,144024,POINT (1003343.7042878328 233752.30284493478),3 AVENUE BRIDGE,Dead End,Bruckner Boulevard,7696.0,10025.0,8291.0,26012.0,1,one_direction
36828,Bronx,2023-10-25,2023,10,25,144019,POINT (1003489.5459258083 233692.39948567233),3 AVENUE BRIDGE,Dead End,Dead end,5002.0,6407.0,5597.0,17006.0,1,one_direction
36828,Bronx,2023-10-25,2023,10,25,144024,POINT (1003343.7042878328 233752.30284493478),3 AVENUE BRIDGE,Dead End,Bruckner Boulevard,7942.0,8658.0,2596.0,19196.0,1,one_direction
36828,Bronx,2023-10-26,2023,10,26,144019,POINT (1003489.5459258083 233692.39948567233),3 AVENUE BRIDGE,Dead End,Dead end,5215.0,6188.0,5620.0,17023.0,1,one_direction
36828,Bronx,2023-10-26,2023,10,26,144024,POINT (1003343.7042878328 233752.30284493478),3 AVENUE BRIDGE,Dead End,Bruckner Boulevard,1686.0,3570.0,2420.0,7676.0,1,one_direction
36828,Bronx,2023-10-27,2023,10,27,144019,POINT (1003489.5459258083 233692.39948567233),3 AVENUE BRIDGE,Dead End,Dead end,4776.0,6166.0,3530.0,14472.0,1,one_direction
36828,Bronx,2023-10-27,2023,10,27,144024,POINT (1003343.7042878328 233752.30284493478),3 AVENUE BRIDGE,Dead End,Bruckner Boulevard,1927.0,3317.0,5249.0,10493.0,1,one_direction
36828,Bronx,2023-10-28,2023,10,28,144019,POINT (1003489.5459258083 233692.39948567233),3 AVENUE BRIDGE,Dead End,Dead end,2700.0,4176.0,3968.0,10844.0,1,one_direction
36828,Bronx,2023-10-28,2023,10,28,144024,POINT (1003343.7042878328 233752.30284493478),3 AVENUE BRIDGE,Dead End,Bruckner Boulevard,8489.0,9894.0,10143.0,28526.0,1,one_direction
36828,Bronx,2023-10-29,2023,10,29,144019,POINT (1003489.5459258083 233692.39948567233),3 AVENUE BRIDGE,Dead End,Dead end,3296.0,5698.0,3717.0,12711.0,1,one_direction
36828,Bronx,2023-10-29,2023,10,29,144024,POINT (1003343.7042878328 233752.30284493478),3 AVENUE BRIDGE,Dead End,Bruckner Boulevard,7461.0,9414.0,8110.0,24985.0,1,one_direction
36828,Bronx,2023-10-30,2023,10,30,144019,POINT (1003489.5459258083 233692.39948567233),3 AVENUE BRIDGE,Dead End,Dead end,4683.0,6276.0,5021.0,15980.0,1,one_direction
36828,Bronx,2023-10-30,2023,10,30,144024,POINT (1003343.7042878328 233752.30284493478),3 AVENUE BRIDGE,Dead End,Bruckner Boulevard,8038.0,9938.0,7730.0,25706.0,1,one_direction
36828,Bronx,2023-10-31,2023,10,31,144019,POINT (1003489.5459258083 233692.39948567233),3 AVENUE BRIDGE,Dead End,Dead end,4642.0,6381.0,5194.0,16217.0,1,one_direction
36828,Bronx,2023-10-31,2023,10,31,144024,POINT (1003343.7042878328 233752.30284493478),3 AVENUE BRIDGE,Dead End,Bruckner Boulevard,1977.0,3642.0,2294.0,7913.0,1,one_direction
36828,Manhattan,2023-10-17,2023,10,17,36369,POINT (994214.9732317923 216043.31446641852),EAST 58 STREET,Ed Koch Queensboro Bridge Appr,2 Avenue,4313.0,10213.0,9251.0,23777.0,2,two_directions
36828,Manhattan,2023-10-17,2023,10,17,136811,POINT (995814.4517053183 215896.87205204542),F D R DRIVE,Astoria Line,Dead end,3500.0,4239.0,3665.0,11404.0,1,one_direction
36828,Manhattan,2023-10-17,2023,10,17,140031,POINT (994514.1690128858 216427.20589959164),ED KOCH QUEENSBORO BRIDGE,Ed Koch Queensboro Bridge Exit,Dead end,3570.0,4771.0,3611.0,11952.0,1,one_direction
36828,Manhattan,2023-10-17,2023,10,17,140062,POINT (1004021.9978427979 247356.44157370654),ALEXANDER HAMILTON BRIDGE,Dead End,Harlem River Shoreline,12802.0,14971.0,17689.0,45462.0,1,one_direction
36828,Manhattan,2023-10-17,2023,10,17,140064,POINT (1004009.9376747445 247299.3322981837),ALEXANDER HAMILTON BRIDGE,Dead End,Harlem River Shoreline,14303.0,14127.0,16004.0,44434.0,1,one_direction
36828,Manhattan,2023-10-17,2023,10,17,165612,POINT (994480.7766812611 216196.02721082818),EAST 59 STREET,Ed Koch Queensboro Bridge Appr,1 Avenue,1494.0,2061.0,1413.0,4968.0,1,one_direction
36828,Manhattan,2023-10-18,2023,10,18,34257,POINT (989423.2095312162 219396.78278319325),CENTRAL PARK WEST,8 Avenue Line,8 Avenue Line,2156.0,3358.0,2521.0,8035.0,1,one_direction
36828,Manhattan,2023-10-18,2023,10,18,136811,POINT (995814.4517053183 215896.87205204542),F D R DRIVE,Astoria Line,Dead end,3533.0,3755.0,3507.0,10795.0,1,one_direction
36828,Manhattan,2023-10-18,2023,10,18,140064,POINT (1004009.9376747445 247299.3322981837),ALEXANDER HAMILTON BRIDGE,Dead End,Harlem River Shoreline,11201.0,15872.0,14303.0,41376.0,1,one_direction
36828,Manhattan,2023-10-18,2023,10,18,165612,POINT (994480.7766812611 216196.02721082818),EAST 59 STREET,Ed Koch Queensboro Bridge Appr,1 Avenue,1457.0,2194.0,1310.0,4961.0,1,one_direction
36828,Manhattan,2023-10-18,2023,10,18,258712,POINT (1003878.3646513562 231992.77964707965),WILLIS AVENUE BRIDGE,Harlem River Drive Exit 18 Nb,Harlem River Shoreline,7777.0,10504.0,10864.0,29145.0,1,one_direction
36828,Manhattan,2023-10-19,2023,10,19,34257,POINT (989423.2095312162 219396.78278319325),CENTRAL PARK WEST,8 Avenue Line,8 Avenue Line,2433.0,3642.0,2650.0,8725.0,1,one_direction
36828,Manhattan,2023-10-19,2023,10,19,136811,POINT (995814.4517053183 215896.87205204542),F D R DRIVE,Astoria Line,Dead end,3255.0,4569.0,4089.0,11913.0,1,one_direction
36828,Manhattan,2023-10-19,2023,10,19,140064,POINT (1004009.9376747445 247299.3322981837),ALEXANDER HAMILTON BRIDGE,Dead End,Harlem River Shoreline,13010.0,11398.0,13865.0,38273.0,1,one_direction
36828,Manhattan,2023-10-19,2023,10,19,165612,POINT (994480.7766812611 216196.02721082818),EAST 59 STREET,Ed Koch Queensboro Bridge Appr,1 Avenue,1470.0,1821.0,189.0,3480.0,1,one_direction
36828,Manhattan,2023-10-19,2023,10,19,258712,POINT (1003878.3646513562 231992.77964707965),WILLIS AVENUE BRIDGE,Harlem River Drive Exit 18 Nb,Harlem River Shoreline,8796.0,11550.0,10894.0,31240.0,1,one_direction
36828,Manhattan,2023-10-20,2023,10,20,34257,POINT (989423.2095312162 219396.78278319325),CENTRAL PARK WEST,8 Avenue Line,8 Avenue Line,2380.0,3818.0,2555.0,8753.0,1,one_direction
36828,Manhattan,2023-10-20,2023,10,20,72887,POINT (1007807.3102189016 253610.3799800104),UNIVERSITY HEIGHTS BRIDGE,Harlem River Shoreline,Harlem River Shoreline,3518.0,5508.0,4885.0,13911.0,1,one_direction
36828,Manhattan,2023-10-20,2023,10,20,258712,POINT (1003878.3646513562 231992.77964707965),WILLIS AVENUE BRIDGE,Harlem River Drive Exit 18 Nb,Harlem River Shoreline,8732.0,10834.0,11514.0,31080.0,1,one_direction
36828,Manhattan,2023-10-21,2023,10,21,34257,POINT (989423.2095312162 219396.78278319325),CENTRAL PARK WEST,8 Avenue Line,8 Avenue Line,1213.0,2250.0,2569.0,6032.0,1,one_direction
36828,Manhattan,2023-10-21,2023,10,21,72887,POINT (1007807.3102189016 253610.3799800104),UNIVERSITY HEIGHTS BRIDGE,Harlem River Shoreline,Harlem River Shoreline,2450.0,4636.0,4656.0,11742.0,1,one_direction
36828,Manhattan,2023-10-21,2023,10,21,258712,POINT (1003878.3646513562 231992.77964707965),WILLIS AVENUE BRIDGE,Harlem River Drive Exit 18 Nb,Harlem River Shoreline,10458.0,13328.0,11434.0,35220.0,1,one_direction
36828,Manhattan,2023-10-22,2023,10,22,34257,POINT (989423.2095312162 219396.78278319325),CENTRAL PARK WEST,8 Avenue Line,8 Avenue Line,1727.0,3007.0,2141.0,6875.0,1,one_direction
36828,Manhattan,2023-10-22,2023,10,22,72887,POINT (1007807.3102189016 253610.3799800104),UNIVERSITY HEIGHTS BRIDGE,Harlem River Shoreline,Harlem River Shoreline,2429.0,4682.0,4644.0,11755.0,1,one_direction
36828,Manhattan,2023-10-22,2023,10,22,258712,POINT (1003878.3646513562 231992.77964707965),WILLIS AVENUE BRIDGE,Harlem River Drive Exit 18 Nb,Harlem River Shoreline,9163.0,12135.0,14330.0,35628.0,1,one_direction
36828,Manhattan,2023-10-23,2023,10,23,34257,POINT (989423.2095312162 219396.78278319325),CENTRAL PARK WEST,8 Avenue Line,8 Avenue Line,2393.0,3308.0,2388.0,8089.0,1,one_direction
36828,Manhattan,2023-10-23,2023,10,23,72887,POINT (1007807.3102189016 253610.3799800104),UNIVERSITY HEIGHTS BRIDGE,Harlem River Shoreline,Harlem River Shoreline,3912.0,5577.0,4163.0,13652.0,1,one_direction
36828,Manhattan,2023-10-23,2023,10,23,258712,POINT (1003878.3646513562 231992.77964707965),WILLIS AVENUE BRIDGE,Harlem River Drive Exit 18 Nb,Harlem River Shoreline,9707.0,12526.0,12314.0,34547.0,1,one_direction
36828,Manhattan,2023-10-24,2023,10,24,34257,POINT (989423.2095312162 219396.78278319325),CENTRAL PARK WEST,8 Avenue Line,8 Avenue Line,2405.0,3695.0,2815.0,8915.0,1,one_direction
36828,Manhattan,2023-10-24,2023,10,24,72887,POINT (1007807.3102189016 253610.3799800104),UNIVERSITY HEIGHTS BRIDGE,Harlem River Shoreline,Harlem River Shoreline,3620.0,5185.0,4364.0,13169.0,1,one_direction
36828,Manhattan,2023-10-24,2023,10,24,258712,POINT (1003878.3646513562 231992.77964707965),WILLIS AVENUE BRIDGE,Harlem River Drive Exit 18 Nb,Harlem River Shoreline,9517.0,13553.0,12188.0,35258.0,1,one_direction
36828,Manhattan,2023-10-25,2023,10,25,34257,POINT (989423.2095312162 219396.78278319325),CENTRAL PARK WEST,8 Avenue Line,8 Avenue Line,2382.0,3563.0,3034.0,8979.0,1,one_direction
36828,Manhattan,2023-10-25,2023,10,25,72887,POINT (1007807.3102189016 253610.3799800104),UNIVERSITY HEIGHTS BRIDGE,Harlem River Shoreline,Harlem River Shoreline,3582.0,5398.0,4575.0,13555.0,1,one_direction
36828,Manhattan,2023-10-25,2023,10,25,258712,POINT (1003878.3646513562 231992.77964707965),WILLIS AVENUE BRIDGE,Harlem River Drive Exit 18 Nb,Harlem River Shoreline,8794.0,10689.0,12770.0,32253.0,1,one_direction
36828,Manhattan,2023-10-26,2023,10,26,34257,POINT (989423.2095312162 219396.78278319325),CENTRAL PARK WEST,8 Avenue Line,8 Avenue Line,2396.0,3589.0,2686.0,8671.0,1,one_direction
36828,Manhattan,2023-10-26,2023,10,26,72887,POINT (1007807.3102189016 253610.3799800104),UNIVERSITY HEIGHTS BRIDGE,Harlem River Shoreline,Harlem River Shoreline,3777.0,5458.0,4679.0,13914.0,1,one_direction
36828,Manhattan,2023-10-26,2023,10,26,258712,POINT (1003878.3646513562 231992.77964707965),WILLIS AVENUE BRIDGE,Harlem River Drive Exit 18 Nb,Harlem River Shoreline,8867.0,11566.0,13475.0,33908.0,1,one_direction
36828,Manhattan,2023-10-27,2023,10,27,34257,POINT (989423.2095312162 219396.78278319325),CENTRAL PARK WEST,8 Avenue Line,8 Avenue Line,2351.0,3663.0,2672.0,8686.0,1,one_direction
36828,Manhattan,2023-10-27,2023,10,27,72887,POINT (1007807.3102189016 253610.3799800104),UNIVERSITY HEIGHTS BRIDGE,Harlem River Shoreline,Harlem River Shoreline,3501.0,5442.0,4855.0,13798.0,1,one_direction
36828,Manhattan,2023-10-27,2023,10,27,258712,POINT (1003878.3646513562 231992.77964707965),WILLIS AVENUE BRIDGE,Harlem River Drive Exit 18 Nb,Harlem River Shoreline,9106.0,12231.0,13480.0,34817.0,1,one_direction
36828,Manhattan,2023-10-28,2023,10,28,34257,POINT (989423.2095312162 219396.78278319325),CENTRAL PARK WEST,8 Avenue Line,8 Avenue Line,1831.0,2679.0,2382.0,6892.0,1,one_direction
36828,Manhattan,2023-10-28,2023,10,28,72887,POINT (1007807.3102189016 253610.3799800104),UNIVERSITY HEIGHTS BRIDGE,Harlem River Shoreline,Harlem River Shoreline,2434.0,4574.0,4702.0,11710.0,1,one_direction
36828,Manhattan,2023-10-28,2023,10,28,258712,POINT (1003878.3646513562 231992.77964707965),WILLIS AVENUE BRIDGE,Harlem River Drive Exit 18 Nb,Harlem River Shoreline,9526.0,12067.0,12597.0,34190.0,1,one_direction
36828,Manhattan,2023-10-29,2023,10,29,34257,POINT (989423.2095312162 219396.78278319325),CENTRAL PARK WEST,8 Avenue Line,8 Avenue Line,1505.0,2420.0,1624.0,5549.0,1,one_direction
36828,Manhattan,2023-10-29,2023,10,29,72887,POINT (1007807.3102189016 253610.3799800104),UNIVERSITY HEIGHTS BRIDGE,Harlem River Shoreline,Harlem River Shoreline,2518.0,4631.0,4683.0,11832.0,1,one_direction
36828,Manhattan,2023-10-29,2023,10,29,258712,POINT (1003878.3646513562 231992.77964707965),WILLIS AVENUE BRIDGE,Harlem River Drive Exit 18 Nb,Harlem River Shoreline,9743.0,13022.0,13364.0,36129.0,1,one_direction
36828,Manhattan,2023-10-30,2023,10,30,34257,POINT (989423.2095312162 219396.78278319325),CENTRAL PARK WEST,8 Avenue Line,8 Avenue Line,2369.0,3300.0,2351.0,8020.0,1,one_direction
36828,Manhattan,2023-10-30,2023,10,30,72887,POINT (1007807.3102189016 253610.3799800104),UNIVERSITY HEIGHTS BRIDGE,Harlem River Shoreline,Harlem River Shoreline,3876.0,5548.0,4178.0,13602.0,1,one_direction
36828,Manhattan,2023-10-30,2023,10,30,258712,POINT (1003878.3646513562 231992.77964707965),WILLIS AVENUE BRIDGE,Harlem River Drive Exit 18 Nb,Harlem River Shoreline,8733.0,11904.0,13486.0,34123.0,1,one_direction
36828,Manhattan,2023-10-31,2023,10,31,34257,POINT (989423.2095312162 219396.78278319325),CENTRAL PARK WEST,8 Avenue Line,8 Avenue Line,2188.0,3198.0,2020.0,7406.0,1,one_direction
36828,Manhattan,2023-10-31,2023,10,31,72887,POINT (1007807.3102189016 253610.3799800104),UNIVERSITY HEIGHTS BRIDGE,Harlem River Shoreline,Harlem River Shoreline,3621.0,5144.0,4402.0,13167.0,1,one_direction
36828,Manhattan,2023-10-31,2023,10,31,252708,POINT (989913.7965267737 200030.95991576216),WILLIAMSBURG BR APPROACH,Dead End,Dead end,8429.0,12592.0,13543.0,34564.0,1,one_direction
36828,Manhattan,2023-10-31,2023,10,31,258712,POINT (1003878.3646513562 231992.77964707965),WILLIS AVENUE BRIDGE,Harlem River Drive Exit 18 Nb,Harlem River Shoreline,9123.0,13319.0,12062.0,34504.0,1,one_direction
36828,Manhattan,2023-11-01,2023,11,1,36517,POINT (995597.5914553727 216020.55259954516),YORK AVENUE,Astoria Line,East 61 Street,5978.0,8394.0,6700.0,21072.0,2,two_directions
36828,Manhattan,2023-11-01,2023,11,1,71036,POINT (1002564.5610851326 240983.75683398134),MACOMBS DAM BRIDGE,Harlem River Shoreline,Harlem River Shoreline,6098.0,6654.0,4771.0,17523.0,1,one_direction
36828,Manhattan,2023-11-01,2023,11,1,146631,POINT (1002754.5374999298 235875.81836194085),MADISON AVENUE BRIDGE,Harlem River Shoreline,Harlem River Shoreline,4721.0,7781.0,5720.0,18222.0,1,one_direction
36828,Manhattan,2023-11-01,2023,11,1,252704,POINT (989946.7063331008 200101.94433822844),WILLIAMSBURG BR APPROACH,Dead end,Dead End,9879.0,11988.0,10066.0,31933.0,1,one_direction
36828,Manhattan,2023-11-01,2023,11,1,252708,POINT (989913.7965267737 200030.95991576216),WILLIAMSBURG BR APPROACH,Dead End,Dead end,8410.0,13235.0,14644.0,36289.0,1,one_direction
36828,Manhattan,2023-11-02,2023,11,2,36517,POINT (995597.5914553727 216020.55259954516),YORK AVENUE,Astoria Line,East 61 Street,5790.0,8926.0,6882.0,21598.0,2,two_directions
36828,Manhattan,2023-11-02,2023,11,2,71036,POINT (1002564.5610851326 240983.75683398134),MACOMBS DAM BRIDGE,Harlem River Shoreline,Harlem River Shoreline,6276.0,6648.0,5147.0,18071.0,1,one_direction
36828,Manhattan,2023-11-02,2023,11,2,146631,POINT (1002754.5374999298 235875.81836194085),MADISON AVENUE BRIDGE,Harlem River Shoreline,Harlem River Shoreline,5012.0,7782.0,5911.0,18705.0,1,one_direction
36828,Manhattan,2023-11-02,2023,11,2,252704,POINT (989946.7063331008 200101.94433822844),WILLIAMSBURG BR APPROACH,Dead end,Dead End,9933.0,11932.0,11391.0,33256.0,1,one_direction
36828,Manhattan,2023-11-02,2023,11,2,252708,POINT (989913.7965267737 200030.95991576216),WILLIAMSBURG BR APPROACH,Dead End,Dead end,8913.0,13402.0,15460.0,37775.0,1,one_direction
36828,Manhattan,2023-11-03,2023,11,3,36517,POINT (995597.5914553727 216020.55259954516),YORK AVENUE,Astoria Line,East 61 Street,5861.0,8783.0,6861.0,21505.0,2,two_directions
36828,Manhattan,2023-11-03,2023,11,3,71036,POINT (1002564.5610851326 240983.75683398134),MACOMBS DAM BRIDGE,Harlem River Shoreline,Harlem River Shoreline,6209.0,6471.0,5810.0,18490.0,1,one_direction
36828,Manhattan,2023-11-03,2023,11,3,146631,POINT (1002754.5374999298 235875.81836194085),MADISON AVENUE BRIDGE,Harlem River Shoreline,Harlem River Shoreline,5214.0,8157.0,6604.0,19975.0,1,one_direction
36828,Manhattan,2023-11-04,2023,11,4,36517,POINT (995597.5914553727 216020.55259954516),YORK AVENUE,Astoria Line,East 61 Street,4314.0,6907.0,7052.0,18273.0,2,two_directions
36828,Manhattan,2023-11-04,2023,11,4,71036,POINT (1002564.5610851326 240983.75683398134),MACOMBS DAM BRIDGE,Harlem River Shoreline,Harlem River Shoreline,4885.0,7329.0,6104.0,18318.0,1,one_direction
36828,Manhattan,2023-11-04,2023,11,4,146631,POINT (1002754.5374999298 235875.81836194085),MADISON AVENUE BRIDGE,Harlem River Shoreline,Harlem River Shoreline,4084.0,7097.0,5469.0,16650.0,1,one_direction
36828,Manhattan,2023-11-05,2023,11,5,71036,POINT (1002564.5610851326 240983.75683398134),MACOMBS DAM BRIDGE,Harlem River Shoreline,Harlem River Shoreline,6320.0,11460.0,8734.0,26514.0,2,two_directions
36828,Manhattan,2023-11-06,2023,11,6,71036,POINT (1002564.5610851326 240983.75683398134),MACOMBS DAM BRIDGE,Harlem River Shoreline,Harlem River Shoreline,10437.0,12279.0,10279.0,32995.0,2,two_directions
36830,Brooklyn,2023-11-05,2023,11,5,157798,POINT (999409.9261457232 201981.2658206275),MC GUINNESS BLVD SOUTH,Newton Street,Bayard Street,2418.0,4531.0,3087.0,10036.0,1,one_direction
36830,Brooklyn,2023-11-05,2023,11,5,157886,POINT (999432.2860104679 202016.16629695336),MC GUINNESS BLVD SOUTH,Humboldt Street,Newton Street,2121.0,4012.0,2934.0,9067.0,1,one_direction
36839,Brooklyn,2023-10-15,2023,10,15,147982,POINT (987363.6729658039 192374.79121034782),ADAMS STREET,Johnson Street,Connector,9384.0,13012.0,11193.0,33589.0,2,two_directions
36839,Brooklyn,2023-10-16,2023,10,16,147982,POINT (987363.6729658039 192374.79121034782),ADAMS STREET,Johnson Street,Connector,9947.0,12022.0,9627.0,31596.0,2,two_directions
36841,Brooklyn,2024-03-16,2024,3,16,30993,POINT (996808.1170941489 199216.59595832313),MARCY AVENUE,Bqe Wb Entrance Metropolitan Ave,Metropolitan Avenue,3504.0,5854.0,5757.0,15115.0,1,one_direction
36841,Brooklyn,2024-03-16,2024,3,16,31098,POINT (997094.0362510384 198989.75706204012),RODNEY STREET,Brooklyn Queens Expwy Et 32 Eb,Ainslie Street,2698.0,5292.0,5261.0,13251.0,1,one_direction
36841,Brooklyn,2024-03-16,2024,3,16,66035,POINT (1001734.080287166 203259.28383669333),BROOKLYN QUEENS EXPWY ET 34 WB,Porter Avenue,Apollo Street,4043.0,5720.0,6066.0,15829.0,1,one_direction
36841,Brooklyn,2024-03-17,2024,3,17,30993,POINT (996808.1170941489 199216.59595832313),MARCY AVENUE,Bqe Wb Entrance Metropolitan Ave,Metropolitan Avenue,2932.0,5156.0,4301.0,12389.0,1,one_direction
36841,Brooklyn,2024-03-17,2024,3,17,31098,POINT (997094.0362510384 198989.75706204012),RODNEY STREET,Brooklyn Queens Expwy Et 32 Eb,Ainslie Street,2906.0,4905.0,3708.0,11519.0,1,one_direction
36841,Brooklyn,2024-03-17,2024,3,17,66035,POINT (1001734.080287166 203259.28383669333),BROOKLYN QUEENS EXPWY ET 34 WB,Porter Avenue,Apollo Street,3298.0,5586.0,4857.0,13741.0,1,one_direction
36841,Brooklyn,2024-03-18,2024,3,18,30993,POINT (996808.1170941489 199216.59595832313),MARCY AVENUE,Bqe Wb Entrance Metropolitan Ave,Metropolitan Avenue,3974.0,4515.0,3935.0,12424.0,1,one_direction
36841,Brooklyn,2024-03-18,2024,3,18,31098,POINT (997094.0362510384 198989.75706204012),RODNEY STREET,Brooklyn Queens Expwy Et 32 Eb,Ainslie Street,3521.0,4850.0,3221.0,11592.0,1,one_direction
36841,Brooklyn,2024-03-18,2024,3,18,66035,POINT (1001734.080287166 203259.28383669333),BROOKLYN QUEENS EXPWY ET 34 WB,Porter Avenue,Apollo Street,3747.0,4996.0,4108.0,12851.0,1,one_direction
36841,Brooklyn,2024-03-19,2024,3,19,31098,POINT (997094.0362510384 198989.75706204012),RODNEY STREET,Brooklyn Queens Expwy Et 32 Eb,Ainslie Street,3764.0,4720.0,3671.0,12155.0,1,one_direction
36841,Brooklyn,2024-03-19,2024,3,19,66035,POINT (1001734.080287166 203259.28383669333),BROOKLYN QUEENS EXPWY ET 34 WB,Porter Avenue,Apollo Street,3579.0,5082.0,4427.0,13088.0,1,one_direction
36841,Queens,2024-03-16,2024,3,16,66377,POINT (1004728.103907039 207345.1502300397),BORDEN AVENUE,Long Island Expwy Et 17 E-w Eb,Long Island Expwy Et 17 E-w Eb,10180.0,17497.0,16417.0,44094.0,1,one_direction
36841,Queens,2024-03-17,2024,3,17,66377,POINT (1004728.103907039 207345.1502300397),BORDEN AVENUE,Long Island Expwy Et 17 E-w Eb,Long Island Expwy Et 17 E-w Eb,10030.0,17377.0,16329.0,43736.0,1,one_direction
36841,Queens,2024-03-18,2024,3,18,66377,POINT (1004728.103907039 207345.1502300397),BORDEN AVENUE,Long Island Expwy Et 17 E-w Eb,Long Island Expwy Et 17 E-w Eb,11788.0,18760.0,15014.0,45562.0,1,one_direction
36841,Queens,2024-03-19,2024,3,19,66377,POINT (1004728.103907039 207345.1502300397),BORDEN AVENUE,Long Island Expwy Et 17 E-w Eb,Long Island Expwy Et 17 E-w Eb,11080.0,19227.0,15276.0,45583.0,1,one_direction
36906,Brooklyn,2023-11-13,2023,11,13,42666,POINT (1008934.3110231468 170307.79075384818),AVENUE J,East 80 Street,East 81 Street,634.0,922.0,494.0,2050.0,1,one_direction
36906,Brooklyn,2023-11-14,2023,11,14,42666,POINT (1008934.3110231468 170307.79075384818),AVENUE J,East 80 Street,East 81 Street,611.0,867.0,510.0,1988.0,1,one_direction
36906,Brooklyn,2023-11-15,2023,11,15,42666,POINT (1008934.3110231468 170307.79075384818),AVENUE J,East 80 Street,East 81 Street,626.0,947.0,502.0,2075.0,1,one_direction
36906,Brooklyn,2023-11-16,2023,11,16,42666,POINT (1008934.3110231468 170307.79075384818),AVENUE J,East 80 Street,East 81 Street,590.0,968.0,588.0,2146.0,1,one_direction
36906,Brooklyn,2023-11-17,2023,11,17,42666,POINT (1008934.3110231468 170307.79075384818),AVENUE J,East 80 Street,East 81 Street,655.0,1091.0,624.0,2370.0,1,one_direction
36906,Brooklyn,2023-11-18,2023,11,18,42666,POINT (1008934.3110231468 170307.79075384818),AVENUE J,East 80 Street,East 81 Street,436.0,901.0,535.0,1872.0,1,one_direction
36906,Brooklyn,2023-11-19,2023,11,19,42666,POINT (1008934.3110231468 170307.79075384818),AVENUE J,East 80 Street,East 81 Street,350.0,734.0,403.0,1487.0,1,one_direction
36961,Manhattan,2023-12-02,2023,12,2,68530,POINT (1002441.9849237476 229118.71658459055),EAST 116 STREET,1 Avenue,Pleasant Avenue,2118.0,3777.0,2588.0,8483.0,2,two_directions
36961,Manhattan,2023-12-03,2023,12,3,68530,POINT (1002441.9849237476 229118.71658459055),EAST 116 STREET,1 Avenue,Pleasant Avenue,1716.0,3942.0,2050.0,7708.0,2,two_directions
36961,Manhattan,2023-12-04,2023,12,4,68530,POINT (1002441.9849237476 229118.71658459055),EAST 116 STREET,1 Avenue,Pleasant Avenue,2686.0,2810.0,1546.0,7042.0,2,two_directions
36961,Manhattan,2023-12-05,2023,12,5,68530,POINT (1002441.9849237476 229118.71658459055),EAST 116 STREET,1 Avenue,Pleasant Avenue,2758.0,3380.0,1868.0,8006.0,2,two_directions
36961,Manhattan,2023-12-06,2023,12,6,68530,POINT (1002441.9849237476 229118.71658459055),EAST 116 STREET,1 Avenue,Pleasant Avenue,2730.0,3002.0,1785.0,7517.0,2,two_directions
36961,Manhattan,2023-12-07,2023,12,7,68530,POINT (1002441.9849237476 229118.71658459055),EAST 116 STREET,1 Avenue,Pleasant Avenue,3483.0,3322.0,1942.0,8747.0,2,two_directions
36961,Manhattan,2023-12-08,2023,12,8,68530,POINT (1002441.9849237476 229118.71658459055),EAST 116 STREET,1 Avenue,Pleasant Avenue,2707.0,3360.0,2402.0,8469.0,2,two_directions
36961,Manhattan,2023-12-09,2023,12,9,68530,POINT (1002441.9849237476 229118.71658459055),EAST 116 STREET,1 Avenue,Pleasant Avenue,2050.0,3590.0,2571.0,8211.0,2,two_directions
36961,Manhattan,2023-12-10,2023,12,10,68530,POINT (1002441.9849237476 229118.71658459055),EAST 116 STREET,1 Avenue,Pleasant Avenue,1774.0,3256.0,1943.0,6973.0,2,two_directions
37016,Queens,2023-11-13,2023,11,13,63067,POINT (1052448.1361800227 182158.9045315978),NORTH CONDUIT AVENUE,143 Road,222 Street,7008.0,7175.0,4089.0,18272.0,1,one_direction
37016,Queens,2023-11-13,2023,11,13,133440,POINT (1050796.0649834706 182183.91991279385),BELT PARKWAY EXIT 21 WESTBOUND,Belt Parkway,North Conduit Avenue,1248.0,1443.0,1011.0,3702.0,1,one_direction
37016,Queens,2023-11-13,2023,11,13,136612,POINT (1049634.4174811568 182344.0829986251),BELT PARKWAY SB ENTRANCE 181 ST,181 Street,Belt Parkway,1849.0,2254.0,1764.0,5867.0,1,one_direction
37016,Queens,2023-11-14,2023,11,14,63067,POINT (1052448.1361800227 182158.9045315978),NORTH CONDUIT AVENUE,143 Road,222 Street,7250.0,7735.0,4488.0,19473.0,1,one_direction
37016,Queens,2023-11-14,2023,11,14,133440,POINT (1050796.0649834706 182183.91991279385),BELT PARKWAY EXIT 21 WESTBOUND,Belt Parkway,North Conduit Avenue,1491.0,1380.0,1053.0,3924.0,1,one_direction
37016,Queens,2023-11-14,2023,11,14,136612,POINT (1049634.4174811568 182344.0829986251),BELT PARKWAY SB ENTRANCE 181 ST,181 Street,Belt Parkway,1842.0,2483.0,1972.0,6297.0,1,one_direction
37016,Queens,2023-11-15,2023,11,15,63067,POINT (1052448.1361800227 182158.9045315978),NORTH CONDUIT AVENUE,143 Road,222 Street,6961.0,7854.0,4549.0,19364.0,1,one_direction
37016,Queens,2023-11-15,2023,11,15,133440,POINT (1050796.0649834706 182183.91991279385),BELT PARKWAY EXIT 21 WESTBOUND,Belt Parkway,North Conduit Avenue,1445.0,1414.0,1104.0,3963.0,1,one_direction
37016,Queens,2023-11-15,2023,11,15,136612,POINT (1049634.4174811568 182344.0829986251),BELT PARKWAY SB ENTRANCE 181 ST,181 Street,Belt Parkway,1864.0,2609.0,1939.0,6412.0,1,one_direction
37016,Queens,2023-11-16,2023,11,16,63067,POINT (1052448.1361800227 182158.9045315978),NORTH CONDUIT AVENUE,143 Road,222 Street,7845.0,8183.0,5727.0,21755.0,1,one_direction
37016,Queens,2023-11-16,2023,11,16,133440,POINT (1050796.0649834706 182183.91991279385),BELT PARKWAY EXIT 21 WESTBOUND,Belt Parkway,North Conduit Avenue,1399.0,1468.0,1095.0,3962.0,1,one_direction
37016,Queens,2023-11-16,2023,11,16,136612,POINT (1049634.4174811568 182344.0829986251),BELT PARKWAY SB ENTRANCE 181 ST,181 Street,Belt Parkway,2292.0,2600.0,2281.0,7173.0,1,one_direction
37016,Queens,2023-11-17,2023,11,17,63067,POINT (1052448.1361800227 182158.9045315978),NORTH CONDUIT AVENUE,143 Road,222 Street,7256.0,9592.0,5912.0,22760.0,1,one_direction
37016,Queens,2023-11-17,2023,11,17,133440,POINT (1050796.0649834706 182183.91991279385),BELT PARKWAY EXIT 21 WESTBOUND,Belt Parkway,North Conduit Avenue,1548.0,1398.0,1203.0,4149.0,1,one_direction
37016,Queens,2023-11-17,2023,11,17,136612,POINT (1049634.4174811568 182344.0829986251),BELT PARKWAY SB ENTRANCE 181 ST,181 Street,Belt Parkway,1798.0,3051.0,2171.0,7020.0,1,one_direction
37016,Queens,2023-11-18,2023,11,18,63067,POINT (1052448.1361800227 182158.9045315978),NORTH CONDUIT AVENUE,143 Road,222 Street,4620.0,11075.0,6963.0,22658.0,1,one_direction
37016,Queens,2023-11-18,2023,11,18,133440,POINT (1050796.0649834706 182183.91991279385),BELT PARKWAY EXIT 21 WESTBOUND,Belt Parkway,North Conduit Avenue,1095.0,1542.0,1419.0,4056.0,1,one_direction
37016,Queens,2023-11-18,2023,11,18,136612,POINT (1049634.4174811568 182344.0829986251),BELT PARKWAY SB ENTRANCE 181 ST,181 Street,Belt Parkway,1900.0,2647.0,2067.0,6614.0,1,one_direction
37016,Queens,2023-11-19,2023,11,19,63067,POINT (1052448.1361800227 182158.9045315978),NORTH CONDUIT AVENUE,143 Road,222 Street,3836.0,11216.0,4163.0,19215.0,1,one_direction
37016,Queens,2023-11-19,2023,11,19,133440,POINT (1050796.0649834706 182183.91991279385),BELT PARKWAY EXIT 21 WESTBOUND,Belt Parkway,North Conduit Avenue,1147.0,1197.0,676.0,3020.0,1,one_direction
37016,Queens,2023-11-19,2023,11,19,136612,POINT (1049634.4174811568 182344.0829986251),BELT PARKWAY SB ENTRANCE 181 ST,181 Street,Belt Parkway,1820.0,2552.0,1968.0,6340.0,1,one_direction
37019,Brooklyn,2023-12-02,2023,12,2,192043,POINT (984685.0325587712 156956.40363726346),BAY PARKWAY,Bath Avenue,Cropsey Avenue,3631.0,4512.0,3393.0,11536.0,1,one_direction
37019,Brooklyn,2023-12-02,2023,12,2,192045,POINT (984569.9732092462 156811.2663837685),BAY PARKWAY,Belt Parkway Wb Bay Parkway En,Cropsey Avenue,3433.0,5721.0,4638.0,13792.0,1,one_direction
37019,Brooklyn,2023-12-03,2023,12,3,192043,POINT (984685.0325587712 156956.40363726346),BAY PARKWAY,Bath Avenue,Cropsey Avenue,2978.0,4399.0,2986.0,10363.0,1,one_direction
37019,Brooklyn,2023-12-03,2023,12,3,192045,POINT (984569.9732092462 156811.2663837685),BAY PARKWAY,Belt Parkway Wb Bay Parkway En,Cropsey Avenue,3346.0,5591.0,4525.0,13462.0,1,one_direction
37019,Brooklyn,2023-12-04,2023,12,4,192043,POINT (984685.0325587712 156956.40363726346),BAY PARKWAY,Bath Avenue,Cropsey Avenue,3830.0,4492.0,2966.0,11288.0,1,one_direction
37019,Brooklyn,2023-12-04,2023,12,4,192045,POINT (984569.9732092462 156811.2663837685),BAY PARKWAY,Belt Parkway Wb Bay Parkway En,Cropsey Avenue,4002.0,5265.0,3968.0,13235.0,1,one_direction
37019,Brooklyn,2023-12-05,2023,12,5,192043,POINT (984685.0325587712 156956.40363726346),BAY PARKWAY,Bath Avenue,Cropsey Avenue,3593.0,3923.0,3185.0,10701.0,1,one_direction
37019,Brooklyn,2023-12-05,2023,12,5,192045,POINT (984569.9732092462 156811.2663837685),BAY PARKWAY,Belt Parkway Wb Bay Parkway En,Cropsey Avenue,4011.0,5312.0,4215.0,13538.0,1,one_direction
37019,Brooklyn,2023-12-06,2023,12,6,192043,POINT (984685.0325587712 156956.40363726346),BAY PARKWAY,Bath Avenue,Cropsey Avenue,3659.0,4443.0,3114.0,11216.0,1,one_direction
37019,Brooklyn,2023-12-06,2023,12,6,192045,POINT (984569.9732092462 156811.2663837685),BAY PARKWAY,Belt Parkway Wb Bay Parkway En,Cropsey Avenue,3887.0,4990.0,4610.0,13487.0,1,one_direction
37019,Brooklyn,2023-12-07,2023,12,7,192043,POINT (984685.0325587712 156956.40363726346),BAY PARKWAY,Bath Avenue,Cropsey Avenue,3916.0,4944.0,3552.0,12412.0,1,one_direction
37019,Brooklyn,2023-12-07,2023,12,7,192045,POINT (984569.9732092462 156811.2663837685),BAY PARKWAY,Belt Parkway Wb Bay Parkway En,Cropsey Avenue,4893.0,6037.0,4752.0,15682.0,1,one_direction
37019,Brooklyn,2023-12-08,2023,12,8,192043,POINT (984685.0325587712 156956.40363726346),BAY PARKWAY,Bath Avenue,Cropsey Avenue,3839.0,4777.0,3225.0,11841.0,1,one_direction
37019,Brooklyn,2023-12-08,2023,12,8,192045,POINT (984569.9732092462 156811.2663837685),BAY PARKWAY,Belt Parkway Wb Bay Parkway En,Cropsey Avenue,3908.0,5107.0,4801.0,13816.0,1,one_direction
37019,Brooklyn,2023-12-09,2023,12,9,192043,POINT (984685.0325587712 156956.40363726346),BAY PARKWAY,Bath Avenue,Cropsey Avenue,3370.0,4295.0,3408.0,11073.0,1,one_direction
37019,Brooklyn,2023-12-09,2023,12,9,192045,POINT (984569.9732092462 156811.2663837685),BAY PARKWAY,Belt Parkway Wb Bay Parkway En,Cropsey Avenue,3271.0,5230.0,4636.0,13137.0,1,one_direction
37019,Brooklyn,2023-12-10,2023,12,10,192043,POINT (984685.0325587712 156956.40363726346),BAY PARKWAY,Bath Avenue,Cropsey Avenue,2985.0,4411.0,2891.0,10287.0,1,one_direction
37019,Brooklyn,2023-12-10,2023,12,10,192045,POINT (984569.9732092462 156811.2663837685),BAY PARKWAY,Belt Parkway Wb Bay Parkway En,Cropsey Avenue,3319.0,5601.0,4502.0,13422.0,1,one_direction
37077,Brooklyn,2024-01-06,2024,1,6,152523,POINT (1003654.6586852521 199554.47003534436),METROPOLITAN AVENUE,Dead end,Varick Avenue,582.0,819.0,433.0,1834.0,1,one_direction
37077,Brooklyn,2024-01-07,2024,1,7,152523,POINT (1003654.6586852521 199554.47003534436),METROPOLITAN AVENUE,Dead end,Varick Avenue,550.0,828.0,381.0,1759.0,1,one_direction
37077,Brooklyn,2024-01-08,2024,1,8,152523,POINT (1003654.6586852521 199554.47003534436),METROPOLITAN AVENUE,Dead end,Varick Avenue,2285.0,2224.0,651.0,5160.0,1,one_direction
37077,Brooklyn,2024-01-09,2024,1,9,152523,POINT (1003654.6586852521 199554.47003534436),METROPOLITAN AVENUE,Dead end,Varick Avenue,2159.0,2139.0,674.0,4972.0,1,one_direction
37077,Brooklyn,2024-01-10,2024,1,10,152523,POINT (1003654.6586852521 199554.47003534436),METROPOLITAN AVENUE,Dead end,Varick Avenue,2226.0,2194.0,674.0,5094.0,1,one_direction
37077,Brooklyn,2024-01-11,2024,1,11,152523,POINT (1003654.6586852521 199554.47003534436),METROPOLITAN AVENUE,Dead end,Varick Avenue,2060.0,2117.0,669.0,4846.0,1,one_direction
37077,Brooklyn,2024-01-12,2024,1,12,152523,POINT (1003654.6586852521 199554.47003534436),METROPOLITAN AVENUE,Dead end,Varick Avenue,2237.0,2257.0,637.0,5131.0,1,one_direction
37077,Brooklyn,2024-01-13,2024,1,13,152523,POINT (1003654.6586852521 199554.47003534436),METROPOLITAN AVENUE,Dead end,Varick Avenue,579.0,820.0,420.0,1819.0,1,one_direction
37077,Brooklyn,2024-01-14,2024,1,14,152523,POINT (1003654.6586852521 199554.47003534436),METROPOLITAN AVENUE,Dead end,Varick Avenue,588.0,844.0,410.0,1842.0,1,one_direction
37077,Queens,2024-01-06,2024,1,6,74363,POINT (1014378.8719643257 204625.60090671887),GRAND AVENUE,72 Street,Mazeau Street,1294.0,2130.0,1198.0,4622.0,1,one_direction
37077,Queens,2024-01-06,2024,1,6,253492,POINT (1018184.6338783544 207781.08927497457),BROADWAY,Queens Boulevard Line,Queens Boulevard,1104.0,1421.0,1249.0,3774.0,1,one_direction
37077,Queens,2024-01-06,2024,1,6,253492,POINT (1018213.9448553473 207844.39374417067),BROADWAY,Queens Boulevard,Queens Boulevard Line,1354.0,1782.0,1451.0,4587.0,1,one_direction
37077,Queens,2024-01-07,2024,1,7,74363,POINT (1014378.8719643257 204625.60090671887),GRAND AVENUE,72 Street,Mazeau Street,838.0,1739.0,1006.0,3583.0,1,one_direction
37077,Queens,2024-01-07,2024,1,7,253492,POINT (1018184.6338783544 207781.08927497457),BROADWAY,Queens Boulevard Line,Queens Boulevard,1186.0,2146.0,1635.0,4967.0,1,one_direction
37077,Queens,2024-01-07,2024,1,7,253492,POINT (1018213.9448553473 207844.39374417067),BROADWAY,Queens Boulevard,Queens Boulevard Line,1009.0,1608.0,1481.0,4098.0,1,one_direction
37077,Queens,2024-01-08,2024,1,8,74363,POINT (1014378.8719643257 204625.60090671887),GRAND AVENUE,72 Street,Mazeau Street,1247.0,2319.0,1338.0,4904.0,1,one_direction
37077,Queens,2024-01-08,2024,1,8,253492,POINT (1018184.6338783544 207781.08927497457),BROADWAY,Queens Boulevard Line,Queens Boulevard,1661.0,2207.0,1681.0,5549.0,1,one_direction
37077,Queens,2024-01-08,2024,1,8,253492,POINT (1018213.9448553473 207844.39374417067),BROADWAY,Queens Boulevard,Queens Boulevard Line,1220.0,1392.0,1465.0,4077.0,1,one_direction
37077,Queens,2024-01-09,2024,1,9,74363,POINT (1014378.8719643257 204625.60090671887),GRAND AVENUE,72 Street,Mazeau Street,1258.0,2391.0,1418.0,5067.0,1,one_direction
37077,Queens,2024-01-09,2024,1,9,253492,POINT (1018184.6338783544 207781.08927497457),BROADWAY,Queens Boulevard Line,Queens Boulevard,1772.0,2179.0,1869.0,5820.0,1,one_direction
37077,Queens,2024-01-09,2024,1,9,253492,POINT (1018213.9448553473 207844.39374417067),BROADWAY,Queens Boulevard,Queens Boulevard Line,1265.0,1467.0,1557.0,4289.0,1,one_direction
37077,Queens,2024-01-10,2024,1,10,74363,POINT (1014378.8719643257 204625.60090671887),GRAND AVENUE,72 Street,Mazeau Street,1228.0,2227.0,1321.0,4776.0,1,one_direction
37077,Queens,2024-01-10,2024,1,10,253492,POINT (1018184.6338783544 207781.08927497457),BROADWAY,Queens Boulevard Line,Queens Boulevard,1670.0,2219.0,1799.0,5688.0,1,one_direction
37077,Queens,2024-01-10,2024,1,10,253492,POINT (1018213.9448553473 207844.39374417067),BROADWAY,Queens Boulevard,Queens Boulevard Line,1273.0,1469.0,1560.0,4302.0,1,one_direction
37077,Queens,2024-01-11,2024,1,11,74363,POINT (1014378.8719643257 204625.60090671887),GRAND AVENUE,72 Street,Mazeau Street,1229.0,2359.0,1441.0,5029.0,1,one_direction
37077,Queens,2024-01-11,2024,1,11,253492,POINT (1018184.6338783544 207781.08927497457),BROADWAY,Queens Boulevard Line,Queens Boulevard,1721.0,2206.0,1864.0,5791.0,1,one_direction
37077,Queens,2024-01-11,2024,1,11,253492,POINT (1018213.9448553473 207844.39374417067),BROADWAY,Queens Boulevard,Queens Boulevard Line,1276.0,1491.0,1534.0,4301.0,1,one_direction
37077,Queens,2024-01-12,2024,1,12,74363,POINT (1014378.8719643257 204625.60090671887),GRAND AVENUE,72 Street,Mazeau Street,1339.0,2412.0,1540.0,5291.0,1,one_direction
37077,Queens,2024-01-12,2024,1,12,253492,POINT (1018184.6338783544 207781.08927497457),BROADWAY,Queens Boulevard Line,Queens Boulevard,1757.0,2301.0,1987.0,6045.0,1,one_direction
37077,Queens,2024-01-12,2024,1,12,253492,POINT (1018213.9448553473 207844.39374417067),BROADWAY,Queens Boulevard,Queens Boulevard Line,1284.0,1595.0,1650.0,4529.0,1,one_direction
37077,Queens,2024-01-13,2024,1,13,74363,POINT (1014378.8719643257 204625.60090671887),GRAND AVENUE,72 Street,Mazeau Street,1319.0,2115.0,1237.0,4671.0,1,one_direction
37077,Queens,2024-01-13,2024,1,13,253492,POINT (1018184.6338783544 207781.08927497457),BROADWAY,Queens Boulevard Line,Queens Boulevard,1227.0,1375.0,1305.0,3907.0,1,one_direction
37077,Queens,2024-01-13,2024,1,13,253492,POINT (1018213.9448553473 207844.39374417067),BROADWAY,Queens Boulevard,Queens Boulevard Line,1351.0,1787.0,1488.0,4626.0,1,one_direction
37077,Queens,2024-01-14,2024,1,14,74363,POINT (1014378.8719643257 204625.60090671887),GRAND AVENUE,72 Street,Mazeau Street,1025.0,1767.0,1143.0,3935.0,1,one_direction
37077,Queens,2024-01-14,2024,1,14,253492,POINT (1018184.6338783544 207781.08927497457),BROADWAY,Queens Boulevard Line,Queens Boulevard,1231.0,2217.0,1604.0,5052.0,1,one_direction
37077,Queens,2024-01-14,2024,1,14,253492,POINT (1018213.9448553473 207844.39374417067),BROADWAY,Queens Boulevard,Queens Boulevard Line,1097.0,1618.0,1593.0,4308.0,1,one_direction
37160,Bronx,2024-01-15,2024,1,15,70542,POINT (1009535.2650035715 235541.37216049051),EAST 149 STREET,Jackson Avenue,Concord Avenue,2168.0,3696.0,2122.0,7986.0,2,two_directions
37160,Bronx,2024-01-16,2024,1,16,70542,POINT (1009535.2650035715 235541.37216049051),EAST 149 STREET,Jackson Avenue,Concord Avenue,3163.0,4213.0,2100.0,9476.0,2,two_directions
37203,Queens,2024-01-17,2024,1,17,57162,POINT (1038800.1226020441 190235.14743930462),109 AVENUE,143 Street,Pinegrove Street,1009.0,1281.0,780.0,3070.0,2,two_directions
37203,Queens,2024-01-17,2024,1,17,9000515,POINT (1041074.973834683 193690.47360957888),160 STREET,Dead End,Dead end,1929.0,2139.0,1117.0,5185.0,2,two_directions
37203,Queens,2024-01-18,2024,1,18,57162,POINT (1038800.1226020441 190235.14743930462),109 AVENUE,143 Street,Pinegrove Street,1035.0,1405.0,837.0,3277.0,2,two_directions
37203,Queens,2024-01-18,2024,1,18,9000515,POINT (1041074.973834683 193690.47360957888),160 STREET,Dead End,Dead end,1892.0,2227.0,1214.0,5333.0,2,two_directions
37203,Queens,2024-01-19,2024,1,19,57162,POINT (1038800.1226020441 190235.14743930462),109 AVENUE,143 Street,Pinegrove Street,972.0,1460.0,867.0,3299.0,2,two_directions
37203,Queens,2024-01-19,2024,1,19,9000515,POINT (1041074.973834683 193690.47360957888),160 STREET,Dead End,Dead end,1750.0,2242.0,1261.0,5253.0,2,two_directions
37203,Queens,2024-01-20,2024,1,20,57162,POINT (1038800.1226020441 190235.14743930462),109 AVENUE,143 Street,Pinegrove Street,820.0,1257.0,910.0,2987.0,2,two_directions
37203,Queens,2024-01-20,2024,1,20,9000515,POINT (1041074.973834683 193690.47360957888),160 STREET,Dead End,Dead end,945.0,1737.0,1132.0,3814.0,2,two_directions
37203,Queens,2024-01-21,2024,1,21,57162,POINT (1038800.1226020441 190235.14743930462),109 AVENUE,143 Street,Pinegrove Street,596.0,1114.0,872.0,2582.0,2,two_directions
37203,Queens,2024-01-21,2024,1,21,9000515,POINT (1041074.973834683 193690.47360957888),160 STREET,Dead End,Dead end,768.0,1406.0,912.0,3086.0,2,two_directions
37203,Queens,2024-01-22,2024,1,22,57162,POINT (1038800.1226020441 190235.14743930462),109 AVENUE,143 Street,Pinegrove Street,994.0,1309.0,778.0,3081.0,2,two_directions
37203,Queens,2024-01-22,2024,1,22,9000515,POINT (1041074.973834683 193690.47360957888),160 STREET,Dead End,Dead end,1864.0,2000.0,1078.0,4942.0,2,two_directions
37203,Queens,2024-01-23,2024,1,23,57162,POINT (1038800.1226020441 190235.14743930462),109 AVENUE,143 Street,Pinegrove Street,1045.0,1368.0,770.0,3183.0,2,two_directions
37203,Queens,2024-01-23,2024,1,23,9000515,POINT (1041074.973834683 193690.47360957888),160 STREET,Dead End,Dead end,1848.0,2043.0,1101.0,4992.0,2,two_directions
37203,Queens,2024-01-24,2024,1,24,57162,POINT (1038800.1226020441 190235.14743930462),109 AVENUE,143 Street,Pinegrove Street,1018.0,1392.0,831.0,3241.0,2,two_directions
37203,Queens,2024-01-24,2024,1,24,9000515,POINT (1041074.973834683 193690.47360957888),160 STREET,Dead End,Dead end,1961.0,2140.0,1062.0,5163.0,2,two_directions
37203,Queens,2024-01-25,2024,1,25,57162,POINT (1038800.1226020441 190235.14743930462),109 AVENUE,143 Street,Pinegrove Street,1043.0,1370.0,823.0,3236.0,2,two_directions
37203,Queens,2024-01-25,2024,1,25,9000515,POINT (1041074.973834683 193690.47360957888),160 STREET,Dead End,Dead end,1934.0,2162.0,1223.0,5319.0,2,two_directions
37203,Queens,2024-01-26,2024,1,26,57162,POINT (1038800.1226020441 190235.14743930462),109 AVENUE,143 Street,Pinegrove Street,984.0,1396.0,944.0,3324.0,2,two_directions
37203,Queens,2024-01-26,2024,1,26,9000515,POINT (1041074.973834683 193690.47360957888),160 STREET,Dead End,Dead end,1844.0,2237.0,1289.0,5370.0,2,two_directions
37203,Queens,2024-01-27,2024,1,27,57162,POINT (1038800.1226020441 190235.14743930462),109 AVENUE,143 Street,Pinegrove Street,813.0,1204.0,898.0,2915.0,2,two_directions
37203,Queens,2024-01-27,2024,1,27,9000515,POINT (1041074.973834683 193690.47360957888),160 STREET,Dead End,Dead end,964.0,1761.0,1146.0,3871.0,2,two_directions
37203,Queens,2024-01-28,2024,1,28,57162,POINT (1038800.1226020441 190235.14743930462),109 AVENUE,143 Street,Pinegrove Street,694.0,1249.0,841.0,2784.0,2,two_directions
37203,Queens,2024-01-28,2024,1,28,9000515,POINT (1041074.973834683 193690.47360957888),160 STREET,Dead End,Dead end,752.0,1438.0,880.0,3070.0,2,two_directions
37203,Queens,2024-01-29,2024,1,29,57162,POINT (1038800.1226020441 190235.14743930462),109 AVENUE,143 Street,Pinegrove Street,993.0,1407.0,876.0,3276.0,2,two_directions
37203,Queens,2024-01-29,2024,1,29,9000515,POINT (1041074.973834683 193690.47360957888),160 STREET,Dead End,Dead end,1820.0,2008.0,1111.0,4939.0,2,two_directions
37203,Queens,2024-01-30,2024,1,30,57162,POINT (1038800.1226020441 190235.14743930462),109 AVENUE,143 Street,Pinegrove Street,999.0,1404.0,810.0,3213.0,2,two_directions
37203,Queens,2024-01-30,2024,1,30,9000515,POINT (1041074.973834683 193690.47360957888),160 STREET,Dead End,Dead end,1809.0,2090.0,1105.0,5004.0,2,two_directions
37238,Queens,2024-03-02,2024,3,2,74151,POINT (1013521.488203161 203109.65411680314),69 STREET,58 Avenue,58 Road,1823.0,3124.0,2211.0,7158.0,1,one_direction
37238,Queens,2024-03-03,2024,3,3,74151,POINT (1013521.488203161 203109.65411680314),69 STREET,58 Avenue,58 Road,1623.0,3276.0,2157.0,7056.0,1,one_direction
37238,Queens,2024-03-04,2024,3,4,74151,POINT (1013521.488203161 203109.65411680314),69 STREET,58 Avenue,58 Road,2440.0,3447.0,1978.0,7865.0,1,one_direction
37261,Brooklyn,2024-02-06,2024,2,6,27660,POINT (999446.7779823921 169005.80685982972),FLATBUSH AVENUE,East 32 Street,Aurelia Court,5752.0,7098.0,5494.0,18344.0,2,two_directions
37261,Brooklyn,2024-02-07,2024,2,7,27660,POINT (999446.7779823921 169005.80685982972),FLATBUSH AVENUE,East 32 Street,Aurelia Court,5929.0,7076.0,5581.0,18586.0,2,two_directions
37261,Brooklyn,2024-02-08,2024,2,8,27660,POINT (999446.7779823921 169005.80685982972),FLATBUSH AVENUE,East 32 Street,Aurelia Court,5910.0,7192.0,5755.0,18857.0,2,two_directions
37261,Brooklyn,2024-02-09,2024,2,9,27660,POINT (999446.7779823921 169005.80685982972),FLATBUSH AVENUE,East 32 Street,Aurelia Court,6006.0,7237.0,5915.0,19158.0,2,two_directions
37261,Brooklyn,2024-02-10,2024,2,10,27660,POINT (999446.7779823921 169005.80685982972),FLATBUSH AVENUE,East 32 Street,Aurelia Court,5279.0,7734.0,6197.0,19210.0,2,two_directions
37261,Brooklyn,2024-02-11,2024,2,11,27660,POINT (999446.7779823921 169005.80685982972),FLATBUSH AVENUE,East 32 Street,Aurelia Court,5275.0,7982.0,5205.0,18462.0,2,two_directions
37261,Brooklyn,2024-02-12,2024,2,12,27660,POINT (999446.7779823921 169005.80685982972),FLATBUSH AVENUE,East 32 Street,Aurelia Court,6219.0,7375.0,5620.0,19214.0,2,two_directions
37262,Manhattan,2024-02-04,2024,2,4,162681,POINT (986617.4438453036 197898.7004707491),SOUTH STREET,Pike Slip,Rutgers Slip,1452.0,2852.0,1828.0,6132.0,2,two_directions
37262,Manhattan,2024-02-05,2024,2,5,162681,POINT (986617.4438453036 197898.7004707491),SOUTH STREET,Pike Slip,Rutgers Slip,1994.0,3001.0,1778.0,6773.0,2,two_directions
37262,Manhattan,2024-02-06,2024,2,6,162681,POINT (986617.4438453036 197898.7004707491),SOUTH STREET,Pike Slip,Rutgers Slip,2305.0,3190.0,1666.0,7161.0,2,two_directions
37262,Manhattan,2024-02-07,2024,2,7,162681,POINT (986617.4438453036 197898.7004707491),SOUTH STREET,Pike Slip,Rutgers Slip,1992.0,3182.0,2359.0,7533.0,2,two_directions
37262,Manhattan,2024-02-08,2024,2,8,162681,POINT (986617.4438453036 197898.7004707491),SOUTH STREET,Pike Slip,Rutgers Slip,1948.0,3197.0,2239.0,7384.0,2,two_directions
37262,Manhattan,2024-02-09,2024,2,9,162681,POINT (986617.4438453036 197898.7004707491),SOUTH STREET,Pike Slip,Rutgers Slip,1878.0,2950.0,2213.0,7041.0,2,two_directions
37262,Manhattan,2024-02-10,2024,2,10,162681,POINT (986617.4438453036 197898.7004707491),SOUTH STREET,Pike Slip,Rutgers Slip,1293.0,2912.0,2369.0,6574.0,2,two_directions
37262,Manhattan,2024-02-11,2024,2,11,162681,POINT (986617.4438453036 197898.7004707491),SOUTH STREET,Pike Slip,Rutgers Slip,1403.0,2825.0,1839.0,6067.0,2,two_directions
37262,Manhattan,2024-02-12,2024,2,12,162681,POINT (986617.4438453036 197898.7004707491),SOUTH STREET,Pike Slip,Rutgers Slip,1869.0,2915.0,1761.0,6545.0,2,two_directions
37268,Manhattan,2024-02-04,2024,2,4,145850,POINT (993249.6723901321 213357.28298932032),1 AVENUE,East 47 Street,Dead end,582.0,1523.0,1291.0,3396.0,1,one_direction
37268,Manhattan,2024-02-05,2024,2,5,145850,POINT (993249.6723901321 213357.28298932032),1 AVENUE,East 47 Street,Dead end,1471.0,1438.0,1229.0,4138.0,1,one_direction
37268,Manhattan,2024-02-13,2024,2,13,145850,POINT (993249.6723901321 213357.28298932032),1 AVENUE,East 47 Street,Dead end,1578.0,1758.0,1322.0,4658.0,1,one_direction
37268,Manhattan,2024-02-14,2024,2,14,145850,POINT (993249.6723901321 213357.28298932032),1 AVENUE,East 47 Street,Dead end,1569.0,1860.0,1403.0,4832.0,1,one_direction
37268,Manhattan,2024-02-15,2024,2,15,145850,POINT (993249.6723901321 213357.28298932032),1 AVENUE,East 47 Street,Dead end,1365.0,1758.0,1368.0,4491.0,1,one_direction
37268,Manhattan,2024-02-16,2024,2,16,145850,POINT (993249.6723901321 213357.28298932032),1 AVENUE,East 47 Street,Dead end,1284.0,1688.0,1324.0,4296.0,1,one_direction
37268,Manhattan,2024-02-17,2024,2,17,145850,POINT (993249.6723901321 213357.28298932032),1 AVENUE,East 47 Street,Dead end,631.0,1297.0,1648.0,3576.0,1,one_direction
37280,Brooklyn,2024-05-04,2024,5,4,21371,POINT (988615.3015069827 172125.97178927733),14 AVENUE,40 Street,39 Street,1398.0,2266.0,1994.0,5658.0,1,one_direction
37280,Brooklyn,2024-05-04,2024,5,4,41867,POINT (1001201.606694125 177292.92760043906),LINDEN BOULEVARD,East 42 Street,Albany Avenue,2624.0,4215.0,3478.0,10317.0,2,two_directions
37280,Brooklyn,2024-05-04,2024,5,4,42646,POINT (1008134.2819507819 178539.33174484342),CHURCH AVENUE,Rockaway Parkway,East 98 Street,673.0,1117.0,851.0,2641.0,1,one_direction
37280,Brooklyn,2024-05-05,2024,5,5,21371,POINT (988615.3015069827 172125.97178927733),14 AVENUE,40 Street,39 Street,1382.0,2461.0,2111.0,5954.0,1,one_direction
37280,Brooklyn,2024-05-05,2024,5,5,41867,POINT (1001201.606694125 177292.92760043906),LINDEN BOULEVARD,East 42 Street,Albany Avenue,2656.0,4340.0,3437.0,10433.0,2,two_directions
37280,Brooklyn,2024-05-05,2024,5,5,42646,POINT (1008134.2819507819 178539.33174484342),CHURCH AVENUE,Rockaway Parkway,East 98 Street,635.0,967.0,718.0,2320.0,1,one_direction
37280,Brooklyn,2024-05-06,2024,5,6,21371,POINT (988615.3015069827 172125.97178927733),14 AVENUE,40 Street,39 Street,1998.0,2304.0,2156.0,6458.0,1,one_direction
37280,Brooklyn,2024-05-06,2024,5,6,41867,POINT (1001201.606694125 177292.92760043906),LINDEN BOULEVARD,East 42 Street,Albany Avenue,4216.0,4904.0,3406.0,12526.0,2,two_directions
37280,Brooklyn,2024-05-06,2024,5,6,42646,POINT (1008134.2819507819 178539.33174484342),CHURCH AVENUE,Rockaway Parkway,East 98 Street,813.0,1052.0,741.0,2606.0,1,one_direction
37280,Brooklyn,2024-05-07,2024,5,7,21371,POINT (988615.3015069827 172125.97178927733),14 AVENUE,40 Street,39 Street,2028.0,2638.0,2080.0,6746.0,1,one_direction
37280,Brooklyn,2024-05-07,2024,5,7,41867,POINT (1001201.606694125 177292.92760043906),LINDEN BOULEVARD,East 42 Street,Albany Avenue,3973.0,4850.0,3568.0,12391.0,2,two_directions
37280,Brooklyn,2024-05-07,2024,5,7,42646,POINT (1008134.2819507819 178539.33174484342),CHURCH AVENUE,Rockaway Parkway,East 98 Street,780.0,1070.0,789.0,2639.0,1,one_direction
37280,Brooklyn,2024-05-08,2024,5,8,21371,POINT (988615.3015069827 172125.97178927733),14 AVENUE,40 Street,39 Street,1857.0,2545.0,1880.0,6282.0,1,one_direction
37280,Brooklyn,2024-05-08,2024,5,8,41867,POINT (1001201.606694125 177292.92760043906),LINDEN BOULEVARD,East 42 Street,Albany Avenue,4016.0,4953.0,3566.0,12535.0,2,two_directions
37280,Brooklyn,2024-05-08,2024,5,8,42646,POINT (1008134.2819507819 178539.33174484342),CHURCH AVENUE,Rockaway Parkway,East 98 Street,767.0,1051.0,816.0,2634.0,1,one_direction
37280,Brooklyn,2024-05-09,2024,5,9,21371,POINT (988615.3015069827 172125.97178927733),14 AVENUE,40 Street,39 Street,2051.0,2539.0,2299.0,6889.0,1,one_direction
37280,Brooklyn,2024-05-09,2024,5,9,41867,POINT (1001201.606694125 177292.92760043906),LINDEN BOULEVARD,East 42 Street,Albany Avenue,4274.0,4924.0,3615.0,12813.0,2,two_directions
37280,Brooklyn,2024-05-09,2024,5,9,42646,POINT (1008134.2819507819 178539.33174484342),CHURCH AVENUE,Rockaway Parkway,East 98 Street,781.0,1068.0,817.0,2666.0,1,one_direction
37280,Brooklyn,2024-05-10,2024,5,10,21371,POINT (988615.3015069827 172125.97178927733),14 AVENUE,40 Street,39 Street,1937.0,2464.0,1623.0,6024.0,1,one_direction
37280,Brooklyn,2024-05-10,2024,5,10,41867,POINT (1001201.606694125 177292.92760043906),LINDEN BOULEVARD,East 42 Street,Albany Avenue,4115.0,5048.0,3762.0,12925.0,2,two_directions
37280,Brooklyn,2024-05-10,2024,5,10,42646,POINT (1008134.2819507819 178539.33174484342),CHURCH AVENUE,Rockaway Parkway,East 98 Street,791.0,1061.0,826.0,2678.0,1,one_direction
37280,Brooklyn,2024-05-11,2024,5,11,21371,POINT (988615.3015069827 172125.97178927733),14 AVENUE,40 Street,39 Street,1368.0,2211.0,2026.0,5605.0,1,one_direction
37280,Brooklyn,2024-05-11,2024,5,11,41867,POINT (1001201.606694125 177292.92760043906),LINDEN BOULEVARD,East 42 Street,Albany Avenue,2819.0,4138.0,3636.0,10593.0,2,two_directions
37280,Brooklyn,2024-05-11,2024,5,11,42646,POINT (1008134.2819507819 178539.33174484342),CHURCH AVENUE,Rockaway Parkway,East 98 Street,597.0,1006.0,707.0,2310.0,1,one_direction
37280,Brooklyn,2024-05-12,2024,5,12,21371,POINT (988615.3015069827 172125.97178927733),14 AVENUE,40 Street,39 Street,1378.0,2454.0,2100.0,5932.0,1,one_direction
37280,Brooklyn,2024-05-12,2024,5,12,41867,POINT (1001201.606694125 177292.92760043906),LINDEN BOULEVARD,East 42 Street,Albany Avenue,2357.0,4121.0,3254.0,9732.0,2,two_directions
37280,Brooklyn,2024-05-12,2024,5,12,42646,POINT (1008134.2819507819 178539.33174484342),CHURCH AVENUE,Rockaway Parkway,East 98 Street,553.0,955.0,731.0,2239.0,1,one_direction
37280,Brooklyn,2024-05-13,2024,5,13,167253,POINT (1005724.8497655692 177662.9502635779),LINDEN BOULEVARD,East 58 Street,Kings Highway,3531.0,4905.0,3449.0,11885.0,2,two_directions
37280,Brooklyn,2024-05-14,2024,5,14,167253,POINT (1005724.8497655692 177662.9502635779),LINDEN BOULEVARD,East 58 Street,Kings Highway,3765.0,5214.0,3444.0,12423.0,2,two_directions
37280,Brooklyn,2024-05-15,2024,5,15,167253,POINT (1005724.8497655692 177662.9502635779),LINDEN BOULEVARD,East 58 Street,Kings Highway,3793.0,5137.0,3475.0,12405.0,2,two_directions
37280,Brooklyn,2024-05-16,2024,5,16,167253,POINT (1005724.8497655692 177662.9502635779),LINDEN BOULEVARD,East 58 Street,Kings Highway,3745.0,5246.0,3543.0,12534.0,2,two_directions
37280,Brooklyn,2024-05-17,2024,5,17,167253,POINT (1005724.8497655692 177662.9502635779),LINDEN BOULEVARD,East 58 Street,Kings Highway,3723.0,5223.0,4104.0,13050.0,2,two_directions
37280,Brooklyn,2024-05-18,2024,5,18,42089,POINT (1003402.4658054197 177474.17816055944),LINDEN BOULEVARD,East 49 Street,Utica Avenue,2604.0,4303.0,3620.0,10527.0,2,two_directions
37280,Brooklyn,2024-05-19,2024,5,19,42089,POINT (1003402.4658054197 177474.17816055944),LINDEN BOULEVARD,East 49 Street,Utica Avenue,2576.0,4126.0,3386.0,10088.0,2,two_directions
37280,Brooklyn,2024-05-20,2024,5,20,42089,POINT (1003402.4658054197 177474.17816055944),LINDEN BOULEVARD,East 49 Street,Utica Avenue,3974.0,4799.0,3552.0,12325.0,2,two_directions
37280,Brooklyn,2024-05-21,2024,5,21,42089,POINT (1003402.4658054197 177474.17816055944),LINDEN BOULEVARD,East 49 Street,Utica Avenue,4067.0,4723.0,3693.0,12483.0,2,two_directions
37280,Brooklyn,2024-05-22,2024,5,22,42089,POINT (1003402.4658054197 177474.17816055944),LINDEN BOULEVARD,East 49 Street,Utica Avenue,4005.0,4852.0,3771.0,12628.0,2,two_directions
37280,Brooklyn,2024-05-23,2024,5,23,42089,POINT (1003402.4658054197 177474.17816055944),LINDEN BOULEVARD,East 49 Street,Utica Avenue,4001.0,5047.0,4060.0,13108.0,2,two_directions
37280,Brooklyn,2024-05-24,2024,5,24,42089,POINT (1003402.4658054197 177474.17816055944),LINDEN BOULEVARD,East 49 Street,Utica Avenue,4006.0,5005.0,4527.0,13538.0,2,two_directions
37280,Brooklyn,2024-05-25,2024,5,25,42089,POINT (1003402.4658054197 177474.17816055944),LINDEN BOULEVARD,East 49 Street,Utica Avenue,2531.0,4133.0,3399.0,10063.0,2,two_directions
37280,Brooklyn,2024-05-26,2024,5,26,42089,POINT (1003402.4658054197 177474.17816055944),LINDEN BOULEVARD,East 49 Street,Utica Avenue,2394.0,3925.0,3273.0,9592.0,2,two_directions
37290,Manhattan,2024-03-12,2024,3,12,9008995,POINT (983446.4311462692 197405.92117549916),PEARL STREET,Beekman Street,Dead end,4939.0,6438.0,6609.0,17986.0,2,two_directions
37290,Manhattan,2024-03-13,2024,3,13,9008995,POINT (983446.4311462692 197405.92117549916),PEARL STREET,Beekman Street,Dead end,4996.0,6361.0,6181.0,17538.0,2,two_directions
37290,Manhattan,2024-03-14,2024,3,14,23752,POINT (984462.7689646342 198768.99924136384),ST JAMES PLACE,Madison Street,James Street,3397.0,4253.0,4167.0,11817.0,2,two_directions
37290,Manhattan,2024-03-14,2024,3,14,9008995,POINT (983446.4311462692 197405.92117549916),PEARL STREET,Beekman Street,Dead end,4825.0,6489.0,6863.0,18177.0,2,two_directions
37290,Manhattan,2024-03-15,2024,3,15,23752,POINT (984462.7689646342 198768.99924136384),ST JAMES PLACE,Madison Street,James Street,3020.0,4145.0,4113.0,11278.0,2,two_directions
37290,Manhattan,2024-03-15,2024,3,15,9008995,POINT (983446.4311462692 197405.92117549916),PEARL STREET,Beekman Street,Dead end,4323.0,6018.0,6267.0,16608.0,2,two_directions
37303,Queens,2024-03-12,2024,3,12,83469,POINT (1022700.9983243776 215818.672895613),108 STREET,32 Avenue,Northern Boulevard,2024.0,2486.0,2251.0,6761.0,2,two_directions
37303,Queens,2024-03-13,2024,3,13,83469,POINT (1022700.9983243776 215818.672895613),108 STREET,32 Avenue,Northern Boulevard,1948.0,2513.0,2296.0,6757.0,2,two_directions
37336,Manhattan,2024-03-02,2024,3,2,71025,POINT (1002092.4974887064 241105.36538791197),WEST 155 STREET,Harlem River Drive Service Rd W,Frederick Douglass Boulevard,5741.0,9202.0,7500.0,22443.0,2,two_directions
37336,Manhattan,2024-03-03,2024,3,3,71025,POINT (1002092.4974887064 241105.36538791197),WEST 155 STREET,Harlem River Drive Service Rd W,Frederick Douglass Boulevard,5552.0,9616.0,7518.0,22686.0,2,two_directions
37336,Manhattan,2024-03-04,2024,3,4,71025,POINT (1002092.4974887064 241105.36538791197),WEST 155 STREET,Harlem River Drive Service Rd W,Frederick Douglass Boulevard,7718.0,9080.0,6123.0,22921.0,2,two_directions
37336,Manhattan,2024-03-05,2024,3,5,71025,POINT (1002092.4974887064 241105.36538791197),WEST 155 STREET,Harlem River Drive Service Rd W,Frederick Douglass Boulevard,7869.0,9019.0,6421.0,23309.0,2,two_directions
37336,Manhattan,2024-03-06,2024,3,6,71025,POINT (1002092.4974887064 241105.36538791197),WEST 155 STREET,Harlem River Drive Service Rd W,Frederick Douglass Boulevard,7680.0,8536.0,6248.0,22464.0,2,two_directions
37336,Manhattan,2024-03-07,2024,3,7,71025,POINT (1002092.4974887064 241105.36538791197),WEST 155 STREET,Harlem River Drive Service Rd W,Frederick Douglass Boulevard,7700.0,8710.0,6825.0,23235.0,2,two_directions
37336,Manhattan,2024-03-08,2024,3,8,71025,POINT (1002092.4974887064 241105.36538791197),WEST 155 STREET,Harlem River Drive Service Rd W,Frederick Douglass Boulevard,7700.0,8672.0,7918.0,24290.0,2,two_directions
37336,Manhattan,2024-03-09,2024,3,9,71025,POINT (1002092.4974887064 241105.36538791197),WEST 155 STREET,Harlem River Drive Service Rd W,Frederick Douglass Boulevard,6012.0,9193.0,7567.0,22772.0,2,two_directions
37336,Manhattan,2024-03-10,2024,3,10,71025,POINT (1002092.4974887064 241105.36538791197),WEST 155 STREET,Harlem River Drive Service Rd W,Frederick Douglass Boulevard,4897.0,9295.0,6417.0,20609.0,2,two_directions
37357,Queens,2024-06-01,2024,6,1,91575,POINT (1035145.781805888 211867.85207027182),KISSENA BOULEVARD,Negundo Avenue,Oak Avenue,1533.0,1921.0,1690.0,5144.0,1,one_direction
37357,Queens,2024-06-01,2024,6,1,91580,POINT (1035313.9462603513 211671.95524822705),KISSENA BOULEVARD,Poplar Avenue,Oak Avenue,1793.0,2293.0,1860.0,5946.0,1,one_direction
37357,Queens,2024-06-01,2024,6,1,116891,POINT (1032623.4519584483 222127.5129547463),WILLETS POINT BOULEVARD,143 Street,144 Street,1249.0,1857.0,1309.0,4415.0,1,one_direction
37357,Queens,2024-06-02,2024,6,2,91575,POINT (1035145.781805888 211867.85207027182),KISSENA BOULEVARD,Negundo Avenue,Oak Avenue,1328.0,2071.0,1595.0,4994.0,1,one_direction
37357,Queens,2024-06-02,2024,6,2,91580,POINT (1035313.9462603513 211671.95524822705),KISSENA BOULEVARD,Poplar Avenue,Oak Avenue,1756.0,2135.0,1780.0,5671.0,1,one_direction
37357,Queens,2024-06-02,2024,6,2,116891,POINT (1032623.4519584483 222127.5129547463),WILLETS POINT BOULEVARD,143 Street,144 Street,1237.0,1856.0,1308.0,4401.0,1,one_direction
37357,Queens,2024-06-03,2024,6,3,91575,POINT (1035145.781805888 211867.85207027182),KISSENA BOULEVARD,Negundo Avenue,Oak Avenue,1567.0,2087.0,1719.0,5373.0,1,one_direction
37357,Queens,2024-06-03,2024,6,3,91580,POINT (1035313.9462603513 211671.95524822705),KISSENA BOULEVARD,Poplar Avenue,Oak Avenue,1930.0,2212.0,1937.0,6079.0,1,one_direction
37357,Queens,2024-06-03,2024,6,3,116891,POINT (1032623.4519584483 222127.5129547463),WILLETS POINT BOULEVARD,143 Street,144 Street,1261.0,2309.0,1383.0,4953.0,1,one_direction
37357,Queens,2024-06-04,2024,6,4,91575,POINT (1035145.781805888 211867.85207027182),KISSENA BOULEVARD,Negundo Avenue,Oak Avenue,1596.0,2166.0,1738.0,5500.0,1,one_direction
37357,Queens,2024-06-04,2024,6,4,91580,POINT (1035313.9462603513 211671.95524822705),KISSENA BOULEVARD,Poplar Avenue,Oak Avenue,1943.0,2189.0,2033.0,6165.0,1,one_direction
37357,Queens,2024-06-04,2024,6,4,116891,POINT (1032623.4519584483 222127.5129547463),WILLETS POINT BOULEVARD,143 Street,144 Street,1431.0,2687.0,1512.0,5630.0,1,one_direction
37357,Queens,2024-06-05,2024,6,5,91575,POINT (1035145.781805888 211867.85207027182),KISSENA BOULEVARD,Negundo Avenue,Oak Avenue,1556.0,2117.0,1691.0,5364.0,1,one_direction
37357,Queens,2024-06-05,2024,6,5,91580,POINT (1035313.9462603513 211671.95524822705),KISSENA BOULEVARD,Poplar Avenue,Oak Avenue,1994.0,2261.0,1971.0,6226.0,1,one_direction
37357,Queens,2024-06-05,2024,6,5,116891,POINT (1032623.4519584483 222127.5129547463),WILLETS POINT BOULEVARD,143 Street,144 Street,1556.0,2404.0,1332.0,5292.0,1,one_direction
37357,Queens,2024-06-06,2024,6,6,91575,POINT (1035145.781805888 211867.85207027182),KISSENA BOULEVARD,Negundo Avenue,Oak Avenue,1675.0,2249.0,1781.0,5705.0,1,one_direction
37357,Queens,2024-06-06,2024,6,6,91580,POINT (1035313.9462603513 211671.95524822705),KISSENA BOULEVARD,Poplar Avenue,Oak Avenue,1973.0,2260.0,2020.0,6253.0,1,one_direction
37357,Queens,2024-06-06,2024,6,6,116891,POINT (1032623.4519584483 222127.5129547463),WILLETS POINT BOULEVARD,143 Street,144 Street,1195.0,2061.0,1333.0,4589.0,1,one_direction
37357,Queens,2024-06-07,2024,6,7,91575,POINT (1035145.781805888 211867.85207027182),KISSENA BOULEVARD,Negundo Avenue,Oak Avenue,1590.0,2068.0,1724.0,5382.0,1,one_direction
37357,Queens,2024-06-07,2024,6,7,91580,POINT (1035313.9462603513 211671.95524822705),KISSENA BOULEVARD,Poplar Avenue,Oak Avenue,1908.0,2238.0,1880.0,6026.0,1,one_direction
37357,Queens,2024-06-07,2024,6,7,116891,POINT (1032623.4519584483 222127.5129547463),WILLETS POINT BOULEVARD,143 Street,144 Street,1546.0,2780.0,1501.0,5827.0,1,one_direction
37357,Queens,2024-06-08,2024,6,8,91575,POINT (1035145.781805888 211867.85207027182),KISSENA BOULEVARD,Negundo Avenue,Oak Avenue,1611.0,2015.0,1786.0,5412.0,1,one_direction
37357,Queens,2024-06-08,2024,6,8,91580,POINT (1035313.9462603513 211671.95524822705),KISSENA BOULEVARD,Poplar Avenue,Oak Avenue,1978.0,2362.0,2093.0,6433.0,1,one_direction
37357,Queens,2024-06-08,2024,6,8,92357,POINT (1032764.604651805 225947.045749857),14 AVENUE,143 Place,Whitestone Expressway Sr West,2155.0,2873.0,1792.0,6820.0,1,one_direction
37357,Queens,2024-06-08,2024,6,8,92481,POINT (1033074.687518575 225966.72727866576),14 AVENUE,144 Place,Whitestone Expressway,2271.0,3615.0,2705.0,8591.0,1,one_direction
37357,Queens,2024-06-09,2024,6,9,91575,POINT (1035145.781805888 211867.85207027182),KISSENA BOULEVARD,Negundo Avenue,Oak Avenue,1438.0,2048.0,1704.0,5190.0,1,one_direction
37357,Queens,2024-06-09,2024,6,9,91580,POINT (1035313.9462603513 211671.95524822705),KISSENA BOULEVARD,Poplar Avenue,Oak Avenue,1836.0,2204.0,1963.0,6003.0,1,one_direction
37357,Queens,2024-06-09,2024,6,9,92357,POINT (1032764.604651805 225947.045749857),14 AVENUE,143 Place,Whitestone Expressway Sr West,1560.0,2594.0,1551.0,5705.0,1,one_direction
37357,Queens,2024-06-09,2024,6,9,92481,POINT (1033074.687518575 225966.72727866576),14 AVENUE,144 Place,Whitestone Expressway,1766.0,3144.0,2337.0,7247.0,1,one_direction
37357,Queens,2024-06-10,2024,6,10,92357,POINT (1032764.604651805 225947.045749857),14 AVENUE,143 Place,Whitestone Expressway Sr West,2093.0,2791.0,1700.0,6584.0,1,one_direction
37357,Queens,2024-06-10,2024,6,10,92481,POINT (1033074.687518575 225966.72727866576),14 AVENUE,144 Place,Whitestone Expressway,2936.0,3699.0,2427.0,9062.0,1,one_direction
37357,Queens,2024-06-10,2024,6,10,179027,POINT (1037134.7650005582 201837.24665659657),PARSONS BOULEVARD,79 Avenue,Union Turnpike,1290.0,1889.0,1168.0,4347.0,1,one_direction
37357,Queens,2024-06-10,2024,6,10,179030,POINT (1037255.8130167577 201295.27439739235),PARSONS BOULEVARD,Goethals Avenue,Union Turnpike,1193.0,1641.0,1234.0,4068.0,1,one_direction
37357,Queens,2024-06-11,2024,6,11,92357,POINT (1032764.604651805 225947.045749857),14 AVENUE,143 Place,Whitestone Expressway Sr West,2131.0,2748.0,1789.0,6668.0,1,one_direction
37357,Queens,2024-06-11,2024,6,11,92481,POINT (1033074.687518575 225966.72727866576),14 AVENUE,144 Place,Whitestone Expressway,3228.0,3767.0,2521.0,9516.0,1,one_direction
37357,Queens,2024-06-11,2024,6,11,179027,POINT (1037134.7650005582 201837.24665659657),PARSONS BOULEVARD,79 Avenue,Union Turnpike,1497.0,2005.0,1091.0,4593.0,1,one_direction
37357,Queens,2024-06-11,2024,6,11,179030,POINT (1037255.8130167577 201295.27439739235),PARSONS BOULEVARD,Goethals Avenue,Union Turnpike,1349.0,1810.0,1061.0,4220.0,1,one_direction
37357,Queens,2024-06-12,2024,6,12,92357,POINT (1032764.604651805 225947.045749857),14 AVENUE,143 Place,Whitestone Expressway Sr West,2195.0,2785.0,1737.0,6717.0,1,one_direction
37357,Queens,2024-06-12,2024,6,12,92481,POINT (1033074.687518575 225966.72727866576),14 AVENUE,144 Place,Whitestone Expressway,3125.0,3881.0,2539.0,9545.0,1,one_direction
37357,Queens,2024-06-12,2024,6,12,179027,POINT (1037134.7650005582 201837.24665659657),PARSONS BOULEVARD,79 Avenue,Union Turnpike,1320.0,1848.0,1039.0,4207.0,1,one_direction
37357,Queens,2024-06-12,2024,6,12,179030,POINT (1037255.8130167577 201295.27439739235),PARSONS BOULEVARD,Goethals Avenue,Union Turnpike,1263.0,1763.0,1122.0,4148.0,1,one_direction
37357,Queens,2024-06-13,2024,6,13,92357,POINT (1032764.604651805 225947.045749857),14 AVENUE,143 Place,Whitestone Expressway Sr West,2301.0,2967.0,1908.0,7176.0,1,one_direction
37357,Queens,2024-06-13,2024,6,13,92481,POINT (1033074.687518575 225966.72727866576),14 AVENUE,144 Place,Whitestone Expressway,2859.0,3614.0,2887.0,9360.0,1,one_direction
37357,Queens,2024-06-13,2024,6,13,179027,POINT (1037134.7650005582 201837.24665659657),PARSONS BOULEVARD,79 Avenue,Union Turnpike,1374.0,1860.0,1217.0,4451.0,1,one_direction
37357,Queens,2024-06-13,2024,6,13,179030,POINT (1037255.8130167577 201295.27439739235),PARSONS BOULEVARD,Goethals Avenue,Union Turnpike,1302.0,1692.0,1215.0,4209.0,1,one_direction
37357,Queens,2024-06-14,2024,6,14,92357,POINT (1032764.604651805 225947.045749857),14 AVENUE,143 Place,Whitestone Expressway Sr West,2321.0,3000.0,1943.0,7264.0,1,one_direction
37357,Queens,2024-06-14,2024,6,14,92481,POINT (1033074.687518575 225966.72727866576),14 AVENUE,144 Place,Whitestone Expressway,2768.0,3675.0,2867.0,9310.0,1,one_direction
37357,Queens,2024-06-14,2024,6,14,179027,POINT (1037134.7650005582 201837.24665659657),PARSONS BOULEVARD,79 Avenue,Union Turnpike,1426.0,2061.0,1214.0,4701.0,1,one_direction
37357,Queens,2024-06-14,2024,6,14,179030,POINT (1037255.8130167577 201295.27439739235),PARSONS BOULEVARD,Goethals Avenue,Union Turnpike,1355.0,1880.0,1215.0,4450.0,1,one_direction
37357,Queens,2024-06-15,2024,6,15,92357,POINT (1032764.604651805 225947.045749857),14 AVENUE,143 Place,Whitestone Expressway Sr West,1514.0,2420.0,1439.0,5373.0,1,one_direction
37357,Queens,2024-06-15,2024,6,15,92481,POINT (1033074.687518575 225966.72727866576),14 AVENUE,144 Place,Whitestone Expressway,2158.0,3457.0,2602.0,8217.0,1,one_direction
37357,Queens,2024-06-15,2024,6,15,179027,POINT (1037134.7650005582 201837.24665659657),PARSONS BOULEVARD,79 Avenue,Union Turnpike,1051.0,1619.0,1095.0,3765.0,1,one_direction
37357,Queens,2024-06-15,2024,6,15,179030,POINT (1037255.8130167577 201295.27439739235),PARSONS BOULEVARD,Goethals Avenue,Union Turnpike,1058.0,1702.0,1348.0,4108.0,1,one_direction
37357,Queens,2024-06-16,2024,6,16,92357,POINT (1032764.604651805 225947.045749857),14 AVENUE,143 Place,Whitestone Expressway Sr West,1593.0,2555.0,1607.0,5755.0,1,one_direction
37357,Queens,2024-06-16,2024,6,16,92481,POINT (1033074.687518575 225966.72727866576),14 AVENUE,144 Place,Whitestone Expressway,1733.0,2996.0,2215.0,6944.0,1,one_direction
37357,Queens,2024-06-16,2024,6,16,179027,POINT (1037134.7650005582 201837.24665659657),PARSONS BOULEVARD,79 Avenue,Union Turnpike,1045.0,1633.0,1004.0,3682.0,1,one_direction
37357,Queens,2024-06-16,2024,6,16,179030,POINT (1037255.8130167577 201295.27439739235),PARSONS BOULEVARD,Goethals Avenue,Union Turnpike,1026.0,1717.0,1196.0,3939.0,1,one_direction
37457,Brooklyn,2024-05-15,2024,5,15,22388,POINT (985049.5636790629 186960.96181762053),COURT STREET,1 Place,2 Place,1678.0,2440.0,2010.0,6128.0,1,one_direction
37457,Brooklyn,2024-05-15,2024,5,15,148375,POINT (986798.2714841171 192429.52407498864),CADMAN PLAZA WEST,Johnson Street,Pierrepont Street,1050.0,1206.0,655.0,2911.0,1,one_direction
37457,Brooklyn,2024-05-16,2024,5,16,22388,POINT (985049.5636790629 186960.96181762053),COURT STREET,1 Place,2 Place,1752.0,2601.0,1943.0,6296.0,1,one_direction
37457,Brooklyn,2024-05-16,2024,5,16,148375,POINT (986798.2714841171 192429.52407498864),CADMAN PLAZA WEST,Johnson Street,Pierrepont Street,967.0,1253.0,722.0,2942.0,1,one_direction
37457,Brooklyn,2024-05-17,2024,5,17,22388,POINT (985049.5636790629 186960.96181762053),COURT STREET,1 Place,2 Place,1768.0,2647.0,2009.0,6424.0,1,one_direction
37457,Brooklyn,2024-05-17,2024,5,17,148375,POINT (986798.2714841171 192429.52407498864),CADMAN PLAZA WEST,Johnson Street,Pierrepont Street,945.0,1283.0,741.0,2969.0,1,one_direction
37457,Brooklyn,2024-05-18,2024,5,18,22388,POINT (985049.5636790629 186960.96181762053),COURT STREET,1 Place,2 Place,1447.0,2515.0,1918.0,5880.0,1,one_direction
37457,Brooklyn,2024-05-18,2024,5,18,148375,POINT (986798.2714841171 192429.52407498864),CADMAN PLAZA WEST,Johnson Street,Pierrepont Street,531.0,1089.0,624.0,2244.0,1,one_direction
37457,Brooklyn,2024-05-19,2024,5,19,22388,POINT (985049.5636790629 186960.96181762053),COURT STREET,1 Place,2 Place,1088.0,2485.0,1584.0,5157.0,1,one_direction
37457,Brooklyn,2024-05-19,2024,5,19,148375,POINT (986798.2714841171 192429.52407498864),CADMAN PLAZA WEST,Johnson Street,Pierrepont Street,435.0,1073.0,450.0,1958.0,1,one_direction
37457,Brooklyn,2024-05-20,2024,5,20,22388,POINT (985049.5636790629 186960.96181762053),COURT STREET,1 Place,2 Place,1763.0,2639.0,1685.0,6087.0,1,one_direction
37457,Brooklyn,2024-05-20,2024,5,20,148375,POINT (986798.2714841171 192429.52407498864),CADMAN PLAZA WEST,Johnson Street,Pierrepont Street,929.0,1164.0,602.0,2695.0,1,one_direction
37457,Brooklyn,2024-05-21,2024,5,21,22388,POINT (985049.5636790629 186960.96181762053),COURT STREET,1 Place,2 Place,1609.0,2654.0,1775.0,6038.0,1,one_direction
37457,Brooklyn,2024-05-21,2024,5,21,148375,POINT (986798.2714841171 192429.52407498864),CADMAN PLAZA WEST,Johnson Street,Pierrepont Street,1012.0,1148.0,629.0,2789.0,1,one_direction
37521,Bronx,2024-04-09,2024,4,9,9006518,POINT (1020147.301260632 240002.13981260572),SOUNDVIEW AVENUE,Dead End,Dead end,2875.0,3619.0,1596.0,8090.0,2,two_directions
37521,Bronx,2024-04-10,2024,4,10,9006518,POINT (1020147.301260632 240002.13981260572),SOUNDVIEW AVENUE,Dead End,Dead end,2596.0,3610.0,1484.0,7690.0,2,two_directions
37521,Bronx,2024-04-11,2024,4,11,9006518,POINT (1020147.301260632 240002.13981260572),SOUNDVIEW AVENUE,Dead End,Dead end,2720.0,3553.0,1371.0,7644.0,2,two_directions
37521,Bronx,2024-04-12,2024,4,12,9006518,POINT (1020147.301260632 240002.13981260572),SOUNDVIEW AVENUE,Dead End,Dead end,3209.0,3660.0,2064.0,8933.0,2,two_directions
37521,Bronx,2024-04-13,2024,4,13,9006518,POINT (1020147.301260632 240002.13981260572),SOUNDVIEW AVENUE,Dead End,Dead end,2160.0,3514.0,2005.0,7679.0,2,two_directions
37521,Bronx,2024-04-14,2024,4,14,9006518,POINT (1020147.301260632 240002.13981260572),SOUNDVIEW AVENUE,Dead End,Dead end,1302.0,3432.0,1621.0,6355.0,2,two_directions
37521,Bronx,2024-04-15,2024,4,15,9006518,POINT (1020147.301260632 240002.13981260572),SOUNDVIEW AVENUE,Dead End,Dead end,2983.0,3471.0,1420.0,7874.0,2,two_directions
37574,Bronx,2024-03-16,2024,3,16,146575,POINT (1032932.0860283633 262733.9920222345),EASTCHESTER BRIDGE,Boston Road,Dead end,2653.0,4663.0,2472.0,9788.0,1,one_direction
37574,Bronx,2024-03-16,2024,3,16,146686,POINT (1034122.0910520323 263684.7409496414),BOSTON ROAD,Dead End,Dead end,2956.0,5159.0,3348.0,11463.0,1,one_direction
37574,Bronx,2024-03-17,2024,3,17,146575,POINT (1032932.0860283633 262733.9920222345),EASTCHESTER BRIDGE,Boston Road,Dead end,2156.0,4487.0,1743.0,8386.0,1,one_direction
37574,Bronx,2024-03-17,2024,3,17,146686,POINT (1034122.0910520323 263684.7409496414),BOSTON ROAD,Dead End,Dead end,2196.0,4647.0,2390.0,9233.0,1,one_direction
37574,Bronx,2024-03-18,2024,3,18,146686,POINT (1034122.0910520323 263684.7409496414),BOSTON ROAD,Dead End,Dead end,3148.0,4374.0,2552.0,10074.0,1,one_direction
37574,Bronx,2024-03-19,2024,3,19,146686,POINT (1034122.0910520323 263684.7409496414),BOSTON ROAD,Dead End,Dead end,3466.0,4231.0,2555.0,10252.0,1,one_direction
37574,Bronx,2024-03-20,2024,3,20,146686,POINT (1034122.0910520323 263684.7409496414),BOSTON ROAD,Dead End,Dead end,3138.0,4289.0,2583.0,10010.0,1,one_direction
37574,Bronx,2024-03-21,2024,3,21,146686,POINT (1034122.0910520323 263684.7409496414),BOSTON ROAD,Dead End,Dead end,3057.0,4289.0,2810.0,10156.0,1,one_direction
37574,Bronx,2024-03-22,2024,3,22,146686,POINT (1034122.0910520323 263684.7409496414),BOSTON ROAD,Dead End,Dead end,3312.0,4993.0,3294.0,11599.0,1,one_direction
37574,Bronx,2024-03-23,2024,3,23,146686,POINT (1034122.0910520323 263684.7409496414),BOSTON ROAD,Dead End,Dead end,2483.0,4190.0,2332.0,9005.0,1,one_direction
37574,Bronx,2024-03-24,2024,3,24,146686,POINT (1034122.0910520323 263684.7409496414),BOSTON ROAD,Dead End,Dead end,2044.0,4258.0,2337.0,8639.0,1,one_direction
37574,Bronx,2024-03-25,2024,3,25,146686,POINT (1034122.0910520323 263684.7409496414),BOSTON ROAD,Dead End,Dead end,3201.0,4456.0,2606.0,10263.0,1,one_direction
37574,Bronx,2024-03-26,2024,3,26,146686,POINT (1034122.0910520323 263684.7409496414),BOSTON ROAD,Dead End,Dead end,3123.0,4141.0,2514.0,9778.0,1,one_direction
37574,Bronx,2024-03-27,2024,3,27,146686,POINT (1034122.0910520323 263684.7409496414),BOSTON ROAD,Dead End,Dead end,3040.0,4472.0,2603.0,10115.0,1,one_direction
37574,Bronx,2024-03-28,2024,3,28,146686,POINT (1034122.0910520323 263684.7409496414),BOSTON ROAD,Dead End,Dead end,2998.0,4007.0,2638.0,9643.0,1,one_direction
37574,Bronx,2024-03-29,2024,3,29,95433,POINT (1035252.9299749593 253503.02972060308),PELHAM BRIDGE,Eastchester Bay Shoreline,Dead end,1152.0,4319.0,3161.0,8632.0,1,one_direction
37574,Bronx,2024-04-27,2024,4,27,99721,POINT (1041415.7784952964 251299.96499539475),CITY IS BRIDGE,City Island Avenue,Dead end,2751.0,7755.0,5597.0,16103.0,2,two_directions
37574,Bronx,2024-04-28,2024,4,28,99721,POINT (1041415.7784952964 251299.96499539475),CITY IS BRIDGE,City Island Avenue,Dead end,2508.0,8803.0,6146.0,17457.0,2,two_directions
37574,Bronx,2024-04-29,2024,4,29,99721,POINT (1041415.7784952964 251299.96499539475),CITY IS BRIDGE,City Island Avenue,Dead end,3650.0,8920.0,6188.0,18758.0,2,two_directions
37574,Bronx,2024-04-30,2024,4,30,99721,POINT (1041415.7784952964 251299.96499539475),CITY IS BRIDGE,City Island Avenue,Dead end,3352.0,5627.0,3336.0,12315.0,2,two_directions
37574,Bronx,2024-05-01,2024,5,1,99721,POINT (1041415.7784952964 251299.96499539475),CITY IS BRIDGE,City Island Avenue,Dead end,3527.0,6551.0,4109.0,14187.0,2,two_directions
37574,Bronx,2024-05-02,2024,5,2,99721,POINT (1041415.7784952964 251299.96499539475),CITY IS BRIDGE,City Island Avenue,Dead end,3528.0,7063.0,5323.0,15914.0,2,two_directions
37574,Bronx,2024-05-03,2024,5,3,99721,POINT (1041415.7784952964 251299.96499539475),CITY IS BRIDGE,City Island Avenue,Dead end,3665.0,6818.0,5615.0,16098.0,2,two_directions
37574,Bronx,2024-05-04,2024,5,4,99721,POINT (1041415.7784952964 251299.96499539475),CITY IS BRIDGE,City Island Avenue,Dead end,3500.0,8142.0,5802.0,17444.0,2,two_directions
37574,Bronx,2024-05-05,2024,5,5,99721,POINT (1041415.7784952964 251299.96499539475),CITY IS BRIDGE,City Island Avenue,Dead end,2217.0,5349.0,2948.0,10514.0,2,two_directions
37574,Bronx,2024-05-06,2024,5,6,99721,POINT (1041415.7784952964 251299.96499539475),CITY IS BRIDGE,City Island Avenue,Dead end,3474.0,5822.0,3619.0,12915.0,2,two_directions
37574,Bronx,2024-05-07,2024,5,7,99721,POINT (1041415.7784952964 251299.96499539475),CITY IS BRIDGE,City Island Avenue,Dead end,3699.0,7131.0,4856.0,15686.0,2,two_directions
37574,Bronx,2024-05-08,2024,5,8,99721,POINT (1041415.7784952964 251299.96499539475),CITY IS BRIDGE,City Island Avenue,Dead end,3464.0,6471.0,5086.0,15021.0,2,two_directions
37574,Bronx,2024-05-09,2024,5,9,99721,POINT (1041415.7784952964 251299.96499539475),CITY IS BRIDGE,City Island Avenue,Dead end,3647.0,6194.0,4029.0,13870.0,2,two_directions
37574,Brooklyn,2024-03-18,2024,3,18,45387,POINT (1009722.8578244059 193484.33198909293),CORNELIA STREET,14 Street/canarsie Line,Dead End,10.0,112.0,480.0,602.0,1,one_direction
37574,Brooklyn,2024-03-19,2024,3,19,45387,POINT (1009722.8578244059 193484.33198909293),CORNELIA STREET,14 Street/canarsie Line,Dead End,557.0,671.0,477.0,1705.0,1,one_direction
37574,Brooklyn,2024-03-20,2024,3,20,45387,POINT (1009722.8578244059 193484.33198909293),CORNELIA STREET,14 Street/canarsie Line,Dead End,465.0,794.0,473.0,1732.0,1,one_direction
37574,Brooklyn,2024-03-21,2024,3,21,45387,POINT (1009722.8578244059 193484.33198909293),CORNELIA STREET,14 Street/canarsie Line,Dead End,509.0,650.0,483.0,1642.0,1,one_direction
37574,Brooklyn,2024-03-22,2024,3,22,45387,POINT (1009722.8578244059 193484.33198909293),CORNELIA STREET,14 Street/canarsie Line,Dead End,559.0,944.0,667.0,2170.0,1,one_direction
37574,Brooklyn,2024-03-23,2024,3,23,45387,POINT (1009722.8578244059 193484.33198909293),CORNELIA STREET,14 Street/canarsie Line,Dead End,355.0,688.0,607.0,1650.0,1,one_direction
37574,Brooklyn,2024-03-24,2024,3,24,45387,POINT (1009722.8578244059 193484.33198909293),CORNELIA STREET,14 Street/canarsie Line,Dead End,299.0,727.0,465.0,1491.0,1,one_direction
37574,Brooklyn,2024-03-25,2024,3,25,45387,POINT (1009722.8578244059 193484.33198909293),CORNELIA STREET,14 Street/canarsie Line,Dead End,622.0,897.0,522.0,2041.0,1,one_direction
37574,Brooklyn,2024-03-26,2024,3,26,45387,POINT (1009722.8578244059 193484.33198909293),CORNELIA STREET,14 Street/canarsie Line,Dead End,509.0,698.0,484.0,1691.0,1,one_direction
37574,Brooklyn,2024-03-27,2024,3,27,45387,POINT (1009722.8578244059 193484.33198909293),CORNELIA STREET,14 Street/canarsie Line,Dead End,399.0,665.0,480.0,1544.0,1,one_direction
37574,Brooklyn,2024-03-28,2024,3,28,45387,POINT (1009722.8578244059 193484.33198909293),CORNELIA STREET,14 Street/canarsie Line,Dead End,446.0,856.0,527.0,1829.0,1,one_direction
37574,Brooklyn,2024-03-29,2024,3,29,45387,POINT (1009722.8578244059 193484.33198909293),CORNELIA STREET,14 Street/canarsie Line,Dead End,486.0,947.0,686.0,2119.0,1,one_direction
37574,Brooklyn,2024-03-30,2024,3,30,45387,POINT (1009722.8578244059 193484.33198909293),CORNELIA STREET,14 Street/canarsie Line,Dead End,414.0,874.0,679.0,1967.0,1,one_direction
37574,Brooklyn,2024-03-30,2024,3,30,105839,POINT (987382.3769914156 184918.15950160063),3 AVENUE,3 Street,Dead end,1445.0,3178.0,2814.0,7437.0,1,one_direction
37574,Brooklyn,2024-03-31,2024,3,31,45387,POINT (1009722.8578244059 193484.33198909293),CORNELIA STREET,14 Street/canarsie Line,Dead End,348.0,783.0,588.0,1719.0,1,one_direction
37574,Brooklyn,2024-03-31,2024,3,31,105839,POINT (987382.3769914156 184918.15950160063),3 AVENUE,3 Street,Dead end,1379.0,2814.0,2486.0,6679.0,1,one_direction
37574,Brooklyn,2024-04-01,2024,4,1,105839,POINT (987382.3769914156 184918.15950160063),3 AVENUE,3 Street,Dead end,2999.0,6436.0,3691.0,13126.0,2,two_directions
37574,Brooklyn,2024-04-02,2024,4,2,105839,POINT (987382.3769914156 184918.15950160063),3 AVENUE,3 Street,Dead end,5058.0,6270.0,3479.0,14807.0,2,two_directions
37574,Brooklyn,2024-04-03,2024,4,3,105839,POINT (987382.3769914156 184918.15950160063),3 AVENUE,3 Street,Dead end,4908.0,6462.0,3619.0,14989.0,2,two_directions
37574,Brooklyn,2024-04-04,2024,4,4,105839,POINT (987382.3769914156 184918.15950160063),3 AVENUE,3 Street,Dead end,4614.0,6858.0,4278.0,15750.0,2,two_directions
37574,Brooklyn,2024-04-05,2024,4,5,105839,POINT (987382.3769914156 184918.15950160063),3 AVENUE,3 Street,Dead end,5157.0,7389.0,4483.0,17029.0,2,two_directions
37574,Brooklyn,2024-04-06,2024,4,6,105839,POINT (987382.3769914156 184918.15950160063),3 AVENUE,3 Street,Dead end,4764.0,7854.0,4619.0,17237.0,2,two_directions
37574,Brooklyn,2024-04-07,2024,4,7,105839,POINT (987382.3769914156 184918.15950160063),3 AVENUE,3 Street,Dead end,4008.0,7698.0,3919.0,15625.0,2,two_directions
37574,Brooklyn,2024-04-08,2024,4,8,105839,POINT (987382.3769914156 184918.15950160063),3 AVENUE,3 Street,Dead end,5182.0,6234.0,2930.0,14346.0,2,two_directions
37574,Brooklyn,2024-04-09,2024,4,9,105839,POINT (987382.3769914156 184918.15950160063),3 AVENUE,3 Street,Dead end,4796.0,6684.0,3828.0,15308.0,2,two_directions
37574,Brooklyn,2024-04-10,2024,4,10,105839,POINT (987382.3769914156 184918.15950160063),3 AVENUE,3 Street,Dead end,5194.0,6743.0,4035.0,15972.0,2,two_directions
37574,Brooklyn,2024-04-11,2024,4,11,105839,POINT (987382.3769914156 184918.15950160063),3 AVENUE,3 Street,Dead end,5139.0,6938.0,3937.0,16014.0,2,two_directions
37574,Brooklyn,2024-04-12,2024,4,12,105839,POINT (987382.3769914156 184918.15950160063),3 AVENUE,3 Street,Dead end,5485.0,7616.0,4207.0,17308.0,2,two_directions
37574,Brooklyn,2024-04-13,2024,4,13,48507,POINT (1010936.7956214768 191630.90090158265),DECATUR STREET,Knickerbocker Avenue,Irving Avenue,573.0,1088.0,571.0,2232.0,1,one_direction
37574,Brooklyn,2024-04-14,2024,4,14,48507,POINT (1010936.7956214768 191630.90090158265),DECATUR STREET,Knickerbocker Avenue,Irving Avenue,462.0,999.0,787.0,2248.0,1,one_direction
37574,Brooklyn,2024-04-15,2024,4,15,48507,POINT (1010936.7956214768 191630.90090158265),DECATUR STREET,Knickerbocker Avenue,Irving Avenue,816.0,1147.0,780.0,2743.0,1,one_direction
37574,Brooklyn,2024-04-16,2024,4,16,48507,POINT (1010936.7956214768 191630.90090158265),DECATUR STREET,Knickerbocker Avenue,Irving Avenue,1040.0,1499.0,744.0,3283.0,1,one_direction
37574,Brooklyn,2024-04-17,2024,4,17,48507,POINT (1010936.7956214768 191630.90090158265),DECATUR STREET,Knickerbocker Avenue,Irving Avenue,1147.0,1183.0,759.0,3089.0,1,one_direction
37574,Brooklyn,2024-04-18,2024,4,18,48507,POINT (1010936.7956214768 191630.90090158265),DECATUR STREET,Knickerbocker Avenue,Irving Avenue,747.0,1155.0,776.0,2678.0,1,one_direction
37574,Brooklyn,2024-04-19,2024,4,19,48507,POINT (1010936.7956214768 191630.90090158265),DECATUR STREET,Knickerbocker Avenue,Irving Avenue,798.0,1287.0,909.0,2994.0,1,one_direction
37574,Brooklyn,2024-04-20,2024,4,20,48507,POINT (1010936.7956214768 191630.90090158265),DECATUR STREET,Knickerbocker Avenue,Irving Avenue,545.0,1134.0,910.0,2589.0,1,one_direction
37574,Brooklyn,2024-04-21,2024,4,21,48507,POINT (1010936.7956214768 191630.90090158265),DECATUR STREET,Knickerbocker Avenue,Irving Avenue,444.0,1018.0,739.0,2201.0,1,one_direction
37574,Brooklyn,2024-04-22,2024,4,22,48507,POINT (1010936.7956214768 191630.90090158265),DECATUR STREET,Knickerbocker Avenue,Irving Avenue,732.0,1086.0,764.0,2582.0,1,one_direction
37574,Brooklyn,2024-04-23,2024,4,23,48507,POINT (1010936.7956214768 191630.90090158265),DECATUR STREET,Knickerbocker Avenue,Irving Avenue,719.0,1088.0,731.0,2538.0,1,one_direction
37574,Brooklyn,2024-04-24,2024,4,24,48507,POINT (1010936.7956214768 191630.90090158265),DECATUR STREET,Knickerbocker Avenue,Irving Avenue,677.0,1075.0,750.0,2502.0,1,one_direction
37574,Brooklyn,2024-04-25,2024,4,25,48507,POINT (1010936.7956214768 191630.90090158265),DECATUR STREET,Knickerbocker Avenue,Irving Avenue,674.0,1132.0,897.0,2703.0,1,one_direction
37574,Brooklyn,2024-05-10,2024,5,10,22514,POINT (986974.9084926331 185607.82386615282),3 STREET BRIDGE,3 Street,3 Street,2247.0,4048.0,2226.0,8521.0,2,two_directions
37574,Brooklyn,2024-05-11,2024,5,11,22514,POINT (986974.9084926331 185607.82386615282),3 STREET BRIDGE,3 Street,3 Street,3015.0,4649.0,2500.0,10164.0,2,two_directions
37574,Brooklyn,2024-05-12,2024,5,12,22514,POINT (986974.9084926331 185607.82386615282),3 STREET BRIDGE,3 Street,3 Street,1522.0,3430.0,1675.0,6627.0,2,two_directions
37574,Brooklyn,2024-05-13,2024,5,13,22514,POINT (986974.9084926331 185607.82386615282),3 STREET BRIDGE,3 Street,3 Street,2862.0,3813.0,1719.0,8394.0,2,two_directions
37574,Brooklyn,2024-05-14,2024,5,14,22514,POINT (986974.9084926331 185607.82386615282),3 STREET BRIDGE,3 Street,3 Street,3174.0,3974.0,1864.0,9012.0,2,two_directions
37574,Brooklyn,2024-05-15,2024,5,15,22514,POINT (986974.9084926331 185607.82386615282),3 STREET BRIDGE,3 Street,3 Street,3063.0,3895.0,2611.0,9569.0,2,two_directions
37574,Brooklyn,2024-05-16,2024,5,16,22514,POINT (986974.9084926331 185607.82386615282),3 STREET BRIDGE,3 Street,3 Street,3245.0,4273.0,2087.0,9605.0,2,two_directions
37574,Brooklyn,2024-05-17,2024,5,17,22514,POINT (986974.9084926331 185607.82386615282),3 STREET BRIDGE,3 Street,3 Street,2931.0,4496.0,2719.0,10146.0,2,two_directions
37574,Brooklyn,2024-05-18,2024,5,18,22652,POINT (987494.3487626562 186821.44774574117),UNION ST BRIDGE,Gowanus Canal Shoreline,Gowanus Canal Shoreline,601.0,1495.0,1148.0,3244.0,1,one_direction
37574,Brooklyn,2024-05-19,2024,5,19,22652,POINT (987494.3487626562 186821.44774574117),UNION ST BRIDGE,Gowanus Canal Shoreline,Gowanus Canal Shoreline,752.0,1480.0,1044.0,3276.0,1,one_direction
37574,Brooklyn,2024-05-20,2024,5,20,22652,POINT (987494.3487626562 186821.44774574117),UNION ST BRIDGE,Gowanus Canal Shoreline,Gowanus Canal Shoreline,868.0,1394.0,959.0,3221.0,1,one_direction
37574,Brooklyn,2024-05-21,2024,5,21,22652,POINT (987494.3487626562 186821.44774574117),UNION ST BRIDGE,Gowanus Canal Shoreline,Gowanus Canal Shoreline,851.0,1343.0,1098.0,3292.0,1,one_direction
37574,Brooklyn,2024-05-22,2024,5,22,22652,POINT (987494.3487626562 186821.44774574117),UNION ST BRIDGE,Gowanus Canal Shoreline,Gowanus Canal Shoreline,983.0,1613.0,1270.0,3866.0,1,one_direction
37574,Brooklyn,2024-05-23,2024,5,23,22652,POINT (987494.3487626562 186821.44774574117),UNION ST BRIDGE,Gowanus Canal Shoreline,Gowanus Canal Shoreline,746.0,1495.0,1117.0,3358.0,1,one_direction
37574,Brooklyn,2024-05-24,2024,5,24,22652,POINT (987494.3487626562 186821.44774574117),UNION ST BRIDGE,Gowanus Canal Shoreline,Gowanus Canal Shoreline,927.0,1563.0,1093.0,3583.0,1,one_direction
37574,Brooklyn,2024-05-25,2024,5,25,22652,POINT (987494.3487626562 186821.44774574117),UNION ST BRIDGE,Gowanus Canal Shoreline,Gowanus Canal Shoreline,662.0,1353.0,984.0,2999.0,1,one_direction
37574,Brooklyn,2024-05-26,2024,5,26,22652,POINT (987494.3487626562 186821.44774574117),UNION ST BRIDGE,Gowanus Canal Shoreline,Gowanus Canal Shoreline,568.0,1263.0,971.0,2802.0,1,one_direction
37574,Brooklyn,2024-05-27,2024,5,27,22652,POINT (987494.3487626562 186821.44774574117),UNION ST BRIDGE,Gowanus Canal Shoreline,Gowanus Canal Shoreline,477.0,1093.0,693.0,2263.0,1,one_direction
37574,Brooklyn,2024-05-28,2024,5,28,22652,POINT (987494.3487626562 186821.44774574117),UNION ST BRIDGE,Gowanus Canal Shoreline,Gowanus Canal Shoreline,835.0,1405.0,989.0,3229.0,1,one_direction
37574,Brooklyn,2024-05-29,2024,5,29,22652,POINT (987494.3487626562 186821.44774574117),UNION ST BRIDGE,Gowanus Canal Shoreline,Gowanus Canal Shoreline,900.0,1542.0,1090.0,3532.0,1,one_direction
37574,Brooklyn,2024-05-30,2024,5,30,22652,POINT (987494.3487626562 186821.44774574117),UNION ST BRIDGE,Gowanus Canal Shoreline,Gowanus Canal Shoreline,655.0,1034.0,1231.0,2920.0,1,one_direction
37574,Brooklyn,2024-05-30,2024,5,30,45262,POINT (1008722.6856440722 194745.7677420226),LINDEN STREET,14 Street/canarsie Line,St Nicholas Avenue,319.0,1308.0,1050.0,2677.0,1,one_direction
37574,Brooklyn,2024-05-31,2024,5,31,22652,POINT (987494.3487626562 186821.44774574117),UNION ST BRIDGE,Gowanus Canal Shoreline,Gowanus Canal Shoreline,850.0,1097.0,1206.0,3153.0,1,one_direction
37574,Brooklyn,2024-05-31,2024,5,31,45262,POINT (1008722.6856440722 194745.7677420226),LINDEN STREET,14 Street/canarsie Line,St Nicholas Avenue,891.0,1577.0,1218.0,3686.0,1,one_direction
37574,Brooklyn,2024-06-01,2024,6,1,22652,POINT (987494.3487626562 186821.44774574117),UNION ST BRIDGE,Gowanus Canal Shoreline,Gowanus Canal Shoreline,968.0,2167.0,1462.0,4597.0,1,one_direction
37574,Brooklyn,2024-06-01,2024,6,1,45262,POINT (1008722.6856440722 194745.7677420226),LINDEN STREET,14 Street/canarsie Line,St Nicholas Avenue,716.0,1026.0,1035.0,2777.0,1,one_direction
37574,Brooklyn,2024-06-02,2024,6,2,22652,POINT (987494.3487626562 186821.44774574117),UNION ST BRIDGE,Gowanus Canal Shoreline,Gowanus Canal Shoreline,691.0,1438.0,1068.0,3197.0,1,one_direction
37574,Brooklyn,2024-06-02,2024,6,2,45262,POINT (1008722.6856440722 194745.7677420226),LINDEN STREET,14 Street/canarsie Line,St Nicholas Avenue,626.0,1153.0,908.0,2687.0,1,one_direction
37574,Brooklyn,2024-06-03,2024,6,3,45262,POINT (1008722.6856440722 194745.7677420226),LINDEN STREET,14 Street/canarsie Line,St Nicholas Avenue,842.0,1424.0,873.0,3139.0,1,one_direction
37574,Brooklyn,2024-06-04,2024,6,4,45262,POINT (1008722.6856440722 194745.7677420226),LINDEN STREET,14 Street/canarsie Line,St Nicholas Avenue,747.0,1375.0,832.0,2954.0,1,one_direction
37574,Brooklyn,2024-06-05,2024,6,5,45262,POINT (1008722.6856440722 194745.7677420226),LINDEN STREET,14 Street/canarsie Line,St Nicholas Avenue,622.0,1332.0,871.0,2825.0,1,one_direction
37574,Brooklyn,2024-06-06,2024,6,6,45262,POINT (1008722.6856440722 194745.7677420226),LINDEN STREET,14 Street/canarsie Line,St Nicholas Avenue,739.0,1405.0,978.0,3122.0,1,one_direction
37574,Brooklyn,2024-06-07,2024,6,7,45262,POINT (1008722.6856440722 194745.7677420226),LINDEN STREET,14 Street/canarsie Line,St Nicholas Avenue,838.0,1505.0,1038.0,3381.0,1,one_direction
37574,Brooklyn,2024-06-08,2024,6,8,45262,POINT (1008722.6856440722 194745.7677420226),LINDEN STREET,14 Street/canarsie Line,St Nicholas Avenue,507.0,702.0,951.0,2160.0,1,one_direction
37574,Brooklyn,2024-06-09,2024,6,9,45262,POINT (1008722.6856440722 194745.7677420226),LINDEN STREET,14 Street/canarsie Line,St Nicholas Avenue,652.0,1005.0,731.0,2388.0,1,one_direction
37574,Brooklyn,2024-06-10,2024,6,10,45262,POINT (1008722.6856440722 194745.7677420226),LINDEN STREET,14 Street/canarsie Line,St Nicholas Avenue,800.0,1339.0,755.0,2894.0,1,one_direction
37574,Brooklyn,2024-06-11,2024,6,11,45262,POINT (1008722.6856440722 194745.7677420226),LINDEN STREET,14 Street/canarsie Line,St Nicholas Avenue,756.0,1334.0,539.0,2629.0,1,one_direction
37574,Brooklyn,2024-06-12,2024,6,12,45262,POINT (1008722.6856440722 194745.7677420226),LINDEN STREET,14 Street/canarsie Line,St Nicholas Avenue,806.0,1260.0,862.0,2928.0,1,one_direction
37574,Brooklyn,2024-06-13,2024,6,13,45262,POINT (1008722.6856440722 194745.7677420226),LINDEN STREET,14 Street/canarsie Line,St Nicholas Avenue,724.0,1195.0,767.0,2686.0,1,one_direction
37574,Brooklyn,2024-06-14,2024,6,14,45262,POINT (1008722.6856440722 194745.7677420226),LINDEN STREET,14 Street/canarsie Line,St Nicholas Avenue,799.0,1271.0,1083.0,3153.0,1,one_direction
37574,Brooklyn,2024-06-15,2024,6,15,45052,POINT (1007218.6188873927 196627.71258974995),DEKALB AVENUE,St Nicholas Avenue,Cypress Avenue,433.0,945.0,878.0,2256.0,1,one_direction
37574,Brooklyn,2024-06-16,2024,6,16,45052,POINT (1007218.6188873927 196627.71258974995),DEKALB AVENUE,St Nicholas Avenue,Cypress Avenue,359.0,774.0,774.0,1907.0,1,one_direction
37574,Brooklyn,2024-06-17,2024,6,17,45052,POINT (1007218.6188873927 196627.71258974995),DEKALB AVENUE,St Nicholas Avenue,Cypress Avenue,645.0,910.0,619.0,2174.0,1,one_direction
37574,Brooklyn,2024-06-18,2024,6,18,45052,POINT (1007218.6188873927 196627.71258974995),DEKALB AVENUE,St Nicholas Avenue,Cypress Avenue,540.0,978.0,640.0,2158.0,1,one_direction
37574,Brooklyn,2024-06-19,2024,6,19,45052,POINT (1007218.6188873927 196627.71258974995),DEKALB AVENUE,St Nicholas Avenue,Cypress Avenue,505.0,837.0,622.0,1964.0,1,one_direction
37574,Brooklyn,2024-06-20,2024,6,20,45052,POINT (1007218.6188873927 196627.71258974995),DEKALB AVENUE,St Nicholas Avenue,Cypress Avenue,579.0,1022.0,701.0,2302.0,1,one_direction
37574,Brooklyn,2024-06-21,2024,6,21,45052,POINT (1007218.6188873927 196627.71258974995),DEKALB AVENUE,St Nicholas Avenue,Cypress Avenue,722.0,1028.0,775.0,2525.0,1,one_direction
37574,Queens,2024-04-13,2024,4,13,256338,POINT (1011504.5069651006 191778.03304508518),COOPER AVENUE,14 Street/canarsie Line,Dead End,1340.0,2437.0,2000.0,5777.0,1,one_direction
37574,Queens,2024-04-14,2024,4,14,256338,POINT (1011504.5069651006 191778.03304508518),COOPER AVENUE,14 Street/canarsie Line,Dead End,1211.0,2369.0,1638.0,5218.0,1,one_direction
37574,Queens,2024-04-15,2024,4,15,256338,POINT (1011504.5069651006 191778.03304508518),COOPER AVENUE,14 Street/canarsie Line,Dead End,1888.0,2108.0,1280.0,5276.0,1,one_direction
37574,Queens,2024-04-16,2024,4,16,256338,POINT (1011504.5069651006 191778.03304508518),COOPER AVENUE,14 Street/canarsie Line,Dead End,1826.0,1976.0,1359.0,5161.0,1,one_direction
37574,Queens,2024-04-17,2024,4,17,256338,POINT (1011504.5069651006 191778.03304508518),COOPER AVENUE,14 Street/canarsie Line,Dead End,1696.0,1958.0,1244.0,4898.0,1,one_direction
37574,Queens,2024-04-18,2024,4,18,256338,POINT (1011504.5069651006 191778.03304508518),COOPER AVENUE,14 Street/canarsie Line,Dead End,1895.0,1953.0,1342.0,5190.0,1,one_direction
37574,Queens,2024-04-19,2024,4,19,256338,POINT (1011504.5069651006 191778.03304508518),COOPER AVENUE,14 Street/canarsie Line,Dead End,1749.0,2267.0,1698.0,5714.0,1,one_direction
37574,Queens,2024-04-20,2024,4,20,256338,POINT (1011504.5069651006 191778.03304508518),COOPER AVENUE,14 Street/canarsie Line,Dead End,1243.0,2421.0,1907.0,5571.0,1,one_direction
37574,Queens,2024-04-21,2024,4,21,256338,POINT (1011504.5069651006 191778.03304508518),COOPER AVENUE,14 Street/canarsie Line,Dead End,1151.0,2260.0,1452.0,4863.0,1,one_direction
37574,Queens,2024-04-22,2024,4,22,256338,POINT (1011504.5069651006 191778.03304508518),COOPER AVENUE,14 Street/canarsie Line,Dead End,1512.0,1932.0,1268.0,4712.0,1,one_direction
37574,Queens,2024-04-23,2024,4,23,256338,POINT (1011504.5069651006 191778.03304508518),COOPER AVENUE,14 Street/canarsie Line,Dead End,1438.0,1914.0,1235.0,4587.0,1,one_direction
37574,Queens,2024-04-24,2024,4,24,256338,POINT (1011504.5069651006 191778.03304508518),COOPER AVENUE,14 Street/canarsie Line,Dead End,1393.0,1974.0,1384.0,4751.0,1,one_direction
37574,Queens,2024-04-25,2024,4,25,256338,POINT (1011504.5069651006 191778.03304508518),COOPER AVENUE,14 Street/canarsie Line,Dead End,1446.0,2066.0,1500.0,5012.0,1,one_direction
37574,Queens,2024-06-07,2024,6,7,45171,POINT (1007323.9414957637 196763.25247027527),DE KALB AVENUE,Seneca Avenue,Cypress Avenue,713.0,986.0,752.0,2451.0,1,one_direction
37574,Queens,2024-06-08,2024,6,8,45171,POINT (1007323.9414957637 196763.25247027527),DE KALB AVENUE,Seneca Avenue,Cypress Avenue,587.0,893.0,670.0,2150.0,1,one_direction
37574,Queens,2024-06-09,2024,6,9,45171,POINT (1007323.9414957637 196763.25247027527),DE KALB AVENUE,Seneca Avenue,Cypress Avenue,446.0,844.0,531.0,1821.0,1,one_direction
37574,Queens,2024-06-10,2024,6,10,45171,POINT (1007323.9414957637 196763.25247027527),DE KALB AVENUE,Seneca Avenue,Cypress Avenue,732.0,911.0,551.0,2194.0,1,one_direction
37574,Queens,2024-06-11,2024,6,11,45171,POINT (1007323.9414957637 196763.25247027527),DE KALB AVENUE,Seneca Avenue,Cypress Avenue,736.0,914.0,558.0,2208.0,1,one_direction
37574,Queens,2024-06-12,2024,6,12,45171,POINT (1007323.9414957637 196763.25247027527),DE KALB AVENUE,Seneca Avenue,Cypress Avenue,701.0,829.0,567.0,2097.0,1,one_direction
37574,Queens,2024-06-13,2024,6,13,45171,POINT (1007323.9414957637 196763.25247027527),DE KALB AVENUE,Seneca Avenue,Cypress Avenue,688.0,891.0,403.0,1982.0,1,one_direction
37574,Queens,2024-06-14,2024,6,14,45171,POINT (1007323.9414957637 196763.25247027527),DE KALB AVENUE,Seneca Avenue,Cypress Avenue,750.0,862.0,680.0,2292.0,1,one_direction
37574,Queens,2024-06-15,2024,6,15,45171,POINT (1007323.9414957637 196763.25247027527),DE KALB AVENUE,Seneca Avenue,Cypress Avenue,582.0,867.0,742.0,2191.0,1,one_direction
37574,Queens,2024-06-16,2024,6,16,45171,POINT (1007323.9414957637 196763.25247027527),DE KALB AVENUE,Seneca Avenue,Cypress Avenue,424.0,761.0,524.0,1709.0,1,one_direction
37574,Queens,2024-06-17,2024,6,17,45171,POINT (1007323.9414957637 196763.25247027527),DE KALB AVENUE,Seneca Avenue,Cypress Avenue,647.0,883.0,579.0,2109.0,1,one_direction
37574,Queens,2024-06-18,2024,6,18,45171,POINT (1007323.9414957637 196763.25247027527),DE KALB AVENUE,Seneca Avenue,Cypress Avenue,765.0,827.0,572.0,2164.0,1,one_direction
37574,Queens,2024-06-19,2024,6,19,45171,POINT (1007323.9414957637 196763.25247027527),DE KALB AVENUE,Seneca Avenue,Cypress Avenue,621.0,878.0,580.0,2079.0,1,one_direction
37574,Queens,2024-06-20,2024,6,20,45171,POINT (1007323.9414957637 196763.25247027527),DE KALB AVENUE,Seneca Avenue,Cypress Avenue,713.0,880.0,636.0,2229.0,1,one_direction
37574,Queens,2024-06-21,2024,6,21,45171,POINT (1007323.9414957637 196763.25247027527),DE KALB AVENUE,Seneca Avenue,Cypress Avenue,710.0,967.0,639.0,2316.0,1,one_direction
37598,Bronx,2024-06-04,2024,6,4,9014587,POINT (1017127.2579874671 243558.26531133518),EAST 174 ST BRIDGE,Dead End,Bronx River Shoreline,3203.0,3632.0,1649.0,8484.0,1,one_direction
37598,Bronx,2024-06-05,2024,6,5,9014587,POINT (1017127.2579874671 243558.26531133518),EAST 174 ST BRIDGE,Dead End,Bronx River Shoreline,3209.0,3660.0,2375.0,9244.0,1,one_direction
37598,Bronx,2024-06-06,2024,6,6,9014587,POINT (1017127.2579874671 243558.26531133518),EAST 174 ST BRIDGE,Dead End,Bronx River Shoreline,2544.0,3453.0,1740.0,7737.0,1,one_direction
37598,Bronx,2024-06-07,2024,6,7,9014587,POINT (1017127.2579874671 243558.26531133518),EAST 174 ST BRIDGE,Dead End,Bronx River Shoreline,2854.0,3885.0,3053.0,9792.0,1,one_direction
37598,Brooklyn,2024-06-04,2024,6,4,50963,POINT (1022726.375963018 184975.11727740432),SUTTER AVENUE,South Conduit Avenue,Dead end,1435.0,2198.0,1447.0,5080.0,1,one_direction
37598,Brooklyn,2024-06-05,2024,6,5,50963,POINT (1022726.375963018 184975.11727740432),SUTTER AVENUE,South Conduit Avenue,Dead end,1330.0,2112.0,1487.0,4929.0,1,one_direction
37598,Brooklyn,2024-06-06,2024,6,6,50963,POINT (1022726.375963018 184975.11727740432),SUTTER AVENUE,South Conduit Avenue,Dead end,1329.0,2050.0,1413.0,4792.0,1,one_direction
37598,Brooklyn,2024-06-07,2024,6,7,50963,POINT (1022726.375963018 184975.11727740432),SUTTER AVENUE,South Conduit Avenue,Dead end,1287.0,2166.0,1536.0,4989.0,1,one_direction
37598,Brooklyn,2024-06-08,2024,6,8,50963,POINT (1022726.375963018 184975.11727740432),SUTTER AVENUE,South Conduit Avenue,Dead end,1074.0,1915.0,1446.0,4435.0,1,one_direction
37598,Brooklyn,2024-06-09,2024,6,9,50963,POINT (1022726.375963018 184975.11727740432),SUTTER AVENUE,South Conduit Avenue,Dead end,814.0,1688.0,1214.0,3716.0,1,one_direction
37598,Brooklyn,2024-06-10,2024,6,10,50963,POINT (1022726.375963018 184975.11727740432),SUTTER AVENUE,South Conduit Avenue,Dead end,1275.0,2050.0,1412.0,4737.0,1,one_direction
37598,Brooklyn,2024-06-18,2024,6,18,44643,POINT (1003316.4927862524 199519.50998054835),METROPOLITAN AVENUE BRIDGE,English Kills Shoreline,English Kills Shoreline,8882.0,11467.0,7318.0,27667.0,2,two_directions
37598,Brooklyn,2024-06-19,2024,6,19,44643,POINT (1003316.4927862524 199519.50998054835),METROPOLITAN AVENUE BRIDGE,English Kills Shoreline,English Kills Shoreline,8902.0,11583.0,7344.0,27829.0,2,two_directions
37598,Brooklyn,2024-06-20,2024,6,20,44643,POINT (1003316.4927862524 199519.50998054835),METROPOLITAN AVENUE BRIDGE,English Kills Shoreline,English Kills Shoreline,9628.0,12183.0,7913.0,29724.0,2,two_directions
37598,Brooklyn,2024-06-21,2024,6,21,44643,POINT (1003316.4927862524 199519.50998054835),METROPOLITAN AVENUE BRIDGE,English Kills Shoreline,English Kills Shoreline,9249.0,12900.0,9190.0,31339.0,2,two_directions
37598,Brooklyn,2024-06-22,2024,6,22,44643,POINT (1003316.4927862524 199519.50998054835),METROPOLITAN AVENUE BRIDGE,English Kills Shoreline,English Kills Shoreline,7177.0,10783.0,10723.0,28683.0,2,two_directions
37598,Brooklyn,2024-06-23,2024,6,23,44643,POINT (1003316.4927862524 199519.50998054835),METROPOLITAN AVENUE BRIDGE,English Kills Shoreline,English Kills Shoreline,4605.0,9287.0,8914.0,22806.0,2,two_directions
37598,Brooklyn,2024-06-24,2024,6,24,44643,POINT (1003316.4927862524 199519.50998054835),METROPOLITAN AVENUE BRIDGE,English Kills Shoreline,English Kills Shoreline,9553.0,12001.0,6932.0,28486.0,2,two_directions
37598,Queens,2024-06-04,2024,6,4,196368,POINT (1023055.8409196973 185039.53691861132),SUTTER AVENUE,Dead End,North Conduit Avenue,2164.0,2657.0,2126.0,6947.0,1,one_direction
37598,Queens,2024-06-05,2024,6,5,196368,POINT (1023055.8409196973 185039.53691861132),SUTTER AVENUE,Dead End,North Conduit Avenue,2090.0,2725.0,2028.0,6843.0,1,one_direction
37598,Queens,2024-06-06,2024,6,6,196368,POINT (1023055.8409196973 185039.53691861132),SUTTER AVENUE,Dead End,North Conduit Avenue,2025.0,2710.0,2008.0,6743.0,1,one_direction
37598,Queens,2024-06-07,2024,6,7,196368,POINT (1023055.8409196973 185039.53691861132),SUTTER AVENUE,Dead End,North Conduit Avenue,2097.0,2812.0,2204.0,7113.0,1,one_direction
37598,Queens,2024-06-08,2024,6,8,196368,POINT (1023055.8409196973 185039.53691861132),SUTTER AVENUE,Dead End,North Conduit Avenue,1799.0,3015.0,2185.0,6999.0,1,one_direction
37598,Queens,2024-06-09,2024,6,9,196368,POINT (1023055.8409196973 185039.53691861132),SUTTER AVENUE,Dead End,North Conduit Avenue,1312.0,2508.0,1993.0,5813.0,1,one_direction
37598,Queens,2024-06-10,2024,6,10,196368,POINT (1023055.8409196973 185039.53691861132),SUTTER AVENUE,Dead End,North Conduit Avenue,2163.0,2692.0,1851.0,6706.0,1,one_direction
37632,Manhattan,2024-09-07,2024,9,7,68527,POINT (1002818.9105031772 229053.43587297393),PLEASANT AVENUE,East 116 Street,East 117 Street,1080.0,2194.0,1196.0,4470.0,2,two_directions
37632,Manhattan,2024-09-08,2024,9,8,68527,POINT (1002818.9105031772 229053.43587297393),PLEASANT AVENUE,East 116 Street,East 117 Street,891.0,2227.0,1035.0,4153.0,2,two_directions
37632,Manhattan,2024-09-09,2024,9,9,68527,POINT (1002818.9105031772 229053.43587297393),PLEASANT AVENUE,East 116 Street,East 117 Street,1553.0,2056.0,1102.0,4711.0,2,two_directions
37632,Manhattan,2024-09-10,2024,9,10,68527,POINT (1002818.9105031772 229053.43587297393),PLEASANT AVENUE,East 116 Street,East 117 Street,1720.0,2101.0,1087.0,4908.0,2,two_directions
37632,Manhattan,2024-09-11,2024,9,11,68527,POINT (1002818.9105031772 229053.43587297393),PLEASANT AVENUE,East 116 Street,East 117 Street,1481.0,2070.0,1094.0,4645.0,2,two_directions
37632,Manhattan,2024-09-12,2024,9,12,68527,POINT (1002818.9105031772 229053.43587297393),PLEASANT AVENUE,East 116 Street,East 117 Street,1602.0,2182.0,1213.0,4997.0,2,two_directions
37632,Manhattan,2024-09-13,2024,9,13,68527,POINT (1002818.9105031772 229053.43587297393),PLEASANT AVENUE,East 116 Street,East 117 Street,1697.0,2270.0,1448.0,5415.0,2,two_directions
37632,Manhattan,2024-09-14,2024,9,14,68527,POINT (1002818.9105031772 229053.43587297393),PLEASANT AVENUE,East 116 Street,East 117 Street,1106.0,2186.0,1266.0,4558.0,2,two_directions
37697,Brooklyn,2024-06-04,2024,6,4,28962,POINT (990590.8197336476 188336.94708352597),FLATBUSH AVENUE,Atlantic Avenue,Eastern Parkway Line,7548.0,9675.0,10396.0,27619.0,2,two_directions
37697,Brooklyn,2024-06-05,2024,6,5,28962,POINT (990590.8197336476 188336.94708352597),FLATBUSH AVENUE,Atlantic Avenue,Eastern Parkway Line,8522.0,10246.0,10436.0,29204.0,2,two_directions
37697,Brooklyn,2024-06-06,2024,6,6,28962,POINT (990590.8197336476 188336.94708352597),FLATBUSH AVENUE,Atlantic Avenue,Eastern Parkway Line,7895.0,10255.0,10154.0,28304.0,2,two_directions
37697,Brooklyn,2024-06-07,2024,6,7,28962,POINT (990590.8197336476 188336.94708352597),FLATBUSH AVENUE,Atlantic Avenue,Eastern Parkway Line,8058.0,10906.0,10938.0,29902.0,2,two_directions
37697,Brooklyn,2024-06-08,2024,6,8,28962,POINT (990590.8197336476 188336.94708352597),FLATBUSH AVENUE,Atlantic Avenue,Eastern Parkway Line,8935.0,11669.0,11116.0,31720.0,2,two_directions
37697,Brooklyn,2024-06-09,2024,6,9,28962,POINT (990590.8197336476 188336.94708352597),FLATBUSH AVENUE,Atlantic Avenue,Eastern Parkway Line,8250.0,11652.0,11148.0,31050.0,2,two_directions
37697,Brooklyn,2024-06-10,2024,6,10,28962,POINT (990590.8197336476 188336.94708352597),FLATBUSH AVENUE,Atlantic Avenue,Eastern Parkway Line,8112.0,10401.0,9795.0,28308.0,2,two_directions
37699,Queens,2024-06-04,2024,6,4,75814,POINT (1012773.574505262 214116.50164328783),NORTHERN BOULEVARD,69 Street,70 Street,5768.0,7877.0,6137.0,19782.0,2,two_directions
37699,Queens,2024-06-05,2024,6,5,75814,POINT (1012773.574505262 214116.50164328783),NORTHERN BOULEVARD,69 Street,70 Street,5653.0,7917.0,6177.0,19747.0,2,two_directions
37699,Queens,2024-06-06,2024,6,6,75814,POINT (1012773.574505262 214116.50164328783),NORTHERN BOULEVARD,69 Street,70 Street,5541.0,7677.0,6399.0,19617.0,2,two_directions
37699,Queens,2024-06-07,2024,6,7,75814,POINT (1012773.574505262 214116.50164328783),NORTHERN BOULEVARD,69 Street,70 Street,5723.0,8185.0,7309.0,21217.0,2,two_directions
37699,Queens,2024-06-08,2024,6,8,75814,POINT (1012773.574505262 214116.50164328783),NORTHERN BOULEVARD,69 Street,70 Street,5439.0,7904.0,6906.0,20249.0,2,two_directions
37699,Queens,2024-06-09,2024,6,9,75814,POINT (1012773.574505262 214116.50164328783),NORTHERN BOULEVARD,69 Street,70 Street,4171.0,7418.0,6446.0,18035.0,2,two_directions
37699,Queens,2024-06-10,2024,6,10,75814,POINT (1012773.574505262 214116.50164328783),NORTHERN BOULEVARD,69 Street,70 Street,5846.0,7959.0,6115.0,19920.0,2,two_directions
37818,Bronx,2024-09-07,2024,9,7,178548,POINT (1027830.1961706599 255730.4551142213),EAST GUN HILL ROAD,Eastchester Road,Eastchester Road,3880.0,6822.0,4649.0,15351.0,2,two_directions
37818,Bronx,2024-09-08,2024,9,8,178548,POINT (1027830.1961706599 255730.4551142213),EAST GUN HILL ROAD,Eastchester Road,Eastchester Road,3228.0,6453.0,4103.0,13784.0,2,two_directions
37818,Bronx,2024-09-09,2024,9,9,178548,POINT (1027830.1961706599 255730.4551142213),EAST GUN HILL ROAD,Eastchester Road,Eastchester Road,4979.0,6770.0,4055.0,15804.0,2,two_directions
37818,Bronx,2024-09-10,2024,9,10,178548,POINT (1027830.1961706599 255730.4551142213),EAST GUN HILL ROAD,Eastchester Road,Eastchester Road,5173.0,6708.0,4216.0,16097.0,2,two_directions
37818,Bronx,2024-09-11,2024,9,11,178548,POINT (1027830.1961706599 255730.4551142213),EAST GUN HILL ROAD,Eastchester Road,Eastchester Road,4998.0,6727.0,4211.0,15936.0,2,two_directions
37818,Bronx,2024-09-12,2024,9,12,178548,POINT (1027830.1961706599 255730.4551142213),EAST GUN HILL ROAD,Eastchester Road,Eastchester Road,5122.0,6990.0,4316.0,16428.0,2,two_directions
37818,Bronx,2024-09-13,2024,9,13,178548,POINT (1027830.1961706599 255730.4551142213),EAST GUN HILL ROAD,Eastchester Road,Eastchester Road,5064.0,7013.0,5191.0,17268.0,2,two_directions
37818,Bronx,2024-09-14,2024,9,14,178548,POINT (1027830.1961706599 255730.4551142213),EAST GUN HILL ROAD,Eastchester Road,Eastchester Road,3841.0,6684.0,4682.0,15207.0,2,two_directions
37818,Bronx,2024-09-15,2024,9,15,178548,POINT (1027830.1961706599 255730.4551142213),EAST GUN HILL ROAD,Eastchester Road,Eastchester Road,3937.0,6900.0,4704.0,15541.0,2,two_directions
37829,Manhattan,2023-05-22,2023,5,22,32321,POINT (984664.7887716712 200524.4384129198),CANAL STREET,Manhattan Bridge Line,Manhattan Bridge Line,4215.0,4391.0,5297.0,13903.0,1,one_direction
37829,Manhattan,2023-05-23,2023,5,23,32321,POINT (984664.7887716712 200524.4384129198),CANAL STREET,Manhattan Bridge Line,Manhattan Bridge Line,3939.0,4887.0,5379.0,14205.0,1,one_direction
37829,Manhattan,2023-05-24,2023,5,24,32321,POINT (984664.7887716712 200524.4384129198),CANAL STREET,Manhattan Bridge Line,Manhattan Bridge Line,4609.0,4595.0,5628.0,14832.0,1,one_direction
37829,Manhattan,2023-05-25,2023,5,25,32321,POINT (984664.7887716712 200524.4384129198),CANAL STREET,Manhattan Bridge Line,Manhattan Bridge Line,4291.0,4830.0,5814.0,14935.0,1,one_direction
37829,Manhattan,2023-05-26,2023,5,26,32321,POINT (984664.7887716712 200524.4384129198),CANAL STREET,Manhattan Bridge Line,Manhattan Bridge Line,4089.0,4838.0,5886.0,14813.0,1,one_direction
37829,Manhattan,2023-05-27,2023,5,27,32321,POINT (984664.7887716712 200524.4384129198),CANAL STREET,Manhattan Bridge Line,Manhattan Bridge Line,3870.0,5191.0,5374.0,14435.0,1,one_direction
37829,Manhattan,2023-05-28,2023,5,28,32321,POINT (984664.7887716712 200524.4384129198),CANAL STREET,Manhattan Bridge Line,Manhattan Bridge Line,3411.0,4998.0,5306.0,13715.0,1,one_direction
37829,Manhattan,2023-05-29,2023,5,29,32321,POINT (984664.7887716712 200524.4384129198),CANAL STREET,Manhattan Bridge Line,Manhattan Bridge Line,3244.0,5023.0,5522.0,13789.0,1,one_direction
37829,Manhattan,2023-05-30,2023,5,30,32321,POINT (984664.7887716712 200524.4384129198),CANAL STREET,Manhattan Bridge Line,Manhattan Bridge Line,3586.0,4540.0,5255.0,13381.0,1,one_direction
37829,Manhattan,2023-05-31,2023,5,31,32321,POINT (984664.7887716712 200524.4384129198),CANAL STREET,Manhattan Bridge Line,Manhattan Bridge Line,4761.0,4477.0,5268.0,14506.0,1,one_direction
37829,Manhattan,2023-06-01,2023,6,1,32321,POINT (984664.7887716712 200524.4384129198),CANAL STREET,Manhattan Bridge Line,Manhattan Bridge Line,4656.0,4460.0,5149.0,14265.0,1,one_direction
37829,Manhattan,2023-06-02,2023,6,2,32321,POINT (984664.7887716712 200524.4384129198),CANAL STREET,Manhattan Bridge Line,Manhattan Bridge Line,4092.0,3895.0,4804.0,12791.0,1,one_direction
37829,Manhattan,2023-06-03,2023,6,3,32321,POINT (984664.7887716712 200524.4384129198),CANAL STREET,Manhattan Bridge Line,Manhattan Bridge Line,1285.0,2963.0,5209.0,9457.0,1,one_direction
37829,Manhattan,2023-06-04,2023,6,4,32321,POINT (984664.7887716712 200524.4384129198),CANAL STREET,Manhattan Bridge Line,Manhattan Bridge Line,3911.0,4826.0,5461.0,14198.0,1,one_direction
37829,Manhattan,2023-06-05,2023,6,5,32321,POINT (984664.7887716712 200524.4384129198),CANAL STREET,Manhattan Bridge Line,Manhattan Bridge Line,4242.0,4510.0,5189.0,13941.0,1,one_direction
37829,Manhattan,2023-06-06,2023,6,6,32321,POINT (984664.7887716712 200524.4384129198),CANAL STREET,Manhattan Bridge Line,Manhattan Bridge Line,4414.0,4635.0,4897.0,13946.0,1,one_direction
37829,Manhattan,2023-06-07,2023,6,7,32321,POINT (984664.7887716712 200524.4384129198),CANAL STREET,Manhattan Bridge Line,Manhattan Bridge Line,2401.0,2549.0,3500.0,8450.0,1,one_direction
37829,Manhattan,2023-06-08,2023,6,8,32321,POINT (984664.7887716712 200524.4384129198),CANAL STREET,Manhattan Bridge Line,Manhattan Bridge Line,1929.0,2223.0,3456.0,7608.0,1,one_direction
37829,Manhattan,2023-06-09,2023,6,9,32321,POINT (984664.7887716712 200524.4384129198),CANAL STREET,Manhattan Bridge Line,Manhattan Bridge Line,2417.0,2339.0,2791.0,7547.0,1,one_direction
37829,Manhattan,2023-06-10,2023,6,10,32321,POINT (984664.7887716712 200524.4384129198),CANAL STREET,Manhattan Bridge Line,Manhattan Bridge Line,3697.0,3815.0,4158.0,11670.0,1,one_direction
37829,Manhattan,2023-06-11,2023,6,11,32321,POINT (984664.7887716712 200524.4384129198),CANAL STREET,Manhattan Bridge Line,Manhattan Bridge Line,1844.0,2276.0,2038.0,6158.0,1,one_direction
37829,Manhattan,2023-06-12,2023,6,12,32321,POINT (984664.7887716712 200524.4384129198),CANAL STREET,Manhattan Bridge Line,Manhattan Bridge Line,2418.0,2070.0,926.0,5414.0,1,one_direction
37896,Queens,2024-09-15,2024,9,15,100318,POINT (1053971.4143291328 206550.46779523895),HARTLAND AVENUE,221 Street,Grand Central Parkway Sr North,135.0,131.0,72.0,338.0,2,two_directions
37896,Queens,2024-09-16,2024,9,16,100318,POINT (1053971.4143291328 206550.46779523895),HARTLAND AVENUE,221 Street,Grand Central Parkway Sr North,135.0,182.0,62.0,379.0,2,two_directions
37896,Queens,2024-09-17,2024,9,17,100318,POINT (1053971.4143291328 206550.46779523895),HARTLAND AVENUE,221 Street,Grand Central Parkway Sr North,125.0,202.0,75.0,402.0,2,two_directions
37896,Queens,2024-09-18,2024,9,18,100318,POINT (1053971.4143291328 206550.46779523895),HARTLAND AVENUE,221 Street,Grand Central Parkway Sr North,139.0,181.0,70.0,390.0,2,two_directions
37896,Queens,2024-09-19,2024,9,19,100318,POINT (1053971.4143291328 206550.46779523895),HARTLAND AVENUE,221 Street,Grand Central Parkway Sr North,127.0,201.0,96.0,424.0,2,two_directions
37896,Queens,2024-09-20,2024,9,20,100318,POINT (1053971.4143291328 206550.46779523895),HARTLAND AVENUE,221 Street,Grand Central Parkway Sr North,133.0,205.0,91.0,429.0,2,two_directions
37896,Queens,2024-09-21,2024,9,21,100318,POINT (1053971.4143291328 206550.46779523895),HARTLAND AVENUE,221 Street,Grand Central Parkway Sr North,91.0,125.0,72.0,288.0,2,two_directions
38108,Manhattan,2024-10-08,2024,10,8,72887,POINT (1007807.3102189016 253610.3799800104),UNIVERSITY HEIGHTS BRIDGE,Harlem River Shoreline,Harlem River Shoreline,9505.0,12072.0,9218.0,30795.0,2,two_directions
38108,Manhattan,2024-10-08,2024,10,8,136811,POINT (995814.4517053183 215896.87205204542),F D R DRIVE,Astoria Line,Dead end,12624.0,18179.0,19967.0,50770.0,1,one_direction
38108,Manhattan,2024-10-08,2024,10,8,270779,POINT (1008820.0489733003 257592.1467928457),BROADWAY BRIDGE,Broadway,Harlem River Shoreline,4990.0,6763.0,2987.0,14740.0,1,one_direction
38108,Manhattan,2024-10-09,2024,10,9,72887,POINT (1007807.3102189016 253610.3799800104),UNIVERSITY HEIGHTS BRIDGE,Harlem River Shoreline,Harlem River Shoreline,8951.0,11693.0,9342.0,29986.0,2,two_directions
38108,Manhattan,2024-10-09,2024,10,9,136811,POINT (995814.4517053183 215896.87205204542),F D R DRIVE,Astoria Line,Dead end,15329.0,18148.0,20006.0,53483.0,1,one_direction
38108,Manhattan,2024-10-09,2024,10,9,270779,POINT (1008820.0489733003 257592.1467928457),BROADWAY BRIDGE,Broadway,Harlem River Shoreline,5234.0,7332.0,3523.0,16089.0,1,one_direction
38108,Manhattan,2024-10-10,2024,10,10,72887,POINT (1007807.3102189016 253610.3799800104),UNIVERSITY HEIGHTS BRIDGE,Harlem River Shoreline,Harlem River Shoreline,8877.0,11940.0,9951.0,30768.0,2,two_directions
38108,Manhattan,2024-10-10,2024,10,10,136811,POINT (995814.4517053183 215896.87205204542),F D R DRIVE,Astoria Line,Dead end,15167.0,19471.0,11325.0,45963.0,1,one_direction
38108,Manhattan,2024-10-10,2024,10,10,270779,POINT (1008820.0489733003 257592.1467928457),BROADWAY BRIDGE,Broadway,Harlem River Shoreline,5029.0,6703.0,3662.0,15394.0,1,one_direction
38108,Manhattan,2024-10-11,2024,10,11,72887,POINT (1007807.3102189016 253610.3799800104),UNIVERSITY HEIGHTS BRIDGE,Harlem River Shoreline,Harlem River Shoreline,8920.0,11931.0,11323.0,32174.0,2,two_directions
38108,Manhattan,2024-10-11,2024,10,11,270776,POINT (1008845.5343071799 257557.10178422925),BROADWAY BRIDGE,Broadway,Harlem River Shoreline,3849.0,6042.0,3721.0,13612.0,1,one_direction
38108,Manhattan,2024-10-11,2024,10,11,270779,POINT (1008820.0489733003 257592.1467928457),BROADWAY BRIDGE,Broadway,Harlem River Shoreline,4974.0,7064.0,4599.0,16637.0,1,one_direction
38108,Manhattan,2024-10-12,2024,10,12,72887,POINT (1007807.3102189016 253610.3799800104),UNIVERSITY HEIGHTS BRIDGE,Harlem River Shoreline,Harlem River Shoreline,7249.0,11703.0,11292.0,30244.0,2,two_directions
38108,Manhattan,2024-10-12,2024,10,12,270776,POINT (1008845.5343071799 257557.10178422925),BROADWAY BRIDGE,Broadway,Harlem River Shoreline,2206.0,5417.0,4423.0,12046.0,1,one_direction
38108,Manhattan,2024-10-12,2024,10,12,270779,POINT (1008820.0489733003 257592.1467928457),BROADWAY BRIDGE,Broadway,Harlem River Shoreline,2366.0,6297.0,3462.0,12125.0,1,one_direction
38108,Manhattan,2024-10-13,2024,10,13,72887,POINT (1007807.3102189016 253610.3799800104),UNIVERSITY HEIGHTS BRIDGE,Harlem River Shoreline,Harlem River Shoreline,5842.0,11910.0,10380.0,28132.0,2,two_directions
38108,Manhattan,2024-10-13,2024,10,13,270776,POINT (1008845.5343071799 257557.10178422925),BROADWAY BRIDGE,Broadway,Harlem River Shoreline,1856.0,4337.0,3146.0,9339.0,1,one_direction
38108,Manhattan,2024-10-13,2024,10,13,270779,POINT (1008820.0489733003 257592.1467928457),BROADWAY BRIDGE,Broadway,Harlem River Shoreline,2392.0,6104.0,3890.0,12386.0,1,one_direction
38108,Manhattan,2024-10-14,2024,10,14,72887,POINT (1007807.3102189016 253610.3799800104),UNIVERSITY HEIGHTS BRIDGE,Harlem River Shoreline,Harlem River Shoreline,6828.0,11361.0,8697.0,26886.0,2,two_directions
38108,Manhattan,2024-10-14,2024,10,14,270776,POINT (1008845.5343071799 257557.10178422925),BROADWAY BRIDGE,Broadway,Harlem River Shoreline,2276.0,4918.0,2855.0,10049.0,1,one_direction
38108,Manhattan,2024-10-14,2024,10,14,270779,POINT (1008820.0489733003 257592.1467928457),BROADWAY BRIDGE,Broadway,Harlem River Shoreline,3043.0,6156.0,2023.0,11222.0,1,one_direction
38108,Manhattan,2024-10-15,2024,10,15,72887,POINT (1007807.3102189016 253610.3799800104),UNIVERSITY HEIGHTS BRIDGE,Harlem River Shoreline,Harlem River Shoreline,8837.0,11839.0,8842.0,29518.0,2,two_directions
38108,Manhattan,2024-10-15,2024,10,15,270776,POINT (1008845.5343071799 257557.10178422925),BROADWAY BRIDGE,Broadway,Harlem River Shoreline,3374.0,5416.0,3683.0,12473.0,1,one_direction
38108,Manhattan,2024-10-15,2024,10,15,270779,POINT (1008820.0489733003 257592.1467928457),BROADWAY BRIDGE,Broadway,Harlem River Shoreline,5012.0,6425.0,3445.0,14882.0,1,one_direction
38108,Manhattan,2024-10-16,2024,10,16,34332,POINT (987087.2195708795 220744.5037073528),WEST END AVENUE,West 60 Street,West 61 Street,4769.0,6550.0,4619.0,15938.0,2,two_directions
38108,Manhattan,2024-10-16,2024,10,16,72887,POINT (1007807.3102189016 253610.3799800104),UNIVERSITY HEIGHTS BRIDGE,Harlem River Shoreline,Harlem River Shoreline,8531.0,11802.0,9330.0,29663.0,2,two_directions
38108,Manhattan,2024-10-17,2024,10,17,34332,POINT (987087.2195708795 220744.5037073528),WEST END AVENUE,West 60 Street,West 61 Street,4936.0,6606.0,5086.0,16628.0,2,two_directions
38108,Manhattan,2024-10-17,2024,10,17,72887,POINT (1007807.3102189016 253610.3799800104),UNIVERSITY HEIGHTS BRIDGE,Harlem River Shoreline,Harlem River Shoreline,8527.0,11493.0,9884.0,29904.0,2,two_directions
38108,Manhattan,2024-10-18,2024,10,18,34332,POINT (987087.2195708795 220744.5037073528),WEST END AVENUE,West 60 Street,West 61 Street,5026.0,6336.0,4563.0,15925.0,2,two_directions
38108,Manhattan,2024-10-18,2024,10,18,72887,POINT (1007807.3102189016 253610.3799800104),UNIVERSITY HEIGHTS BRIDGE,Harlem River Shoreline,Harlem River Shoreline,8658.0,11994.0,11631.0,32283.0,2,two_directions
38108,Manhattan,2024-10-19,2024,10,19,34332,POINT (987087.2195708795 220744.5037073528),WEST END AVENUE,West 60 Street,West 61 Street,3525.0,6021.0,4854.0,14400.0,2,two_directions
38108,Manhattan,2024-10-19,2024,10,19,72887,POINT (1007807.3102189016 253610.3799800104),UNIVERSITY HEIGHTS BRIDGE,Harlem River Shoreline,Harlem River Shoreline,8451.0,11874.0,10863.0,31188.0,2,two_directions
38108,Manhattan,2024-10-20,2024,10,20,34332,POINT (987087.2195708795 220744.5037073528),WEST END AVENUE,West 60 Street,West 61 Street,4107.0,5734.0,3526.0,13367.0,2,two_directions
38108,Manhattan,2024-10-20,2024,10,20,72887,POINT (1007807.3102189016 253610.3799800104),UNIVERSITY HEIGHTS BRIDGE,Harlem River Shoreline,Harlem River Shoreline,6099.0,11417.0,9788.0,27304.0,2,two_directions
38108,Manhattan,2024-10-21,2024,10,21,34332,POINT (987087.2195708795 220744.5037073528),WEST END AVENUE,West 60 Street,West 61 Street,5060.0,6495.0,3801.0,15356.0,2,two_directions
38108,Manhattan,2024-10-21,2024,10,21,72887,POINT (1007807.3102189016 253610.3799800104),UNIVERSITY HEIGHTS BRIDGE,Harlem River Shoreline,Harlem River Shoreline,8382.0,11462.0,8501.0,28345.0,2,two_directions
38108,Manhattan,2024-10-22,2024,10,22,34332,POINT (987087.2195708795 220744.5037073528),WEST END AVENUE,West 60 Street,West 61 Street,1979.0,2751.0,1501.0,6231.0,1,one_direction
38108,Manhattan,2024-10-22,2024,10,22,36369,POINT (994214.9732317923 216043.31446641852),EAST 58 STREET,Ed Koch Queensboro Bridge Appr,2 Avenue,2876.0,0.0,0.0,2876.0,1,one_direction
38108,Manhattan,2024-10-22,2024,10,22,252704,POINT (989946.7063331008 200101.94433822844),WILLIAMSBURG BR APPROACH,Dead end,Dead End,10415.0,12319.0,10917.0,33651.0,1,one_direction
38108,Manhattan,2024-10-22,2024,10,22,252708,POINT (989913.7965267737 200030.95991576216),WILLIAMSBURG BR APPROACH,Dead End,Dead end,9742.0,13575.0,14470.0,37787.0,1,one_direction
38108,Manhattan,2024-10-23,2024,10,23,34332,POINT (987087.2195708795 220744.5037073528),WEST END AVENUE,West 60 Street,West 61 Street,1982.0,3168.0,1496.0,6646.0,1,one_direction
38108,Manhattan,2024-10-23,2024,10,23,36369,POINT (994214.9732317923 216043.31446641852),EAST 58 STREET,Ed Koch Queensboro Bridge Appr,2 Avenue,2571.0,0.0,0.0,2571.0,1,one_direction
38108,Manhattan,2024-10-23,2024,10,23,252704,POINT (989946.7063331008 200101.94433822844),WILLIAMSBURG BR APPROACH,Dead end,Dead End,10312.0,11098.0,10662.0,32072.0,1,one_direction
38108,Manhattan,2024-10-23,2024,10,23,252708,POINT (989913.7965267737 200030.95991576216),WILLIAMSBURG BR APPROACH,Dead End,Dead end,9061.0,13349.0,14031.0,36441.0,1,one_direction
38108,Manhattan,2024-10-24,2024,10,24,34332,POINT (987087.2195708795 220744.5037073528),WEST END AVENUE,West 60 Street,West 61 Street,1940.0,2603.0,1577.0,6120.0,1,one_direction
38108,Manhattan,2024-10-24,2024,10,24,36369,POINT (994214.9732317923 216043.31446641852),EAST 58 STREET,Ed Koch Queensboro Bridge Appr,2 Avenue,2631.0,0.0,0.0,2631.0,1,one_direction
38108,Manhattan,2024-10-24,2024,10,24,252704,POINT (989946.7063331008 200101.94433822844),WILLIAMSBURG BR APPROACH,Dead end,Dead End,10588.0,12184.0,11822.0,34594.0,1,one_direction
38108,Manhattan,2024-10-24,2024,10,24,252708,POINT (989913.7965267737 200030.95991576216),WILLIAMSBURG BR APPROACH,Dead End,Dead end,9573.0,13936.0,15384.0,38893.0,1,one_direction
38108,Manhattan,2024-10-25,2024,10,25,34332,POINT (987087.2195708795 220744.5037073528),WEST END AVENUE,West 60 Street,West 61 Street,4648.0,6401.0,4820.0,15869.0,2,two_directions
38108,Manhattan,2024-10-26,2024,10,26,34332,POINT (987087.2195708795 220744.5037073528),WEST END AVENUE,West 60 Street,West 61 Street,3503.0,5631.0,5067.0,14201.0,2,two_directions
38108,Manhattan,2024-10-27,2024,10,27,34332,POINT (987087.2195708795 220744.5037073528),WEST END AVENUE,West 60 Street,West 61 Street,2884.0,5779.0,3605.0,12268.0,2,two_directions
38108,Manhattan,2024-10-28,2024,10,28,34332,POINT (987087.2195708795 220744.5037073528),WEST END AVENUE,West 60 Street,West 61 Street,5104.0,6291.0,3953.0,15348.0,2,two_directions
38108,Manhattan,2024-10-29,2024,10,29,34332,POINT (987087.2195708795 220744.5037073528),WEST END AVENUE,West 60 Street,West 61 Street,5085.0,6646.0,4789.0,16520.0,2,two_directions
38108,Manhattan,2024-10-30,2024,10,30,249325,POINT (986814.7703362274 196945.10914437595),MANHATTAN BRIDGE,Manhattan Bridge Line,Manhattan Bridge Line,7850.0,11282.0,11409.0,30541.0,1,one_direction
38108,Manhattan,2024-10-30,2024,10,30,9009104,POINT (986863.0264833217 197013.41376878403),MANHATTAN BRIDGE,6 Avenue Line,6 Avenue Line,4793.0,4881.0,4516.0,14190.0,1,one_direction
38108,Manhattan,2024-10-31,2024,10,31,249325,POINT (986814.7703362274 196945.10914437595),MANHATTAN BRIDGE,Manhattan Bridge Line,Manhattan Bridge Line,7210.0,11655.0,9071.0,27936.0,1,one_direction
38108,Manhattan,2024-10-31,2024,10,31,9009104,POINT (986863.0264833217 197013.41376878403),MANHATTAN BRIDGE,6 Avenue Line,6 Avenue Line,5046.0,4519.0,5762.0,15327.0,1,one_direction
38108,Manhattan,2024-11-02,2024,11,2,71036,POINT (1002564.5610851326 240983.75683398134),MACOMBS DAM BRIDGE,Harlem River Shoreline,Harlem River Shoreline,8650.0,12973.0,11105.0,32728.0,2,two_directions
38108,Manhattan,2024-11-03,2024,11,3,71036,POINT (1002564.5610851326 240983.75683398134),MACOMBS DAM BRIDGE,Harlem River Shoreline,Harlem River Shoreline,7043.0,13082.0,11119.0,31244.0,2,two_directions
38108,Manhattan,2024-11-04,2024,11,4,71036,POINT (1002564.5610851326 240983.75683398134),MACOMBS DAM BRIDGE,Harlem River Shoreline,Harlem River Shoreline,11038.0,12150.0,8834.0,32022.0,2,two_directions
38108,Manhattan,2024-11-05,2024,11,5,71036,POINT (1002564.5610851326 240983.75683398134),MACOMBS DAM BRIDGE,Harlem River Shoreline,Harlem River Shoreline,9662.0,12459.0,8425.0,30546.0,2,two_directions
38108,Manhattan,2024-11-06,2024,11,6,71036,POINT (1002564.5610851326 240983.75683398134),MACOMBS DAM BRIDGE,Harlem River Shoreline,Harlem River Shoreline,11147.0,12673.0,9299.0,33119.0,2,two_directions
38108,Manhattan,2024-11-07,2024,11,7,71036,POINT (1002564.5610851326 240983.75683398134),MACOMBS DAM BRIDGE,Harlem River Shoreline,Harlem River Shoreline,11299.0,12491.0,9728.0,33518.0,2,two_directions
38108,Manhattan,2024-11-08,2024,11,8,71036,POINT (1002564.5610851326 240983.75683398134),MACOMBS DAM BRIDGE,Harlem River Shoreline,Harlem River Shoreline,10849.0,12497.0,11181.0,34527.0,2,two_directions
38108,Manhattan,2024-11-09,2024,11,9,71036,POINT (1002564.5610851326 240983.75683398134),MACOMBS DAM BRIDGE,Harlem River Shoreline,Harlem River Shoreline,8841.0,13113.0,11429.0,33383.0,2,two_directions
38108,Manhattan,2024-11-10,2024,11,10,71036,POINT (1002564.5610851326 240983.75683398134),MACOMBS DAM BRIDGE,Harlem River Shoreline,Harlem River Shoreline,6892.0,12250.0,9546.0,28688.0,2,two_directions
38108,Manhattan,2024-11-11,2024,11,11,71036,POINT (1002564.5610851326 240983.75683398134),MACOMBS DAM BRIDGE,Harlem River Shoreline,Harlem River Shoreline,10140.0,12110.0,8564.0,30814.0,2,two_directions
38108,Manhattan,2024-11-12,2024,11,12,71036,POINT (1002564.5610851326 240983.75683398134),MACOMBS DAM BRIDGE,Harlem River Shoreline,Harlem River Shoreline,9495.0,12441.0,8483.0,30419.0,2,two_directions
38108,Manhattan,2024-11-13,2024,11,13,71036,POINT (1002564.5610851326 240983.75683398134),MACOMBS DAM BRIDGE,Harlem River Shoreline,Harlem River Shoreline,9837.0,12407.0,8402.0,30646.0,2,two_directions
38108,Manhattan,2024-11-14,2024,11,14,71036,POINT (1002564.5610851326 240983.75683398134),MACOMBS DAM BRIDGE,Harlem River Shoreline,Harlem River Shoreline,10592.0,12045.0,9048.0,31685.0,2,two_directions
38108,Manhattan,2024-11-15,2024,11,15,71036,POINT (1002564.5610851326 240983.75683398134),MACOMBS DAM BRIDGE,Harlem River Shoreline,Harlem River Shoreline,10832.0,12147.0,10388.0,33367.0,2,two_directions
38109,Manhattan,2024-10-25,2024,10,25,35889,POINT (991691.552818544 210202.38857838226),EAST 34 STREET,1 Avenue,F D R Drive,5012.0,6629.0,5929.0,17570.0,2,two_directions
38173,Brooklyn,2024-11-02,2024,11,2,145097,POINT (987348.8202921002 191981.6722978036),ADAMS STREET,Connector,Dead end,3538.0,5455.0,5325.0,14318.0,1,one_direction
38173,Brooklyn,2024-11-02,2024,11,2,148076,POINT (987375.9209482507 192674.5440004853),ADAMS STREET,Tillary Street,Johnson Street,3207.0,4763.0,4338.0,12308.0,1,one_direction
38203,Bronx,2025-03-11,2025,3,11,9014571,POINT (1016307.4114839429 239006.17257189233),BRUCKNER BOULEVARD,Dead End,Bronx River Shoreline,2240.0,4035.0,1732.0,8007.0,1,one_direction
38203,Bronx,2025-03-12,2025,3,12,9014571,POINT (1016307.4114839429 239006.17257189233),BRUCKNER BOULEVARD,Dead End,Bronx River Shoreline,2001.0,4286.0,1673.0,7960.0,1,one_direction
38203,Bronx,2025-03-13,2025,3,13,9014571,POINT (1016307.4114839429 239006.17257189233),BRUCKNER BOULEVARD,Dead End,Bronx River Shoreline,1588.0,3861.0,1983.0,7432.0,1,one_direction
38203,Brooklyn,2025-02-01,2025,2,1,50963,POINT (1022726.375963018 184975.11727740432),SUTTER AVENUE,South Conduit Avenue,Dead end,970.0,1807.0,1143.0,3920.0,1,one_direction
38203,Brooklyn,2025-02-02,2025,2,2,50963,POINT (1022726.375963018 184975.11727740432),SUTTER AVENUE,South Conduit Avenue,Dead end,738.0,1656.0,898.0,3292.0,1,one_direction
38203,Brooklyn,2025-02-03,2025,2,3,50963,POINT (1022726.375963018 184975.11727740432),SUTTER AVENUE,South Conduit Avenue,Dead end,1306.0,2106.0,1082.0,4494.0,1,one_direction
38203,Brooklyn,2025-02-04,2025,2,4,50963,POINT (1022726.375963018 184975.11727740432),SUTTER AVENUE,South Conduit Avenue,Dead end,1298.0,2085.0,1200.0,4583.0,1,one_direction
38203,Brooklyn,2025-02-05,2025,2,5,50963,POINT (1022726.375963018 184975.11727740432),SUTTER AVENUE,South Conduit Avenue,Dead end,1308.0,2148.0,1195.0,4651.0,1,one_direction
38203,Brooklyn,2025-02-06,2025,2,6,50963,POINT (1022726.375963018 184975.11727740432),SUTTER AVENUE,South Conduit Avenue,Dead end,1244.0,1999.0,1146.0,4389.0,1,one_direction
38203,Brooklyn,2025-02-07,2025,2,7,50963,POINT (1022726.375963018 184975.11727740432),SUTTER AVENUE,South Conduit Avenue,Dead end,1353.0,2152.0,1406.0,4911.0,1,one_direction
38203,Brooklyn,2025-02-08,2025,2,8,50963,POINT (1022726.375963018 184975.11727740432),SUTTER AVENUE,South Conduit Avenue,Dead end,1019.0,1876.0,1023.0,3918.0,1,one_direction
38203,Brooklyn,2025-02-09,2025,2,9,50963,POINT (1022726.375963018 184975.11727740432),SUTTER AVENUE,South Conduit Avenue,Dead end,594.0,1518.0,1084.0,3196.0,1,one_direction
38203,Brooklyn,2025-02-10,2025,2,10,50963,POINT (1022726.375963018 184975.11727740432),SUTTER AVENUE,South Conduit Avenue,Dead end,1302.0,2006.0,1126.0,4434.0,1,one_direction
38203,Brooklyn,2025-02-11,2025,2,11,50963,POINT (1022726.375963018 184975.11727740432),SUTTER AVENUE,South Conduit Avenue,Dead end,1321.0,2096.0,1176.0,4593.0,1,one_direction
38203,Brooklyn,2025-02-12,2025,2,12,50963,POINT (1022726.375963018 184975.11727740432),SUTTER AVENUE,South Conduit Avenue,Dead end,1279.0,2060.0,1134.0,4473.0,1,one_direction
38203,Brooklyn,2025-02-13,2025,2,13,50963,POINT (1022726.375963018 184975.11727740432),SUTTER AVENUE,South Conduit Avenue,Dead end,1402.0,2225.0,1288.0,4915.0,1,one_direction
38203,Brooklyn,2025-02-14,2025,2,14,50963,POINT (1022726.375963018 184975.11727740432),SUTTER AVENUE,South Conduit Avenue,Dead end,1495.0,2195.0,1391.0,5081.0,1,one_direction
38203,Queens,2025-02-01,2025,2,1,196368,POINT (1023055.8409196973 185039.53691861132),SUTTER AVENUE,Dead End,North Conduit Avenue,1611.0,2782.0,1970.0,6363.0,1,one_direction
38203,Queens,2025-02-02,2025,2,2,196368,POINT (1023055.8409196973 185039.53691861132),SUTTER AVENUE,Dead End,North Conduit Avenue,1318.0,2365.0,1541.0,5224.0,1,one_direction
38203,Queens,2025-02-03,2025,2,3,196368,POINT (1023055.8409196973 185039.53691861132),SUTTER AVENUE,Dead End,North Conduit Avenue,2107.0,2670.0,1675.0,6452.0,1,one_direction
38203,Queens,2025-02-04,2025,2,4,196368,POINT (1023055.8409196973 185039.53691861132),SUTTER AVENUE,Dead End,North Conduit Avenue,2077.0,2772.0,1765.0,6614.0,1,one_direction
38203,Queens,2025-02-05,2025,2,5,196368,POINT (1023055.8409196973 185039.53691861132),SUTTER AVENUE,Dead End,North Conduit Avenue,2209.0,2920.0,1689.0,6818.0,1,one_direction
38203,Queens,2025-02-06,2025,2,6,196368,POINT (1023055.8409196973 185039.53691861132),SUTTER AVENUE,Dead End,North Conduit Avenue,2068.0,2703.0,1667.0,6438.0,1,one_direction
38203,Queens,2025-02-07,2025,2,7,196368,POINT (1023055.8409196973 185039.53691861132),SUTTER AVENUE,Dead End,North Conduit Avenue,2085.0,2966.0,1952.0,7003.0,1,one_direction
38203,Queens,2025-02-08,2025,2,8,196368,POINT (1023055.8409196973 185039.53691861132),SUTTER AVENUE,Dead End,North Conduit Avenue,1627.0,2746.0,1747.0,6120.0,1,one_direction
38203,Queens,2025-02-09,2025,2,9,196368,POINT (1023055.8409196973 185039.53691861132),SUTTER AVENUE,Dead End,North Conduit Avenue,994.0,2129.0,1550.0,4673.0,1,one_direction
38203,Queens,2025-02-10,2025,2,10,196368,POINT (1023055.8409196973 185039.53691861132),SUTTER AVENUE,Dead End,North Conduit Avenue,2043.0,2639.0,1571.0,6253.0,1,one_direction
38203,Queens,2025-02-11,2025,2,11,196368,POINT (1023055.8409196973 185039.53691861132),SUTTER AVENUE,Dead End,North Conduit Avenue,2038.0,2778.0,1646.0,6462.0,1,one_direction
38203,Queens,2025-02-12,2025,2,12,196368,POINT (1023055.8409196973 185039.53691861132),SUTTER AVENUE,Dead End,North Conduit Avenue,2135.0,2700.0,1620.0,6455.0,1,one_direction
38203,Queens,2025-02-13,2025,2,13,196368,POINT (1023055.8409196973 185039.53691861132),SUTTER AVENUE,Dead End,North Conduit Avenue,2177.0,2841.0,1875.0,6893.0,1,one_direction
38203,Queens,2025-02-14,2025,2,14,196368,POINT (1023055.8409196973 185039.53691861132),SUTTER AVENUE,Dead End,North Conduit Avenue,2284.0,3095.0,2185.0,7564.0,1,one_direction
38203,Queens,2025-03-11,2025,3,11,144320,POINT (1003917.7237628322 204490.03069884307),KOSCIUSZKO BRIDGE,Dead End,Newtown Creek Shoreline,1937.0,7647.0,5912.0,15496.0,1,one_direction
38203,Queens,2025-03-11,2025,3,11,153104,POINT (1003946.6668691396 204457.65668993015),KOSCIUSZKO BRIDGE,Dead End,Newtown Creek Shoreline,0.0,0.0,909.0,909.0,1,one_direction
38203,Queens,2025-03-12,2025,3,12,144320,POINT (1003917.7237628322 204490.03069884307),KOSCIUSZKO BRIDGE,Dead End,Newtown Creek Shoreline,6576.0,0.0,5730.0,12306.0,1,one_direction
38203,Queens,2025-03-12,2025,3,12,153104,POINT (1003946.6668691396 204457.65668993015),KOSCIUSZKO BRIDGE,Dead End,Newtown Creek Shoreline,0.0,937.0,6961.0,7898.0,1,one_direction
38203,Queens,2025-03-13,2025,3,13,144320,POINT (1003917.7237628322 204490.03069884307),KOSCIUSZKO BRIDGE,Dead End,Newtown Creek Shoreline,879.0,4814.0,6384.0,12077.0,1,one_direction
38228,Queens,2024-11-16,2024,11,16,97314,POINT (1042944.7345929623 215464.94010474562),NORTHERN BOULEVARD,193 Street,194 Street,7251.0,11438.0,7041.0,25730.0,2,two_directions
38228,Queens,2024-11-16,2024,11,16,97328,POINT (1042812.0180369732 215749.29680700105),193 STREET,42 Avenue,Northern Boulevard,150.0,328.0,196.0,674.0,2,two_directions
38228,Queens,2024-11-17,2024,11,17,97314,POINT (1042944.7345929623 215464.94010474562),NORTHERN BOULEVARD,193 Street,194 Street,5727.0,10261.0,5542.0,21530.0,2,two_directions
38228,Queens,2024-11-17,2024,11,17,97328,POINT (1042812.0180369732 215749.29680700105),193 STREET,42 Avenue,Northern Boulevard,152.0,336.0,142.0,630.0,2,two_directions
38228,Queens,2024-11-18,2024,11,18,97314,POINT (1042944.7345929623 215464.94010474562),NORTHERN BOULEVARD,193 Street,194 Street,8784.0,11005.0,6288.0,26077.0,2,two_directions
38228,Queens,2024-11-18,2024,11,18,97328,POINT (1042812.0180369732 215749.29680700105),193 STREET,42 Avenue,Northern Boulevard,208.0,288.0,138.0,634.0,2,two_directions
38228,Queens,2024-11-19,2024,11,19,97314,POINT (1042944.7345929623 215464.94010474562),NORTHERN BOULEVARD,193 Street,194 Street,9395.0,11502.0,6425.0,27322.0,2,two_directions
38228,Queens,2024-11-19,2024,11,19,97328,POINT (1042812.0180369732 215749.29680700105),193 STREET,42 Avenue,Northern Boulevard,237.0,537.0,247.0,1021.0,2,two_directions
38228,Queens,2024-11-20,2024,11,20,97314,POINT (1042944.7345929623 215464.94010474562),NORTHERN BOULEVARD,193 Street,194 Street,8840.0,11138.0,6463.0,26441.0,2,two_directions
38228,Queens,2024-11-20,2024,11,20,97328,POINT (1042812.0180369732 215749.29680700105),193 STREET,42 Avenue,Northern Boulevard,183.0,394.0,250.0,827.0,2,two_directions
38228,Queens,2024-11-21,2024,11,21,97314,POINT (1042944.7345929623 215464.94010474562),NORTHERN BOULEVARD,193 Street,194 Street,9239.0,11084.0,6512.0,26835.0,2,two_directions
38228,Queens,2024-11-21,2024,11,21,97328,POINT (1042812.0180369732 215749.29680700105),193 STREET,42 Avenue,Northern Boulevard,212.0,330.0,175.0,717.0,2,two_directions
38228,Queens,2024-11-22,2024,11,22,97314,POINT (1042944.7345929623 215464.94010474562),NORTHERN BOULEVARD,193 Street,194 Street,8983.0,11003.0,7551.0,27537.0,2,two_directions
38228,Queens,2024-11-22,2024,11,22,97328,POINT (1042812.0180369732 215749.29680700105),193 STREET,42 Avenue,Northern Boulevard,217.0,316.0,163.0,696.0,2,two_directions
38228,Queens,2024-11-23,2024,11,23,97314,POINT (1042944.7345929623 215464.94010474562),NORTHERN BOULEVARD,193 Street,194 Street,7334.0,11400.0,6985.0,25719.0,2,two_directions
38228,Queens,2024-11-23,2024,11,23,97328,POINT (1042812.0180369732 215749.29680700105),193 STREET,42 Avenue,Northern Boulevard,197.0,356.0,179.0,732.0,2,two_directions
38228,Queens,2024-11-24,2024,11,24,97314,POINT (1042944.7345929623 215464.94010474562),NORTHERN BOULEVARD,193 Street,194 Street,5499.0,10102.0,5310.0,20911.0,2,two_directions
38228,Queens,2024-11-24,2024,11,24,97328,POINT (1042812.0180369732 215749.29680700105),193 STREET,42 Avenue,Northern Boulevard,127.0,312.0,176.0,615.0,2,two_directions
38232,Brooklyn,2024-10-26,2024,10,26,47527,POINT (1013509.1245358157 181453.23392863083),LIVONIA AVENUE,New Lots Line,New Lots Line,377.0,681.0,477.0,1535.0,1,one_direction
38232,Brooklyn,2024-10-26,2024,10,26,47529,POINT (1013789.4441505347 181510.0642778815),LIVONIA AVENUE,New Jersey Avenue,New Lots Line,329.0,671.0,457.0,1457.0,1,one_direction
38232,Brooklyn,2024-10-27,2024,10,27,47527,POINT (1013509.1245358157 181453.23392863083),LIVONIA AVENUE,New Lots Line,New Lots Line,305.0,634.0,350.0,1289.0,1,one_direction
38232,Brooklyn,2024-10-27,2024,10,27,47529,POINT (1013789.4441505347 181510.0642778815),LIVONIA AVENUE,New Jersey Avenue,New Lots Line,254.0,614.0,358.0,1226.0,1,one_direction
38232,Brooklyn,2024-10-28,2024,10,28,47527,POINT (1013509.1245358157 181453.23392863083),LIVONIA AVENUE,New Lots Line,New Lots Line,512.0,643.0,374.0,1529.0,1,one_direction
38232,Brooklyn,2024-10-28,2024,10,28,47529,POINT (1013789.4441505347 181510.0642778815),LIVONIA AVENUE,New Jersey Avenue,New Lots Line,411.0,724.0,320.0,1455.0,1,one_direction
38232,Brooklyn,2024-10-29,2024,10,29,47527,POINT (1013509.1245358157 181453.23392863083),LIVONIA AVENUE,New Lots Line,New Lots Line,593.0,665.0,371.0,1629.0,1,one_direction
38232,Brooklyn,2024-10-29,2024,10,29,47529,POINT (1013789.4441505347 181510.0642778815),LIVONIA AVENUE,New Jersey Avenue,New Lots Line,446.0,746.0,389.0,1581.0,1,one_direction
38232,Brooklyn,2024-10-30,2024,10,30,47527,POINT (1013509.1245358157 181453.23392863083),LIVONIA AVENUE,New Lots Line,New Lots Line,557.0,615.0,426.0,1598.0,1,one_direction
38232,Brooklyn,2024-10-30,2024,10,30,47529,POINT (1013789.4441505347 181510.0642778815),LIVONIA AVENUE,New Jersey Avenue,New Lots Line,437.0,853.0,393.0,1683.0,1,one_direction
38232,Brooklyn,2024-10-31,2024,10,31,47527,POINT (1013509.1245358157 181453.23392863083),LIVONIA AVENUE,New Lots Line,New Lots Line,623.0,673.0,408.0,1704.0,1,one_direction
38232,Brooklyn,2024-10-31,2024,10,31,47529,POINT (1013789.4441505347 181510.0642778815),LIVONIA AVENUE,New Jersey Avenue,New Lots Line,496.0,880.0,490.0,1866.0,1,one_direction
38232,Brooklyn,2024-11-01,2024,11,1,47527,POINT (1013509.1245358157 181453.23392863083),LIVONIA AVENUE,New Lots Line,New Lots Line,454.0,710.0,534.0,1698.0,1,one_direction
38232,Brooklyn,2024-11-01,2024,11,1,47528,POINT (1013685.7752172605 181276.70106216837),PENNSYLVANIA AVENUE,Riverdale Avenue,Livonia Avenue,3627.0,4693.0,4254.0,12574.0,1,one_direction
38232,Brooklyn,2024-11-01,2024,11,1,47529,POINT (1013789.4441505347 181510.0642778815),LIVONIA AVENUE,New Jersey Avenue,New Lots Line,415.0,751.0,572.0,1738.0,1,one_direction
38232,Brooklyn,2024-11-01,2024,11,1,47536,POINT (1013587.1709056562 181777.79673111712),PENNSYLVANIA AVENUE,Dumont Avenue,Livonia Avenue,3879.0,5943.0,5089.0,14911.0,1,one_direction
38284,Brooklyn,2024-11-06,2024,11,6,8102742,POINT (990189.2567803817 188505.02522078427),4 AVENUE LINE,Dead End,Pacific Street,3246.0,4593.0,4476.0,12315.0,2,two_directions
38284,Brooklyn,2024-11-07,2024,11,7,8102742,POINT (990189.2567803817 188505.02522078427),4 AVENUE LINE,Dead End,Pacific Street,3453.0,4701.0,4483.0,12637.0,2,two_directions
38284,Brooklyn,2024-11-08,2024,11,8,8102742,POINT (990189.2567803817 188505.02522078427),4 AVENUE LINE,Dead End,Pacific Street,3668.0,4893.0,3816.0,12377.0,2,two_directions
38284,Brooklyn,2024-11-09,2024,11,9,8102742,POINT (990189.2567803817 188505.02522078427),4 AVENUE LINE,Dead End,Pacific Street,2501.0,4940.0,3519.0,10960.0,2,two_directions
38284,Brooklyn,2024-11-10,2024,11,10,8102742,POINT (990189.2567803817 188505.02522078427),4 AVENUE LINE,Dead End,Pacific Street,2022.0,4969.0,2858.0,9849.0,2,two_directions
38284,Brooklyn,2024-11-11,2024,11,11,8102742,POINT (990189.2567803817 188505.02522078427),4 AVENUE LINE,Dead End,Pacific Street,3619.0,4773.0,2822.0,11214.0,2,two_directions
38291,Brooklyn,2024-12-03,2024,12,3,31005,POINT (997624.1238645152 191149.37642465395),DEKALB AVENUE,Walworth Street,Nostrand Avenue,1679.0,2218.0,1624.0,5521.0,1,one_direction
38291,Brooklyn,2024-12-04,2024,12,4,31005,POINT (997624.1238645152 191149.37642465395),DEKALB AVENUE,Walworth Street,Nostrand Avenue,1675.0,2216.0,1673.0,5564.0,1,one_direction
38291,Brooklyn,2024-12-05,2024,12,5,31005,POINT (997624.1238645152 191149.37642465395),DEKALB AVENUE,Walworth Street,Nostrand Avenue,1875.0,2279.0,1843.0,5997.0,1,one_direction
38291,Brooklyn,2024-12-06,2024,12,6,31005,POINT (997624.1238645152 191149.37642465395),DEKALB AVENUE,Walworth Street,Nostrand Avenue,1757.0,2330.0,2143.0,6230.0,1,one_direction
38291,Brooklyn,2024-12-07,2024,12,7,31005,POINT (997624.1238645152 191149.37642465395),DEKALB AVENUE,Walworth Street,Nostrand Avenue,1388.0,2445.0,2144.0,5977.0,1,one_direction
38291,Brooklyn,2024-12-08,2024,12,8,31005,POINT (997624.1238645152 191149.37642465395),DEKALB AVENUE,Walworth Street,Nostrand Avenue,1233.0,2141.0,1467.0,4841.0,1,one_direction
38291,Brooklyn,2024-12-09,2024,12,9,31005,POINT (997624.1238645152 191149.37642465395),DEKALB AVENUE,Walworth Street,Nostrand Avenue,1845.0,2210.0,1524.0,5579.0,1,one_direction
38291,Brooklyn,2024-12-10,2024,12,10,31005,POINT (997624.1238645152 191149.37642465395),DEKALB AVENUE,Walworth Street,Nostrand Avenue,1701.0,2184.0,1624.0,5509.0,1,one_direction
38291,Brooklyn,2024-12-11,2024,12,11,31005,POINT (997624.1238645152 191149.37642465395),DEKALB AVENUE,Walworth Street,Nostrand Avenue,1672.0,2187.0,1673.0,5532.0,1,one_direction
38291,Brooklyn,2025-12-03,2025,12,3,30283,POINT (993643.8702391864 190544.92445446126),DEKALB AVENUE,Washington Avenue,Hall Street,2280.0,3083.0,2263.0,7626.0,1,one_direction
38291,Brooklyn,2025-12-04,2025,12,4,30283,POINT (993643.8702391864 190544.92445446126),DEKALB AVENUE,Washington Avenue,Hall Street,2273.0,2994.0,2303.0,7570.0,1,one_direction
38291,Brooklyn,2025-12-05,2025,12,5,30283,POINT (993643.8702391864 190544.92445446126),DEKALB AVENUE,Washington Avenue,Hall Street,2322.0,3080.0,2302.0,7704.0,1,one_direction
38291,Brooklyn,2025-12-06,2025,12,6,30283,POINT (993643.8702391864 190544.92445446126),DEKALB AVENUE,Washington Avenue,Hall Street,2294.0,2965.0,2404.0,7663.0,1,one_direction
38291,Brooklyn,2025-12-07,2025,12,7,30283,POINT (993643.8702391864 190544.92445446126),DEKALB AVENUE,Washington Avenue,Hall Street,1501.0,2724.0,2298.0,6523.0,1,one_direction
38291,Brooklyn,2025-12-08,2025,12,8,30283,POINT (993643.8702391864 190544.92445446126),DEKALB AVENUE,Washington Avenue,Hall Street,1485.0,2989.0,1895.0,6369.0,1,one_direction
38291,Brooklyn,2025-12-09,2025,12,9,30283,POINT (993643.8702391864 190544.92445446126),DEKALB AVENUE,Washington Avenue,Hall Street,2276.0,2855.0,2257.0,7388.0,1,one_direction
38291,Brooklyn,2025-12-10,2025,12,10,30283,POINT (993643.8702391864 190544.92445446126),DEKALB AVENUE,Washington Avenue,Hall Street,2325.0,3001.0,2309.0,7635.0,1,one_direction
38291,Brooklyn,2025-12-11,2025,12,11,30283,POINT (993643.8702391864 190544.92445446126),DEKALB AVENUE,Washington Avenue,Hall Street,2396.0,3026.0,2325.0,7747.0,1,one_direction
38326,Queens,2024-11-12,2024,11,12,91041,POINT (1030363.8245306013 214737.80550152095),COLLEGE POINT BOULEVARD,41 Avenue,41 Road,6952.0,8947.0,5300.0,21199.0,2,two_directions
38326,Queens,2024-11-13,2024,11,13,91041,POINT (1030363.8245306013 214737.80550152095),COLLEGE POINT BOULEVARD,41 Avenue,41 Road,6706.0,8850.0,5433.0,20989.0,2,two_directions
38326,Queens,2024-11-14,2024,11,14,91041,POINT (1030363.8245306013 214737.80550152095),COLLEGE POINT BOULEVARD,41 Avenue,41 Road,6635.0,8454.0,5464.0,20553.0,2,two_directions
38326,Queens,2024-11-15,2024,11,15,91041,POINT (1030363.8245306013 214737.80550152095),COLLEGE POINT BOULEVARD,41 Avenue,41 Road,6699.0,8880.0,6281.0,21860.0,2,two_directions
38339,Brooklyn,2024-12-03,2024,12,3,28987,POINT (990788.6327616549 189611.7811886846),FULTON STREET,Ft Greene Place,Crosstown Line,1077.0,2006.0,1969.0,5052.0,1,one_direction
38339,Brooklyn,2024-12-03,2024,12,3,30999,POINT (997769.9832981507 190220.24469486836),NOSTRAND AVENUE,Clifton Place,Greene Avenue,2270.0,3420.0,3471.0,9161.0,1,one_direction
38339,Brooklyn,2024-12-04,2024,12,4,28987,POINT (990788.6327616549 189611.7811886846),FULTON STREET,Ft Greene Place,Crosstown Line,1088.0,2131.0,2334.0,5553.0,1,one_direction
38339,Brooklyn,2024-12-04,2024,12,4,30999,POINT (997769.9832981507 190220.24469486836),NOSTRAND AVENUE,Clifton Place,Greene Avenue,2215.0,3524.0,3442.0,9181.0,1,one_direction
38339,Brooklyn,2024-12-05,2024,12,5,28987,POINT (990788.6327616549 189611.7811886846),FULTON STREET,Ft Greene Place,Crosstown Line,1093.0,2046.0,2445.0,5584.0,1,one_direction
38339,Brooklyn,2024-12-05,2024,12,5,30999,POINT (997769.9832981507 190220.24469486836),NOSTRAND AVENUE,Clifton Place,Greene Avenue,2701.0,3521.0,4128.0,10350.0,1,one_direction
38339,Brooklyn,2024-12-06,2024,12,6,28987,POINT (990788.6327616549 189611.7811886846),FULTON STREET,Ft Greene Place,Crosstown Line,1105.0,2197.0,2194.0,5496.0,1,one_direction
38339,Brooklyn,2024-12-06,2024,12,6,30999,POINT (997769.9832981507 190220.24469486836),NOSTRAND AVENUE,Clifton Place,Greene Avenue,2439.0,3558.0,4381.0,10378.0,1,one_direction
38339,Brooklyn,2024-12-07,2024,12,7,28987,POINT (990788.6327616549 189611.7811886846),FULTON STREET,Ft Greene Place,Crosstown Line,941.0,1709.0,2072.0,4722.0,1,one_direction
38339,Brooklyn,2024-12-07,2024,12,7,30999,POINT (997769.9832981507 190220.24469486836),NOSTRAND AVENUE,Clifton Place,Greene Avenue,2113.0,4098.0,4278.0,10489.0,1,one_direction
38339,Brooklyn,2024-12-08,2024,12,8,28987,POINT (990788.6327616549 189611.7811886846),FULTON STREET,Ft Greene Place,Crosstown Line,805.0,1835.0,2036.0,4676.0,1,one_direction
38339,Brooklyn,2024-12-08,2024,12,8,30999,POINT (997769.9832981507 190220.24469486836),NOSTRAND AVENUE,Clifton Place,Greene Avenue,1926.0,3828.0,3292.0,9046.0,1,one_direction
38339,Brooklyn,2024-12-09,2024,12,9,28987,POINT (990788.6327616549 189611.7811886846),FULTON STREET,Ft Greene Place,Crosstown Line,1071.0,2162.0,1914.0,5147.0,1,one_direction
38339,Brooklyn,2024-12-09,2024,12,9,30999,POINT (997769.9832981507 190220.24469486836),NOSTRAND AVENUE,Clifton Place,Greene Avenue,2425.0,3295.0,3099.0,8819.0,1,one_direction
38339,Brooklyn,2024-12-10,2024,12,10,28987,POINT (990788.6327616549 189611.7811886846),FULTON STREET,Ft Greene Place,Crosstown Line,1097.0,2079.0,2044.0,5220.0,1,one_direction
38339,Brooklyn,2024-12-10,2024,12,10,30999,POINT (997769.9832981507 190220.24469486836),NOSTRAND AVENUE,Clifton Place,Greene Avenue,2511.0,3590.0,4158.0,10259.0,1,one_direction
38339,Brooklyn,2024-12-11,2024,12,11,28987,POINT (990788.6327616549 189611.7811886846),FULTON STREET,Ft Greene Place,Crosstown Line,1088.0,2131.0,2334.0,5553.0,1,one_direction
38339,Brooklyn,2024-12-11,2024,12,11,30999,POINT (997769.9832981507 190220.24469486836),NOSTRAND AVENUE,Clifton Place,Greene Avenue,2458.0,3486.0,4097.0,10041.0,1,one_direction
38348,Brooklyn,2024-12-03,2024,12,3,31164,POINT (998598.4384119379 190892.04546777921),MARCY AVENUE,Lafayette Avenue,Kosciuszko Street,2510.0,2647.0,1926.0,7083.0,1,one_direction
38348,Brooklyn,2024-12-04,2024,12,4,31164,POINT (998598.4384119379 190892.04546777921),MARCY AVENUE,Lafayette Avenue,Kosciuszko Street,2342.0,2924.0,1938.0,7204.0,1,one_direction
38348,Brooklyn,2024-12-05,2024,12,5,31164,POINT (998598.4384119379 190892.04546777921),MARCY AVENUE,Lafayette Avenue,Kosciuszko Street,2324.0,2792.0,2038.0,7154.0,1,one_direction
38348,Brooklyn,2024-12-06,2024,12,6,31164,POINT (998598.4384119379 190892.04546777921),MARCY AVENUE,Lafayette Avenue,Kosciuszko Street,2162.0,2595.0,1899.0,6656.0,1,one_direction
38348,Brooklyn,2024-12-07,2024,12,7,31164,POINT (998598.4384119379 190892.04546777921),MARCY AVENUE,Lafayette Avenue,Kosciuszko Street,1272.0,2671.0,2667.0,6610.0,1,one_direction
38348,Brooklyn,2024-12-08,2024,12,8,31164,POINT (998598.4384119379 190892.04546777921),MARCY AVENUE,Lafayette Avenue,Kosciuszko Street,1139.0,2577.0,1691.0,5407.0,1,one_direction
38348,Brooklyn,2024-12-09,2024,12,9,31164,POINT (998598.4384119379 190892.04546777921),MARCY AVENUE,Lafayette Avenue,Kosciuszko Street,2242.0,2598.0,1940.0,6780.0,1,one_direction
38348,Brooklyn,2024-12-10,2024,12,10,31164,POINT (998598.4384119379 190892.04546777921),MARCY AVENUE,Lafayette Avenue,Kosciuszko Street,2333.0,2800.0,2078.0,7211.0,1,one_direction
38348,Brooklyn,2024-12-11,2024,12,11,31164,POINT (998598.4384119379 190892.04546777921),MARCY AVENUE,Lafayette Avenue,Kosciuszko Street,2338.0,2803.0,2020.0,7161.0,1,one_direction
38417,Manhattan,2024-01-06,2024,1,6,73023,POINT (1008740.073465875 256746.7455227563),9 AVENUE,West 219 Street,West 220 Street,602.0,695.0,248.0,1545.0,1,one_direction
38417,Manhattan,2024-01-07,2024,1,7,73023,POINT (1008740.073465875 256746.7455227563),9 AVENUE,West 219 Street,West 220 Street,725.0,826.0,279.0,1830.0,1,one_direction
38417,Manhattan,2024-01-08,2024,1,8,73023,POINT (1008740.073465875 256746.7455227563),9 AVENUE,West 219 Street,West 220 Street,744.0,775.0,272.0,1791.0,1,one_direction
38417,Manhattan,2024-01-09,2024,1,9,73023,POINT (1008740.073465875 256746.7455227563),9 AVENUE,West 219 Street,West 220 Street,733.0,823.0,250.0,1806.0,1,one_direction
38417,Manhattan,2024-01-10,2024,1,10,73023,POINT (1008740.073465875 256746.7455227563),9 AVENUE,West 219 Street,West 220 Street,667.0,843.0,305.0,1815.0,1,one_direction
38417,Manhattan,2024-01-11,2024,1,11,73023,POINT (1008740.073465875 256746.7455227563),9 AVENUE,West 219 Street,West 220 Street,179.0,360.0,167.0,706.0,1,one_direction
38417,Manhattan,2024-01-12,2024,1,12,73023,POINT (1008740.073465875 256746.7455227563),9 AVENUE,West 219 Street,West 220 Street,258.0,388.0,193.0,839.0,1,one_direction
38417,Manhattan,2025-01-06,2025,1,6,73021,POINT (1008609.6594247529 256511.52191156909),9 AVENUE,West 218 Street,West 219 Street,470.0,533.0,190.0,1193.0,1,one_direction
38417,Manhattan,2025-01-06,2025,1,6,73023,POINT (1008740.073465875 256746.7455227563),9 AVENUE,West 219 Street,West 220 Street,132.0,329.0,131.0,592.0,1,one_direction
38417,Manhattan,2025-01-06,2025,1,6,270732,POINT (1008459.9025107967 256754.97560910846),WEST 219 STREET,9 Avenue,Broadway,160.0,218.0,73.0,451.0,1,one_direction
38417,Manhattan,2025-01-06,2025,1,6,270737,POINT (1008596.5182406532 256975.83816137625),WEST 220 STREET,Broadway,9 Avenue,669.0,682.0,207.0,1558.0,1,one_direction
38417,Manhattan,2025-01-07,2025,1,7,73021,POINT (1008609.6594247529 256511.52191156909),9 AVENUE,West 218 Street,West 219 Street,566.0,637.0,219.0,1422.0,1,one_direction
38417,Manhattan,2025-01-07,2025,1,7,73023,POINT (1008740.073465875 256746.7455227563),9 AVENUE,West 219 Street,West 220 Street,163.0,375.0,133.0,671.0,1,one_direction
38417,Manhattan,2025-01-07,2025,1,7,270732,POINT (1008459.9025107967 256754.97560910846),WEST 219 STREET,9 Avenue,Broadway,201.0,236.0,76.0,513.0,1,one_direction
38417,Manhattan,2025-01-07,2025,1,7,270737,POINT (1008596.5182406532 256975.83816137625),WEST 220 STREET,Broadway,9 Avenue,787.0,728.0,251.0,1766.0,1,one_direction
38417,Manhattan,2025-01-08,2025,1,8,73021,POINT (1008609.6594247529 256511.52191156909),9 AVENUE,West 218 Street,West 219 Street,548.0,616.0,204.0,1368.0,1,one_direction
38417,Manhattan,2025-01-08,2025,1,8,73023,POINT (1008740.073465875 256746.7455227563),9 AVENUE,West 219 Street,West 220 Street,176.0,385.0,148.0,709.0,1,one_direction
38417,Manhattan,2025-01-08,2025,1,8,270732,POINT (1008459.9025107967 256754.97560910846),WEST 219 STREET,9 Avenue,Broadway,224.0,196.0,80.0,500.0,1,one_direction
38417,Manhattan,2025-01-08,2025,1,8,270737,POINT (1008596.5182406532 256975.83816137625),WEST 220 STREET,Broadway,9 Avenue,806.0,686.0,238.0,1730.0,1,one_direction
38417,Manhattan,2025-01-09,2025,1,9,73021,POINT (1008609.6594247529 256511.52191156909),9 AVENUE,West 218 Street,West 219 Street,593.0,637.0,205.0,1435.0,1,one_direction
38417,Manhattan,2025-01-09,2025,1,9,73023,POINT (1008740.073465875 256746.7455227563),9 AVENUE,West 219 Street,West 220 Street,192.0,376.0,145.0,713.0,1,one_direction
38417,Manhattan,2025-01-09,2025,1,9,270732,POINT (1008459.9025107967 256754.97560910846),WEST 219 STREET,9 Avenue,Broadway,171.0,225.0,50.0,446.0,1,one_direction
38417,Manhattan,2025-01-09,2025,1,9,270737,POINT (1008596.5182406532 256975.83816137625),WEST 220 STREET,Broadway,9 Avenue,780.0,740.0,222.0,1742.0,1,one_direction
38417,Manhattan,2025-01-10,2025,1,10,73021,POINT (1008609.6594247529 256511.52191156909),9 AVENUE,West 218 Street,West 219 Street,531.0,653.0,239.0,1423.0,1,one_direction
38417,Manhattan,2025-01-10,2025,1,10,73023,POINT (1008740.073465875 256746.7455227563),9 AVENUE,West 219 Street,West 220 Street,152.0,389.0,137.0,678.0,1,one_direction
38417,Manhattan,2025-01-10,2025,1,10,270732,POINT (1008459.9025107967 256754.97560910846),WEST 219 STREET,9 Avenue,Broadway,172.0,243.0,72.0,487.0,1,one_direction
38417,Manhattan,2025-01-10,2025,1,10,270737,POINT (1008596.5182406532 256975.83816137625),WEST 220 STREET,Broadway,9 Avenue,741.0,795.0,247.0,1783.0,1,one_direction
38417,Manhattan,2025-01-11,2025,1,11,73021,POINT (1008609.6594247529 256511.52191156909),9 AVENUE,West 218 Street,West 219 Street,157.0,303.0,143.0,603.0,1,one_direction
38417,Manhattan,2025-01-11,2025,1,11,73023,POINT (1008740.073465875 256746.7455227563),9 AVENUE,West 219 Street,West 220 Street,126.0,186.0,84.0,396.0,1,one_direction
38417,Manhattan,2025-01-12,2025,1,12,73021,POINT (1008609.6594247529 256511.52191156909),9 AVENUE,West 218 Street,West 219 Street,199.0,300.0,144.0,643.0,1,one_direction
38417,Manhattan,2025-01-12,2025,1,12,73023,POINT (1008740.073465875 256746.7455227563),9 AVENUE,West 219 Street,West 220 Street,56.0,118.0,55.0,229.0,1,one_direction
38425,Brooklyn,2025-01-26,2025,1,26,17602,POINT (977084.620379861 171995.77821241049),WAKEMAN PLACE,Ridge Boulevard,3 Avenue,304.0,554.0,319.0,1177.0,1,one_direction
38425,Brooklyn,2025-01-26,2025,1,26,161212,POINT (977520.5275286076 172348.86619967854),65 STREET,Belt Parkway,3 Avenue,484.0,1212.0,600.0,2296.0,1,one_direction
38425,Brooklyn,2025-01-27,2025,1,27,17602,POINT (977084.620379861 171995.77821241049),WAKEMAN PLACE,Ridge Boulevard,3 Avenue,741.0,660.0,321.0,1722.0,1,one_direction
38425,Brooklyn,2025-01-27,2025,1,27,161212,POINT (977520.5275286076 172348.86619967854),65 STREET,Belt Parkway,3 Avenue,1179.0,1667.0,808.0,3654.0,1,one_direction
38425,Brooklyn,2025-01-28,2025,1,28,17602,POINT (977084.620379861 171995.77821241049),WAKEMAN PLACE,Ridge Boulevard,3 Avenue,708.0,632.0,351.0,1691.0,1,one_direction
38425,Brooklyn,2025-01-28,2025,1,28,161212,POINT (977520.5275286076 172348.86619967854),65 STREET,Belt Parkway,3 Avenue,1186.0,1810.0,773.0,3769.0,1,one_direction
38425,Brooklyn,2025-01-29,2025,1,29,17602,POINT (977084.620379861 171995.77821241049),WAKEMAN PLACE,Ridge Boulevard,3 Avenue,662.0,614.0,379.0,1655.0,1,one_direction
38425,Brooklyn,2025-01-29,2025,1,29,161212,POINT (977520.5275286076 172348.86619967854),65 STREET,Belt Parkway,3 Avenue,1114.0,1650.0,806.0,3570.0,1,one_direction
38425,Brooklyn,2025-01-30,2025,1,30,17602,POINT (977084.620379861 171995.77821241049),WAKEMAN PLACE,Ridge Boulevard,3 Avenue,632.0,649.0,405.0,1686.0,1,one_direction
38425,Brooklyn,2025-01-30,2025,1,30,161212,POINT (977520.5275286076 172348.86619967854),65 STREET,Belt Parkway,3 Avenue,1155.0,1666.0,786.0,3607.0,1,one_direction
38425,Brooklyn,2025-01-31,2025,1,31,17602,POINT (977084.620379861 171995.77821241049),WAKEMAN PLACE,Ridge Boulevard,3 Avenue,645.0,683.0,442.0,1770.0,1,one_direction
38425,Brooklyn,2025-01-31,2025,1,31,161212,POINT (977520.5275286076 172348.86619967854),65 STREET,Belt Parkway,3 Avenue,1199.0,1584.0,826.0,3609.0,1,one_direction
38425,Brooklyn,2025-02-01,2025,2,1,17602,POINT (977084.620379861 171995.77821241049),WAKEMAN PLACE,Ridge Boulevard,3 Avenue,410.0,681.0,458.0,1549.0,1,one_direction
38425,Brooklyn,2025-02-01,2025,2,1,161212,POINT (977520.5275286076 172348.86619967854),65 STREET,Belt Parkway,3 Avenue,742.0,1253.0,746.0,2741.0,1,one_direction
38493,Queens,2024-03-25,2024,3,25,76594,POINT (1018501.3159400438 212758.03238534),37 AVENUE,90 Street,91 Street,1658.0,2374.0,1578.0,5610.0,2,two_directions
38493,Queens,2024-03-26,2024,3,26,76594,POINT (1018501.3159400438 212758.03238534),37 AVENUE,90 Street,91 Street,1597.0,2416.0,1607.0,5620.0,2,two_directions
38493,Queens,2024-03-27,2024,3,27,76594,POINT (1018501.3159400438 212758.03238534),37 AVENUE,90 Street,91 Street,1590.0,2452.0,1537.0,5579.0,2,two_directions
38493,Queens,2024-03-28,2024,3,28,76594,POINT (1018501.3159400438 212758.03238534),37 AVENUE,90 Street,91 Street,1716.0,2363.0,1847.0,5926.0,2,two_directions
38493,Queens,2024-03-29,2024,3,29,76594,POINT (1018501.3159400438 212758.03238534),37 AVENUE,90 Street,91 Street,1680.0,2576.0,1900.0,6156.0,2,two_directions
38493,Queens,2024-03-30,2024,3,30,76594,POINT (1018501.3159400438 212758.03238534),37 AVENUE,90 Street,91 Street,1157.0,2268.0,1499.0,4924.0,2,two_directions
38493,Queens,2024-03-31,2024,3,31,76594,POINT (1018501.3159400438 212758.03238534),37 AVENUE,90 Street,91 Street,1486.0,2441.0,1620.0,5547.0,2,two_directions
38493,Queens,2025-03-25,2025,3,25,83071,POINT (1020295.2148171592 212224.3151571338),ROOSEVELT AVENUE,Flushing Line,Flushing Line,3106.0,3990.0,3044.0,10140.0,2,two_directions
38493,Queens,2025-03-26,2025,3,26,83071,POINT (1020295.2148171592 212224.3151571338),ROOSEVELT AVENUE,Flushing Line,Flushing Line,3089.0,4060.0,3135.0,10284.0,2,two_directions
38493,Queens,2025-03-27,2025,3,27,83071,POINT (1020295.2148171592 212224.3151571338),ROOSEVELT AVENUE,Flushing Line,Flushing Line,3121.0,4111.0,3254.0,10486.0,2,two_directions
38493,Queens,2025-03-28,2025,3,28,83071,POINT (1020295.2148171592 212224.3151571338),ROOSEVELT AVENUE,Flushing Line,Flushing Line,2752.0,3647.0,2838.0,9237.0,2,two_directions
38493,Queens,2025-03-29,2025,3,29,83071,POINT (1020295.2148171592 212224.3151571338),ROOSEVELT AVENUE,Flushing Line,Flushing Line,2892.0,3939.0,3553.0,10384.0,2,two_directions
38493,Queens,2025-03-30,2025,3,30,83071,POINT (1020295.2148171592 212224.3151571338),ROOSEVELT AVENUE,Flushing Line,Flushing Line,2638.0,3882.0,3146.0,9666.0,2,two_directions
38493,Queens,2025-03-31,2025,3,31,83071,POINT (1020295.2148171592 212224.3151571338),ROOSEVELT AVENUE,Flushing Line,Flushing Line,2658.0,3646.0,2938.0,9242.0,2,two_directions
38500,Brooklyn,2025-01-11,2025,1,11,157973,POINT (1023480.1180851816 183459.87414189088),CONNECTOR,Linden Boulevard,Linden Boulevard,71.0,168.0,114.0,353.0,1,one_direction
38500,Brooklyn,2025-01-11,2025,1,11,157990,POINT (1020983.1374796778 182925.44555066526),CONNECTOR,Linden Boulevard,Linden Boulevard,33.0,99.0,64.0,196.0,1,one_direction
38500,Brooklyn,2025-01-12,2025,1,12,157973,POINT (1023480.1180851816 183459.87414189088),CONNECTOR,Linden Boulevard,Linden Boulevard,57.0,166.0,86.0,309.0,1,one_direction
38500,Brooklyn,2025-01-12,2025,1,12,157990,POINT (1020983.1374796778 182925.44555066526),CONNECTOR,Linden Boulevard,Linden Boulevard,49.0,84.0,38.0,171.0,1,one_direction
38500,Brooklyn,2025-01-13,2025,1,13,157973,POINT (1023480.1180851816 183459.87414189088),CONNECTOR,Linden Boulevard,Linden Boulevard,153.0,181.0,122.0,456.0,1,one_direction
38500,Brooklyn,2025-01-13,2025,1,13,157990,POINT (1020983.1374796778 182925.44555066526),CONNECTOR,Linden Boulevard,Linden Boulevard,62.0,106.0,36.0,204.0,1,one_direction
38500,Brooklyn,2025-01-14,2025,1,14,157973,POINT (1023480.1180851816 183459.87414189088),CONNECTOR,Linden Boulevard,Linden Boulevard,145.0,239.0,109.0,493.0,1,one_direction
38500,Brooklyn,2025-01-14,2025,1,14,157990,POINT (1020983.1374796778 182925.44555066526),CONNECTOR,Linden Boulevard,Linden Boulevard,63.0,135.0,49.0,247.0,1,one_direction
38500,Brooklyn,2025-01-15,2025,1,15,157973,POINT (1023480.1180851816 183459.87414189088),CONNECTOR,Linden Boulevard,Linden Boulevard,122.0,218.0,103.0,443.0,1,one_direction
38500,Brooklyn,2025-01-15,2025,1,15,157990,POINT (1020983.1374796778 182925.44555066526),CONNECTOR,Linden Boulevard,Linden Boulevard,65.0,138.0,41.0,244.0,1,one_direction
38500,Brooklyn,2025-01-16,2025,1,16,157973,POINT (1023480.1180851816 183459.87414189088),CONNECTOR,Linden Boulevard,Linden Boulevard,173.0,260.0,112.0,545.0,1,one_direction
38500,Brooklyn,2025-01-16,2025,1,16,157990,POINT (1020983.1374796778 182925.44555066526),CONNECTOR,Linden Boulevard,Linden Boulevard,68.0,130.0,61.0,259.0,1,one_direction
38500,Brooklyn,2025-01-17,2025,1,17,157973,POINT (1023480.1180851816 183459.87414189088),CONNECTOR,Linden Boulevard,Linden Boulevard,158.0,247.0,133.0,538.0,1,one_direction
38500,Brooklyn,2025-01-17,2025,1,17,157990,POINT (1020983.1374796778 182925.44555066526),CONNECTOR,Linden Boulevard,Linden Boulevard,72.0,158.0,63.0,293.0,1,one_direction
38500,Brooklyn,2025-01-18,2025,1,18,157973,POINT (1023480.1180851816 183459.87414189088),CONNECTOR,Linden Boulevard,Linden Boulevard,71.0,148.0,117.0,336.0,1,one_direction
38500,Brooklyn,2025-01-18,2025,1,18,157990,POINT (1020983.1374796778 182925.44555066526),CONNECTOR,Linden Boulevard,Linden Boulevard,46.0,78.0,45.0,169.0,1,one_direction
38500,Brooklyn,2025-01-19,2025,1,19,157973,POINT (1023480.1180851816 183459.87414189088),CONNECTOR,Linden Boulevard,Linden Boulevard,79.0,160.0,21.0,260.0,1,one_direction
38500,Brooklyn,2025-01-19,2025,1,19,157990,POINT (1020983.1374796778 182925.44555066526),CONNECTOR,Linden Boulevard,Linden Boulevard,46.0,88.0,46.0,180.0,1,one_direction
38502,Brooklyn,2025-02-22,2025,2,22,21408,POINT (988984.672282841 178251.43124926547),20 STREET,Prospect Park West,10 Avenue,1711.0,2600.0,1638.0,5949.0,1,one_direction
38502,Brooklyn,2025-02-22,2025,2,22,21490,POINT (989919.5334549292 173711.26994357744),MC DONALD AVENUE,Albemarle Road,Church Avenue,1230.0,2012.0,1294.0,4536.0,2,two_directions
38502,Brooklyn,2025-02-22,2025,2,22,21495,POINT (989562.7037679207 175081.9031370157),CATON AVENUE,Dahill Road,Mc Donald Avenue,2358.0,3470.0,2780.0,8608.0,1,one_direction
38502,Brooklyn,2025-02-23,2025,2,23,21408,POINT (988984.672282841 178251.43124926547),20 STREET,Prospect Park West,10 Avenue,1522.0,2442.0,1465.0,5429.0,1,one_direction
38502,Brooklyn,2025-02-23,2025,2,23,21490,POINT (989919.5334549292 173711.26994357744),MC DONALD AVENUE,Albemarle Road,Church Avenue,1094.0,2082.0,1420.0,4596.0,2,two_directions
38502,Brooklyn,2025-02-23,2025,2,23,21495,POINT (989562.7037679207 175081.9031370157),CATON AVENUE,Dahill Road,Mc Donald Avenue,2585.0,4419.0,2716.0,9720.0,1,one_direction
38502,Brooklyn,2025-02-24,2025,2,24,21408,POINT (988984.672282841 178251.43124926547),20 STREET,Prospect Park West,10 Avenue,2097.0,2194.0,1190.0,5481.0,1,one_direction
38502,Brooklyn,2025-02-24,2025,2,24,21490,POINT (989919.5334549292 173711.26994357744),MC DONALD AVENUE,Albemarle Road,Church Avenue,2338.0,3028.0,1724.0,7090.0,2,two_directions
38502,Brooklyn,2025-02-24,2025,2,24,21495,POINT (989562.7037679207 175081.9031370157),CATON AVENUE,Dahill Road,Mc Donald Avenue,4019.0,4910.0,2866.0,11795.0,1,one_direction
38502,Brooklyn,2025-02-25,2025,2,25,21408,POINT (988984.672282841 178251.43124926547),20 STREET,Prospect Park West,10 Avenue,2231.0,2214.0,1433.0,5878.0,1,one_direction
38502,Brooklyn,2025-02-25,2025,2,25,21490,POINT (989919.5334549292 173711.26994357744),MC DONALD AVENUE,Albemarle Road,Church Avenue,2404.0,3028.0,1661.0,7093.0,2,two_directions
38502,Brooklyn,2025-02-25,2025,2,25,21495,POINT (989562.7037679207 175081.9031370157),CATON AVENUE,Dahill Road,Mc Donald Avenue,4148.0,4887.0,2919.0,11954.0,1,one_direction
38502,Brooklyn,2025-02-26,2025,2,26,21408,POINT (988984.672282841 178251.43124926547),20 STREET,Prospect Park West,10 Avenue,2177.0,2243.0,1436.0,5856.0,1,one_direction
38502,Brooklyn,2025-02-26,2025,2,26,21490,POINT (989919.5334549292 173711.26994357744),MC DONALD AVENUE,Albemarle Road,Church Avenue,2411.0,3055.0,1782.0,7248.0,2,two_directions
38502,Brooklyn,2025-02-26,2025,2,26,21495,POINT (989562.7037679207 175081.9031370157),CATON AVENUE,Dahill Road,Mc Donald Avenue,4471.0,4977.0,3035.0,12483.0,1,one_direction
38502,Brooklyn,2025-02-27,2025,2,27,21408,POINT (988984.672282841 178251.43124926547),20 STREET,Prospect Park West,10 Avenue,2208.0,2277.0,1516.0,6001.0,1,one_direction
38502,Brooklyn,2025-02-27,2025,2,27,21490,POINT (989919.5334549292 173711.26994357744),MC DONALD AVENUE,Albemarle Road,Church Avenue,2466.0,3098.0,1701.0,7265.0,2,two_directions
38502,Brooklyn,2025-02-27,2025,2,27,21495,POINT (989562.7037679207 175081.9031370157),CATON AVENUE,Dahill Road,Mc Donald Avenue,4168.0,4860.0,3265.0,12293.0,1,one_direction
38502,Brooklyn,2025-02-28,2025,2,28,21408,POINT (988984.672282841 178251.43124926547),20 STREET,Prospect Park West,10 Avenue,2195.0,2380.0,1658.0,6233.0,1,one_direction
38502,Brooklyn,2025-02-28,2025,2,28,21490,POINT (989919.5334549292 173711.26994357744),MC DONALD AVENUE,Albemarle Road,Church Avenue,2294.0,3054.0,1725.0,7073.0,2,two_directions
38502,Brooklyn,2025-02-28,2025,2,28,21495,POINT (989562.7037679207 175081.9031370157),CATON AVENUE,Dahill Road,Mc Donald Avenue,4008.0,5040.0,2490.0,11538.0,1,one_direction
38502,Brooklyn,2025-03-01,2025,3,1,21408,POINT (988984.672282841 178251.43124926547),20 STREET,Prospect Park West,10 Avenue,1750.0,2455.0,1533.0,5738.0,1,one_direction
38502,Brooklyn,2025-03-01,2025,3,1,21490,POINT (989919.5334549292 173711.26994357744),MC DONALD AVENUE,Albemarle Road,Church Avenue,1121.0,2106.0,1341.0,4568.0,2,two_directions
38502,Brooklyn,2025-03-01,2025,3,1,21495,POINT (989562.7037679207 175081.9031370157),CATON AVENUE,Dahill Road,Mc Donald Avenue,2611.0,3628.0,2747.0,8986.0,1,one_direction
38502,Brooklyn,2025-03-02,2025,3,2,21408,POINT (988984.672282841 178251.43124926547),20 STREET,Prospect Park West,10 Avenue,1526.0,2388.0,1509.0,5423.0,1,one_direction
38502,Brooklyn,2025-03-02,2025,3,2,21490,POINT (989919.5334549292 173711.26994357744),MC DONALD AVENUE,Albemarle Road,Church Avenue,1051.0,2140.0,1429.0,4620.0,2,two_directions
38502,Brooklyn,2025-03-02,2025,3,2,21495,POINT (989562.7037679207 175081.9031370157),CATON AVENUE,Dahill Road,Mc Donald Avenue,2640.0,4552.0,2865.0,10057.0,1,one_direction
38502,Brooklyn,2025-03-03,2025,3,3,21408,POINT (988984.672282841 178251.43124926547),20 STREET,Prospect Park West,10 Avenue,2040.0,2143.0,1224.0,5407.0,1,one_direction
38502,Brooklyn,2025-03-03,2025,3,3,21490,POINT (989919.5334549292 173711.26994357744),MC DONALD AVENUE,Albemarle Road,Church Avenue,2302.0,3051.0,1763.0,7116.0,2,two_directions
38502,Brooklyn,2025-03-03,2025,3,3,21495,POINT (989562.7037679207 175081.9031370157),CATON AVENUE,Dahill Road,Mc Donald Avenue,4028.0,5024.0,3051.0,12103.0,1,one_direction
38514,Brooklyn,2025-04-05,2025,4,5,35645,POINT (999689.8767961446 203197.47677702678),RUSSELL STREET,Driggs Avenue,Nassau Avenue,422.0,948.0,727.0,2097.0,1,one_direction
38514,Brooklyn,2025-04-05,2025,4,5,65872,POINT (1000296.4557374128 202541.31182259825),MONITOR STREET,Engert Avenue,Driggs Avenue,324.0,696.0,455.0,1475.0,1,one_direction
38514,Brooklyn,2025-04-05,2025,4,5,165324,POINT (999040.844063813 202625.11259718766),DRIGGS AVENUE,Newel Street,Mc Guinness Blvd South,1152.0,1687.0,1475.0,4314.0,1,one_direction
38514,Brooklyn,2025-04-06,2025,4,6,35645,POINT (999689.8767961446 203197.47677702678),RUSSELL STREET,Driggs Avenue,Nassau Avenue,288.0,782.0,506.0,1576.0,1,one_direction
38514,Brooklyn,2025-04-06,2025,4,6,65872,POINT (1000296.4557374128 202541.31182259825),MONITOR STREET,Engert Avenue,Driggs Avenue,197.0,446.0,339.0,982.0,1,one_direction
38514,Brooklyn,2025-04-06,2025,4,6,165324,POINT (999040.844063813 202625.11259718766),DRIGGS AVENUE,Newel Street,Mc Guinness Blvd South,939.0,1651.0,1202.0,3792.0,1,one_direction
38514,Brooklyn,2025-04-07,2025,4,7,35645,POINT (999689.8767961446 203197.47677702678),RUSSELL STREET,Driggs Avenue,Nassau Avenue,922.0,997.0,477.0,2396.0,1,one_direction
38514,Brooklyn,2025-04-07,2025,4,7,65872,POINT (1000296.4557374128 202541.31182259825),MONITOR STREET,Engert Avenue,Driggs Avenue,503.0,832.0,418.0,1753.0,1,one_direction
38514,Brooklyn,2025-04-07,2025,4,7,165324,POINT (999040.844063813 202625.11259718766),DRIGGS AVENUE,Newel Street,Mc Guinness Blvd South,1167.0,1596.0,927.0,3690.0,1,one_direction
38514,Brooklyn,2025-04-08,2025,4,8,35645,POINT (999689.8767961446 203197.47677702678),RUSSELL STREET,Driggs Avenue,Nassau Avenue,956.0,1011.0,425.0,2392.0,1,one_direction
38514,Brooklyn,2025-04-08,2025,4,8,65872,POINT (1000296.4557374128 202541.31182259825),MONITOR STREET,Engert Avenue,Driggs Avenue,547.0,914.0,435.0,1896.0,1,one_direction
38514,Brooklyn,2025-04-08,2025,4,8,165324,POINT (999040.844063813 202625.11259718766),DRIGGS AVENUE,Newel Street,Mc Guinness Blvd South,1337.0,1709.0,1011.0,4057.0,1,one_direction
38514,Brooklyn,2025-04-09,2025,4,9,35645,POINT (999689.8767961446 203197.47677702678),RUSSELL STREET,Driggs Avenue,Nassau Avenue,807.0,1067.0,535.0,2409.0,1,one_direction
38514,Brooklyn,2025-04-09,2025,4,9,65872,POINT (1000296.4557374128 202541.31182259825),MONITOR STREET,Engert Avenue,Driggs Avenue,515.0,868.0,475.0,1858.0,1,one_direction
38514,Brooklyn,2025-04-09,2025,4,9,165324,POINT (999040.844063813 202625.11259718766),DRIGGS AVENUE,Newel Street,Mc Guinness Blvd South,1246.0,1520.0,1074.0,3840.0,1,one_direction
38514,Brooklyn,2025-04-10,2025,4,10,35645,POINT (999689.8767961446 203197.47677702678),RUSSELL STREET,Driggs Avenue,Nassau Avenue,951.0,978.0,506.0,2435.0,1,one_direction
38514,Brooklyn,2025-04-10,2025,4,10,65872,POINT (1000296.4557374128 202541.31182259825),MONITOR STREET,Engert Avenue,Driggs Avenue,476.0,889.0,536.0,1901.0,1,one_direction
38514,Brooklyn,2025-04-10,2025,4,10,165324,POINT (999040.844063813 202625.11259718766),DRIGGS AVENUE,Newel Street,Mc Guinness Blvd South,1275.0,1543.0,1102.0,3920.0,1,one_direction
38514,Brooklyn,2025-04-11,2025,4,11,35645,POINT (999689.8767961446 203197.47677702678),RUSSELL STREET,Driggs Avenue,Nassau Avenue,934.0,1091.0,593.0,2618.0,1,one_direction
38514,Brooklyn,2025-04-11,2025,4,11,65872,POINT (1000296.4557374128 202541.31182259825),MONITOR STREET,Engert Avenue,Driggs Avenue,471.0,888.0,623.0,1982.0,1,one_direction
38514,Brooklyn,2025-04-11,2025,4,11,165324,POINT (999040.844063813 202625.11259718766),DRIGGS AVENUE,Newel Street,Mc Guinness Blvd South,1135.0,1553.0,1479.0,4167.0,1,one_direction
38517,Brooklyn,2025-03-18,2025,3,18,35158,POINT (996780.4138559112 206476.61085896826),MANHATTAN AVENUE,Crosstown Line,Crosstown Line,923.0,1103.0,885.0,2911.0,1,one_direction
38517,Brooklyn,2025-03-18,2025,3,18,35516,POINT (998307.082368942 205618.3016048012),PROVOST STREET,Greenpoint Avenue,Kent Street,1278.0,1802.0,999.0,4079.0,1,one_direction
38517,Brooklyn,2025-03-18,2025,3,18,35517,POINT (998393.2674714053 205495.43086684274),GREENPOINT AVENUE,Provost Street,Jewel Street,2065.0,3441.0,2179.0,7685.0,1,one_direction
38522,Queens,2025-01-30,2025,1,30,107410,POINT (1031108.5590729984 204126.0350155324),PARK DRIVE EAST,Jewel Avenue,Dead end,2812.0,4421.0,2709.0,9942.0,2,two_directions
38522,Queens,2025-01-31,2025,1,31,107410,POINT (1031108.5590729984 204126.0350155324),PARK DRIVE EAST,Jewel Avenue,Dead end,2738.0,4167.0,1609.0,8514.0,2,two_directions
38522,Queens,2025-02-01,2025,2,1,107410,POINT (1031108.5590729984 204126.0350155324),PARK DRIVE EAST,Jewel Avenue,Dead end,1637.0,2782.0,2408.0,6827.0,2,two_directions
38522,Queens,2025-02-02,2025,2,2,82603,POINT (1027930.4113672733 203776.3862342291),69 AVENUE,110 Street,112 Street,323.0,529.0,238.0,1090.0,1,one_direction
38522,Queens,2025-02-02,2025,2,2,82607,POINT (1028076.2891427515 203554.0545670654),69 ROAD,112 Street,110 Street,2493.0,4406.0,2568.0,9467.0,1,one_direction
38522,Queens,2025-02-02,2025,2,2,107410,POINT (1031108.5590729984 204126.0350155324),PARK DRIVE EAST,Jewel Avenue,Dead end,1839.0,3563.0,2069.0,7471.0,2,two_directions
38522,Queens,2025-02-03,2025,2,3,82603,POINT (1027930.4113672733 203776.3862342291),69 AVENUE,110 Street,112 Street,530.0,525.0,308.0,1363.0,1,one_direction
38522,Queens,2025-02-03,2025,2,3,82607,POINT (1028076.2891427515 203554.0545670654),69 ROAD,112 Street,110 Street,4147.0,4332.0,2735.0,11214.0,1,one_direction
38522,Queens,2025-02-03,2025,2,3,107410,POINT (1031108.5590729984 204126.0350155324),PARK DRIVE EAST,Jewel Avenue,Dead end,2811.0,4208.0,2366.0,9385.0,2,two_directions
38522,Queens,2025-02-04,2025,2,4,82603,POINT (1027930.4113672733 203776.3862342291),69 AVENUE,110 Street,112 Street,515.0,540.0,295.0,1350.0,1,one_direction
38522,Queens,2025-02-04,2025,2,4,82607,POINT (1028076.2891427515 203554.0545670654),69 ROAD,112 Street,110 Street,4085.0,4509.0,2732.0,11326.0,1,one_direction
38522,Queens,2025-02-04,2025,2,4,107410,POINT (1031108.5590729984 204126.0350155324),PARK DRIVE EAST,Jewel Avenue,Dead end,3034.0,4467.0,2552.0,10053.0,2,two_directions
38522,Queens,2025-02-05,2025,2,5,82603,POINT (1027930.4113672733 203776.3862342291),69 AVENUE,110 Street,112 Street,474.0,595.0,352.0,1421.0,1,one_direction
38522,Queens,2025-02-05,2025,2,5,82607,POINT (1028076.2891427515 203554.0545670654),69 ROAD,112 Street,110 Street,3971.0,4420.0,3106.0,11497.0,1,one_direction
38522,Queens,2025-02-05,2025,2,5,107410,POINT (1031108.5590729984 204126.0350155324),PARK DRIVE EAST,Jewel Avenue,Dead end,3032.0,4634.0,2617.0,10283.0,2,two_directions
38522,Queens,2025-02-06,2025,2,6,82603,POINT (1027930.4113672733 203776.3862342291),69 AVENUE,110 Street,112 Street,437.0,481.0,313.0,1231.0,1,one_direction
38522,Queens,2025-02-06,2025,2,6,82607,POINT (1028076.2891427515 203554.0545670654),69 ROAD,112 Street,110 Street,3673.0,4348.0,2804.0,10825.0,1,one_direction
38522,Queens,2025-02-06,2025,2,6,107410,POINT (1031108.5590729984 204126.0350155324),PARK DRIVE EAST,Jewel Avenue,Dead end,2940.0,4378.0,2623.0,9941.0,2,two_directions
38522,Queens,2025-02-07,2025,2,7,82603,POINT (1027930.4113672733 203776.3862342291),69 AVENUE,110 Street,112 Street,543.0,484.0,187.0,1214.0,1,one_direction
38522,Queens,2025-02-07,2025,2,7,82607,POINT (1028076.2891427515 203554.0545670654),69 ROAD,112 Street,110 Street,3951.0,4784.0,2868.0,11603.0,1,one_direction
38522,Queens,2025-02-07,2025,2,7,107410,POINT (1031108.5590729984 204126.0350155324),PARK DRIVE EAST,Jewel Avenue,Dead end,2942.0,4703.0,1727.0,9372.0,2,two_directions
38522,Queens,2025-02-08,2025,2,8,82603,POINT (1027930.4113672733 203776.3862342291),69 AVENUE,110 Street,112 Street,226.0,361.0,249.0,836.0,1,one_direction
38522,Queens,2025-02-08,2025,2,8,82607,POINT (1028076.2891427515 203554.0545670654),69 ROAD,112 Street,110 Street,2490.0,3917.0,2599.0,9006.0,1,one_direction
38522,Queens,2025-02-08,2025,2,8,107410,POINT (1031108.5590729984 204126.0350155324),PARK DRIVE EAST,Jewel Avenue,Dead end,1605.0,2546.0,2113.0,6264.0,2,two_directions
38522,Queens,2025-02-09,2025,2,9,82603,POINT (1027930.4113672733 203776.3862342291),69 AVENUE,110 Street,112 Street,351.0,528.0,305.0,1184.0,1,one_direction
38522,Queens,2025-02-09,2025,2,9,82607,POINT (1028076.2891427515 203554.0545670654),69 ROAD,112 Street,110 Street,2449.0,4447.0,2579.0,9475.0,1,one_direction
38522,Queens,2025-02-09,2025,2,9,107410,POINT (1031108.5590729984 204126.0350155324),PARK DRIVE EAST,Jewel Avenue,Dead end,1713.0,3058.0,1731.0,6502.0,2,two_directions
38522,Queens,2025-02-10,2025,2,10,82603,POINT (1027930.4113672733 203776.3862342291),69 AVENUE,110 Street,112 Street,482.0,519.0,281.0,1282.0,1,one_direction
38522,Queens,2025-02-10,2025,2,10,82607,POINT (1028076.2891427515 203554.0545670654),69 ROAD,112 Street,110 Street,4224.0,4298.0,2712.0,11234.0,1,one_direction
38522,Queens,2025-02-10,2025,2,10,107410,POINT (1031108.5590729984 204126.0350155324),PARK DRIVE EAST,Jewel Avenue,Dead end,2788.0,4285.0,2608.0,9681.0,2,two_directions
38522,Queens,2025-02-11,2025,2,11,82603,POINT (1027930.4113672733 203776.3862342291),69 AVENUE,110 Street,112 Street,448.0,489.0,292.0,1229.0,1,one_direction
38522,Queens,2025-02-11,2025,2,11,82607,POINT (1028076.2891427515 203554.0545670654),69 ROAD,112 Street,110 Street,3663.0,4229.0,2892.0,10784.0,1,one_direction
38522,Queens,2025-02-11,2025,2,11,107410,POINT (1031108.5590729984 204126.0350155324),PARK DRIVE EAST,Jewel Avenue,Dead end,2798.0,4461.0,2422.0,9681.0,2,two_directions
38522,Queens,2025-02-12,2025,2,12,82603,POINT (1027930.4113672733 203776.3862342291),69 AVENUE,110 Street,112 Street,512.0,570.0,276.0,1358.0,1,one_direction
38522,Queens,2025-02-12,2025,2,12,82607,POINT (1028076.2891427515 203554.0545670654),69 ROAD,112 Street,110 Street,3973.0,4380.0,3064.0,11417.0,1,one_direction
38522,Queens,2025-02-12,2025,2,12,107410,POINT (1031108.5590729984 204126.0350155324),PARK DRIVE EAST,Jewel Avenue,Dead end,2968.0,4612.0,2591.0,10171.0,2,two_directions
38523,Queens,2025-03-19,2025,3,19,66748,POINT (1006749.5349708647 209848.93213122827),46 STREET,Queens Boulevard,Greenpoint Avenue,237.0,406.0,299.0,942.0,1,one_direction
38523,Queens,2025-03-20,2025,3,20,66748,POINT (1006749.5349708647 209848.93213122827),46 STREET,Queens Boulevard,Greenpoint Avenue,261.0,400.0,324.0,985.0,1,one_direction
38523,Queens,2025-03-21,2025,3,21,66748,POINT (1006749.5349708647 209848.93213122827),46 STREET,Queens Boulevard,Greenpoint Avenue,248.0,421.0,349.0,1018.0,1,one_direction
38523,Queens,2025-03-22,2025,3,22,66748,POINT (1006749.5349708647 209848.93213122827),46 STREET,Queens Boulevard,Greenpoint Avenue,243.0,469.0,366.0,1078.0,1,one_direction
38523,Queens,2025-03-23,2025,3,23,66748,POINT (1006749.5349708647 209848.93213122827),46 STREET,Queens Boulevard,Greenpoint Avenue,163.0,522.0,338.0,1023.0,1,one_direction
38523,Queens,2025-03-24,2025,3,24,66748,POINT (1006749.5349708647 209848.93213122827),46 STREET,Queens Boulevard,Greenpoint Avenue,251.0,411.0,304.0,966.0,1,one_direction
38537,Bronx,2025-03-29,2025,3,29,69574,POINT (1003832.6464727239 233694.95364752863),LINCOLN AVENUE,3 Avenue Bridge,East 134 Street,1350.0,2137.0,1756.0,5243.0,2,two_directions
38537,Bronx,2025-03-30,2025,3,30,69574,POINT (1003832.6464727239 233694.95364752863),LINCOLN AVENUE,3 Avenue Bridge,East 134 Street,875.0,1623.0,1243.0,3741.0,2,two_directions
38537,Bronx,2025-03-31,2025,3,31,69574,POINT (1003832.6464727239 233694.95364752863),LINCOLN AVENUE,3 Avenue Bridge,East 134 Street,1493.0,2046.0,1230.0,4769.0,2,two_directions
38537,Bronx,2025-04-01,2025,4,1,69574,POINT (1003832.6464727239 233694.95364752863),LINCOLN AVENUE,3 Avenue Bridge,East 134 Street,1585.0,1878.0,1274.0,4737.0,2,two_directions
38537,Bronx,2025-04-01,2025,4,1,69577,POINT (1003970.327760279 233754.5773365115),EAST 134 STREET,Lincoln Avenue,Alexander Avenue,223.0,304.0,194.0,721.0,1,one_direction
38537,Bronx,2025-04-01,2025,4,1,9004563,POINT (1004148.429465401 233973.42479517177),EAST 135 STREET,Dead end,Lincoln Avenue,4978.0,5388.0,5062.0,15428.0,1,one_direction
38537,Bronx,2025-04-02,2025,4,2,69574,POINT (1003832.6464727239 233694.95364752863),LINCOLN AVENUE,3 Avenue Bridge,East 134 Street,1634.0,2019.0,1400.0,5053.0,2,two_directions
38537,Bronx,2025-04-02,2025,4,2,69577,POINT (1003970.327760279 233754.5773365115),EAST 134 STREET,Lincoln Avenue,Alexander Avenue,245.0,282.0,151.0,678.0,1,one_direction
38537,Bronx,2025-04-02,2025,4,2,9004563,POINT (1004148.429465401 233973.42479517177),EAST 135 STREET,Dead end,Lincoln Avenue,4586.0,6127.0,5167.0,15880.0,1,one_direction
38537,Bronx,2025-04-03,2025,4,3,69574,POINT (1003832.6464727239 233694.95364752863),LINCOLN AVENUE,3 Avenue Bridge,East 134 Street,1633.0,1992.0,1449.0,5074.0,2,two_directions
38537,Bronx,2025-04-03,2025,4,3,69577,POINT (1003970.327760279 233754.5773365115),EAST 134 STREET,Lincoln Avenue,Alexander Avenue,224.0,289.0,259.0,772.0,1,one_direction
38537,Bronx,2025-04-03,2025,4,3,9004563,POINT (1004148.429465401 233973.42479517177),EAST 135 STREET,Dead end,Lincoln Avenue,4519.0,5767.0,5304.0,15590.0,1,one_direction
38537,Bronx,2025-04-04,2025,4,4,69574,POINT (1003832.6464727239 233694.95364752863),LINCOLN AVENUE,3 Avenue Bridge,East 134 Street,1727.0,2262.0,1987.0,5976.0,2,two_directions
38537,Bronx,2025-04-04,2025,4,4,69577,POINT (1003970.327760279 233754.5773365115),EAST 134 STREET,Lincoln Avenue,Alexander Avenue,276.0,371.0,312.0,959.0,1,one_direction
38537,Bronx,2025-04-04,2025,4,4,9004563,POINT (1004148.429465401 233973.42479517177),EAST 135 STREET,Dead end,Lincoln Avenue,4318.0,6104.0,5710.0,16132.0,1,one_direction
38537,Bronx,2025-04-05,2025,4,5,69577,POINT (1003970.327760279 233754.5773365115),EAST 134 STREET,Lincoln Avenue,Alexander Avenue,157.0,306.0,249.0,712.0,1,one_direction
38537,Bronx,2025-04-06,2025,4,6,69577,POINT (1003970.327760279 233754.5773365115),EAST 134 STREET,Lincoln Avenue,Alexander Avenue,101.0,316.0,239.0,656.0,1,one_direction
38537,Bronx,2025-04-07,2025,4,7,69577,POINT (1003970.327760279 233754.5773365115),EAST 134 STREET,Lincoln Avenue,Alexander Avenue,188.0,306.0,198.0,692.0,1,one_direction
38537,Bronx,2025-04-08,2025,4,8,69577,POINT (1003970.327760279 233754.5773365115),EAST 134 STREET,Lincoln Avenue,Alexander Avenue,259.0,292.0,248.0,799.0,1,one_direction
38537,Bronx,2025-04-09,2025,4,9,69577,POINT (1003970.327760279 233754.5773365115),EAST 134 STREET,Lincoln Avenue,Alexander Avenue,223.0,279.0,216.0,718.0,1,one_direction
38537,Bronx,2025-04-10,2025,4,10,69577,POINT (1003970.327760279 233754.5773365115),EAST 134 STREET,Lincoln Avenue,Alexander Avenue,215.0,279.0,238.0,732.0,1,one_direction
38537,Bronx,2025-04-11,2025,4,11,69577,POINT (1003970.327760279 233754.5773365115),EAST 134 STREET,Lincoln Avenue,Alexander Avenue,243.0,310.0,226.0,779.0,1,one_direction
38566,Manhattan,2025-03-04,2025,3,4,37427,POINT (993309.9143237601 228261.97927726564),COLUMBUS AVENUE,West 97 Street,West 96 Street,4306.0,5032.0,3847.0,13185.0,1,one_direction
38566,Manhattan,2025-03-04,2025,3,4,37714,POINT (997019.663343236 226226.84710368808),MADISON AVENUE,East 96 Street,East 97 Street,4750.0,6158.0,6165.0,17073.0,1,one_direction
38566,Manhattan,2025-03-04,2025,3,4,165958,POINT (991813.7708404302 228929.02555057857),WEST 96 STREET,Broadway,West End Avenue,4716.0,5697.0,4600.0,15013.0,2,two_directions
38566,Manhattan,2025-03-05,2025,3,5,37427,POINT (993309.9143237601 228261.97927726564),COLUMBUS AVENUE,West 97 Street,West 96 Street,3862.0,4549.0,3648.0,12059.0,1,one_direction
38566,Manhattan,2025-03-05,2025,3,5,37714,POINT (997019.663343236 226226.84710368808),MADISON AVENUE,East 96 Street,East 97 Street,4594.0,6060.0,5106.0,15760.0,1,one_direction
38566,Manhattan,2025-03-05,2025,3,5,165958,POINT (991813.7708404302 228929.02555057857),WEST 96 STREET,Broadway,West End Avenue,4757.0,5625.0,4484.0,14866.0,2,two_directions
38566,Manhattan,2025-03-06,2025,3,6,37427,POINT (993309.9143237601 228261.97927726564),COLUMBUS AVENUE,West 97 Street,West 96 Street,3833.0,4622.0,3688.0,12143.0,1,one_direction
38566,Manhattan,2025-03-06,2025,3,6,37714,POINT (997019.663343236 226226.84710368808),MADISON AVENUE,East 96 Street,East 97 Street,4589.0,5981.0,5148.0,15718.0,1,one_direction
38566,Manhattan,2025-03-06,2025,3,6,165958,POINT (991813.7708404302 228929.02555057857),WEST 96 STREET,Broadway,West End Avenue,4742.0,5650.0,4586.0,14978.0,2,two_directions
38566,Manhattan,2025-03-07,2025,3,7,37427,POINT (993309.9143237601 228261.97927726564),COLUMBUS AVENUE,West 97 Street,West 96 Street,3770.0,4822.0,3979.0,12571.0,1,one_direction
38566,Manhattan,2025-03-07,2025,3,7,37714,POINT (997019.663343236 226226.84710368808),MADISON AVENUE,East 96 Street,East 97 Street,4702.0,6492.0,5638.0,16832.0,1,one_direction
38566,Manhattan,2025-03-07,2025,3,7,165958,POINT (991813.7708404302 228929.02555057857),WEST 96 STREET,Broadway,West End Avenue,4686.0,5660.0,4856.0,15202.0,2,two_directions
38566,Manhattan,2025-03-08,2025,3,8,37427,POINT (993309.9143237601 228261.97927726564),COLUMBUS AVENUE,West 97 Street,West 96 Street,3394.0,5304.0,3825.0,12523.0,1,one_direction
38566,Manhattan,2025-03-08,2025,3,8,37714,POINT (997019.663343236 226226.84710368808),MADISON AVENUE,East 96 Street,East 97 Street,4018.0,6286.0,5057.0,15361.0,1,one_direction
38566,Manhattan,2025-03-08,2025,3,8,165958,POINT (991813.7708404302 228929.02555057857),WEST 96 STREET,Broadway,West End Avenue,3666.0,5910.0,5121.0,14697.0,2,two_directions
38566,Manhattan,2025-03-09,2025,3,9,37427,POINT (993309.9143237601 228261.97927726564),COLUMBUS AVENUE,West 97 Street,West 96 Street,2716.0,4119.0,2769.0,9604.0,1,one_direction
38566,Manhattan,2025-03-09,2025,3,9,37714,POINT (997019.663343236 226226.84710368808),MADISON AVENUE,East 96 Street,East 97 Street,3217.0,5826.0,3786.0,12829.0,1,one_direction
38566,Manhattan,2025-03-09,2025,3,9,165958,POINT (991813.7708404302 228929.02555057857),WEST 96 STREET,Broadway,West End Avenue,3343.0,5863.0,3531.0,12737.0,2,two_directions
38566,Manhattan,2025-03-10,2025,3,10,37427,POINT (993309.9143237601 228261.97927726564),COLUMBUS AVENUE,West 97 Street,West 96 Street,3404.0,4491.0,2687.0,10582.0,1,one_direction
38566,Manhattan,2025-03-10,2025,3,10,37714,POINT (997019.663343236 226226.84710368808),MADISON AVENUE,East 96 Street,East 97 Street,4522.0,6096.0,3732.0,14350.0,1,one_direction
38566,Manhattan,2025-03-10,2025,3,10,165958,POINT (991813.7708404302 228929.02555057857),WEST 96 STREET,Broadway,West End Avenue,4565.0,5524.0,3277.0,13366.0,2,two_directions
38590,Brooklyn,2025-03-19,2025,3,19,161338,POINT (979215.8992408344 173366.46299697645),58 STREET,3 Avenue,4 Avenue,516.0,706.0,451.0,1673.0,1,one_direction
38590,Brooklyn,2025-03-20,2025,3,20,161338,POINT (979215.8992408344 173366.46299697645),58 STREET,3 Avenue,4 Avenue,392.0,569.0,455.0,1416.0,1,one_direction
38590,Brooklyn,2025-03-21,2025,3,21,161338,POINT (979215.8992408344 173366.46299697645),58 STREET,3 Avenue,4 Avenue,478.0,663.0,486.0,1627.0,1,one_direction
38590,Brooklyn,2025-03-22,2025,3,22,161338,POINT (979215.8992408344 173366.46299697645),58 STREET,3 Avenue,4 Avenue,369.0,581.0,448.0,1398.0,1,one_direction
38590,Brooklyn,2025-03-23,2025,3,23,161338,POINT (979215.8992408344 173366.46299697645),58 STREET,3 Avenue,4 Avenue,275.0,531.0,395.0,1201.0,1,one_direction
38599,Bronx,2024-03-11,2024,3,11,9008825,POINT (1021277.4675146353 251633.65220006945),PELHAM PARKWAY,Dead end,White Plains Road,5626.0,7285.0,3927.0,16838.0,1,one_direction
38599,Bronx,2024-03-12,2024,3,12,9008825,POINT (1021277.4675146353 251633.65220006945),PELHAM PARKWAY,Dead end,White Plains Road,5624.0,7492.0,4156.0,17272.0,1,one_direction
38599,Bronx,2024-03-13,2024,3,13,9008825,POINT (1021277.4675146353 251633.65220006945),PELHAM PARKWAY,Dead end,White Plains Road,5706.0,7562.0,4743.0,18011.0,1,one_direction
38599,Bronx,2024-03-14,2024,3,14,9008825,POINT (1021277.4675146353 251633.65220006945),PELHAM PARKWAY,Dead end,White Plains Road,5925.0,7628.0,4927.0,18480.0,1,one_direction
38599,Bronx,2024-03-15,2024,3,15,9008825,POINT (1021277.4675146353 251633.65220006945),PELHAM PARKWAY,Dead end,White Plains Road,4361.0,7071.0,4913.0,16345.0,1,one_direction
38599,Bronx,2024-03-16,2024,3,16,9008825,POINT (1021277.4675146353 251633.65220006945),PELHAM PARKWAY,Dead end,White Plains Road,3134.0,5729.0,3937.0,12800.0,1,one_direction
38599,Bronx,2024-03-17,2024,3,17,9008825,POINT (1021277.4675146353 251633.65220006945),PELHAM PARKWAY,Dead end,White Plains Road,5305.0,7329.0,3689.0,16323.0,1,one_direction
38599,Bronx,2025-03-11,2025,3,11,9008825,POINT (1021277.4675146353 251633.65220006945),PELHAM PARKWAY,Dead end,White Plains Road,5626.0,7285.0,3927.0,16838.0,1,one_direction
38599,Bronx,2025-03-12,2025,3,12,9008825,POINT (1021277.4675146353 251633.65220006945),PELHAM PARKWAY,Dead end,White Plains Road,5624.0,7492.0,4156.0,17272.0,1,one_direction
38599,Bronx,2025-03-13,2025,3,13,9008825,POINT (1021277.4675146353 251633.65220006945),PELHAM PARKWAY,Dead end,White Plains Road,5706.0,7562.0,4743.0,18011.0,1,one_direction
38599,Bronx,2025-03-14,2025,3,14,9008825,POINT (1021277.4675146353 251633.65220006945),PELHAM PARKWAY,Dead end,White Plains Road,5925.0,7628.0,4927.0,18480.0,1,one_direction
38599,Bronx,2025-03-15,2025,3,15,9008825,POINT (1021277.4675146353 251633.65220006945),PELHAM PARKWAY,Dead end,White Plains Road,4361.0,7071.0,4913.0,16345.0,1,one_direction
38599,Bronx,2025-03-16,2025,3,16,9008825,POINT (1021277.4675146353 251633.65220006945),PELHAM PARKWAY,Dead end,White Plains Road,3134.0,5729.0,3937.0,12800.0,1,one_direction
38599,Bronx,2025-03-17,2025,3,17,9008825,POINT (1021277.4675146353 251633.65220006945),PELHAM PARKWAY,Dead end,White Plains Road,5305.0,7329.0,3689.0,16323.0,1,one_direction
38599,Manhattan,2025-03-14,2025,3,14,159016,POINT (985240.5788874386 203508.68419663538),EAST HOUSTON STREET,Broadway,Crosby Street,3522.0,4845.0,5805.0,14172.0,1,one_direction
38599,Manhattan,2025-03-15,2025,3,15,159016,POINT (985240.5788874386 203508.68419663538),EAST HOUSTON STREET,Broadway,Crosby Street,2326.0,4784.0,5373.0,12483.0,1,one_direction
38599,Manhattan,2025-03-16,2025,3,16,159016,POINT (985240.5788874386 203508.68419663538),EAST HOUSTON STREET,Broadway,Crosby Street,1362.0,4463.0,3906.0,9731.0,1,one_direction
38599,Manhattan,2025-03-17,2025,3,17,159016,POINT (985240.5788874386 203508.68419663538),EAST HOUSTON STREET,Broadway,Crosby Street,3761.0,4728.0,3602.0,12091.0,1,one_direction
38599,Queens,2025-03-11,2025,3,11,68073,POINT (1008525.0158179104 212086.20964907866),39 AVENUE,51 Street,52 Street,209.0,260.0,156.0,625.0,1,one_direction
38599,Queens,2025-03-12,2025,3,12,68073,POINT (1008525.0158179104 212086.20964907866),39 AVENUE,51 Street,52 Street,224.0,252.0,169.0,645.0,1,one_direction
38599,Queens,2025-03-13,2025,3,13,68073,POINT (1008525.0158179104 212086.20964907866),39 AVENUE,51 Street,52 Street,235.0,278.0,148.0,661.0,1,one_direction
38599,Queens,2025-03-14,2025,3,14,68073,POINT (1008525.0158179104 212086.20964907866),39 AVENUE,51 Street,52 Street,258.0,275.0,134.0,667.0,1,one_direction
38599,Queens,2025-03-14,2025,3,14,95992,POINT (1041090.5263258844 207408.64784976968),FRESH MEADOW LANE,65 Avenue,Dead end,647.0,926.0,481.0,2054.0,2,two_directions
38599,Queens,2025-03-15,2025,3,15,68073,POINT (1008525.0158179104 212086.20964907866),39 AVENUE,51 Street,52 Street,161.0,307.0,237.0,705.0,1,one_direction
38599,Queens,2025-03-15,2025,3,15,95992,POINT (1041090.5263258844 207408.64784976968),FRESH MEADOW LANE,65 Avenue,Dead end,394.0,570.0,443.0,1407.0,2,two_directions
38599,Queens,2025-03-16,2025,3,16,68073,POINT (1008525.0158179104 212086.20964907866),39 AVENUE,51 Street,52 Street,123.0,289.0,169.0,581.0,1,one_direction
38599,Queens,2025-03-16,2025,3,16,95992,POINT (1041090.5263258844 207408.64784976968),FRESH MEADOW LANE,65 Avenue,Dead end,338.0,554.0,452.0,1344.0,2,two_directions
38599,Queens,2025-03-17,2025,3,17,68073,POINT (1008525.0158179104 212086.20964907866),39 AVENUE,51 Street,52 Street,260.0,279.0,129.0,668.0,1,one_direction
38599,Queens,2025-03-17,2025,3,17,95992,POINT (1041090.5263258844 207408.64784976968),FRESH MEADOW LANE,65 Avenue,Dead end,616.0,821.0,441.0,1878.0,2,two_directions
38622,Brooklyn,2025-03-18,2025,3,18,115088,POINT (986578.2535791015 190456.8994174589),ATLANTIC AVENUE,Court Street,Boerum Place,2322.0,3190.0,2253.0,7765.0,1,one_direction
38622,Brooklyn,2025-03-19,2025,3,19,115088,POINT (986578.2535791015 190456.8994174589),ATLANTIC AVENUE,Court Street,Boerum Place,2408.0,3235.0,2483.0,8126.0,1,one_direction
38622,Brooklyn,2025-03-20,2025,3,20,115088,POINT (986578.2535791015 190456.8994174589),ATLANTIC AVENUE,Court Street,Boerum Place,2235.0,3089.0,2356.0,7680.0,1,one_direction
38622,Brooklyn,2025-03-21,2025,3,21,115088,POINT (986578.2535791015 190456.8994174589),ATLANTIC AVENUE,Court Street,Boerum Place,2504.0,3233.0,2428.0,8165.0,1,one_direction
38622,Brooklyn,2025-03-22,2025,3,22,115088,POINT (986578.2535791015 190456.8994174589),ATLANTIC AVENUE,Court Street,Boerum Place,1687.0,3036.0,2533.0,7256.0,1,one_direction
38622,Brooklyn,2025-03-23,2025,3,23,115088,POINT (986578.2535791015 190456.8994174589),ATLANTIC AVENUE,Court Street,Boerum Place,1542.0,3024.0,2272.0,6838.0,1,one_direction
38709,Brooklyn,2025-05-29,2025,5,29,148076,POINT (987375.9759532152 192675.82933736482),ADAMS STREET,Tillary Street,Johnson Street,7036.0,8795.0,8669.0,24500.0,2,two_directions
38709,Brooklyn,2025-05-30,2025,5,30,148076,POINT (987375.9759532152 192675.82933736482),ADAMS STREET,Tillary Street,Johnson Street,7619.0,9739.0,9022.0,26380.0,2,two_directions
38709,Brooklyn,2025-05-31,2025,5,31,148076,POINT (987375.9759532152 192675.82933736482),ADAMS STREET,Tillary Street,Johnson Street,5600.0,9086.0,8507.0,23193.0,2,two_directions
38709,Brooklyn,2025-06-01,2025,6,1,148076,POINT (987375.9759532152 192675.82933736482),ADAMS STREET,Tillary Street,Johnson Street,5024.0,9413.0,8868.0,23305.0,2,two_directions
38709,Brooklyn,2025-06-02,2025,6,2,148076,POINT (987375.9759532152 192675.82933736482),ADAMS STREET,Tillary Street,Johnson Street,7820.0,9564.0,7990.0,25374.0,2,two_directions
38709,Brooklyn,2025-06-03,2025,6,3,148076,POINT (987375.9759532152 192675.82933736482),ADAMS STREET,Tillary Street,Johnson Street,7113.0,9358.0,8598.0,25069.0,2,two_directions
38709,Brooklyn,2025-06-04,2025,6,4,148076,POINT (987375.9759532152 192675.82933736482),ADAMS STREET,Tillary Street,Johnson Street,7712.0,9974.0,9692.0,27378.0,2,two_directions
38744,Queens,2025-04-26,2025,4,26,170971,POINT (1047023.0952903104 179707.0118724578),FARMERS BOULEVARD,Dead End,Nassau Expressway,1328.0,2164.0,1481.0,4973.0,2,two_directions
38744,Queens,2025-04-27,2025,4,27,170971,POINT (1047023.0952903104 179707.0118724578),FARMERS BOULEVARD,Dead End,Nassau Expressway,1211.0,2013.0,1380.0,4604.0,2,two_directions
38744,Queens,2025-04-28,2025,4,28,170971,POINT (1047023.0952903104 179707.0118724578),FARMERS BOULEVARD,Dead End,Nassau Expressway,2723.0,4644.0,1830.0,9197.0,2,two_directions
38744,Queens,2025-04-29,2025,4,29,170971,POINT (1047023.0952903104 179707.0118724578),FARMERS BOULEVARD,Dead End,Nassau Expressway,2801.0,4771.0,1899.0,9471.0,2,two_directions
38744,Queens,2025-04-30,2025,4,30,170971,POINT (1047023.0952903104 179707.0118724578),FARMERS BOULEVARD,Dead End,Nassau Expressway,2760.0,4639.0,1921.0,9320.0,2,two_directions
38744,Queens,2025-05-01,2025,5,1,170971,POINT (1047023.0952903104 179707.0118724578),FARMERS BOULEVARD,Dead End,Nassau Expressway,2727.0,4608.0,2042.0,9377.0,2,two_directions
38744,Queens,2025-05-02,2025,5,2,170971,POINT (1047023.0952903104 179707.0118724578),FARMERS BOULEVARD,Dead End,Nassau Expressway,2579.0,4742.0,1966.0,9287.0,2,two_directions
38746,Queens,2025-04-19,2025,4,19,68627,POINT (1004989.0982735902 220531.19907917082),ASTORIA BOULEVARD,22 Street,23 Street,2564.0,3995.0,3540.0,10099.0,2,two_directions
38746,Queens,2025-04-20,2025,4,20,68627,POINT (1004989.0982735902 220531.19907917082),ASTORIA BOULEVARD,22 Street,23 Street,2096.0,3721.0,3408.0,9225.0,2,two_directions
38746,Queens,2025-04-21,2025,4,21,68627,POINT (1004989.0982735902 220531.19907917082),ASTORIA BOULEVARD,22 Street,23 Street,2731.0,3736.0,2792.0,9259.0,2,two_directions
38746,Queens,2025-04-22,2025,4,22,68627,POINT (1004989.0982735902 220531.19907917082),ASTORIA BOULEVARD,22 Street,23 Street,2661.0,3760.0,3048.0,9469.0,2,two_directions
38746,Queens,2025-04-23,2025,4,23,68627,POINT (1004989.0982735902 220531.19907917082),ASTORIA BOULEVARD,22 Street,23 Street,2591.0,3717.0,3270.0,9578.0,2,two_directions
38746,Queens,2025-04-24,2025,4,24,68627,POINT (1004989.0982735902 220531.19907917082),ASTORIA BOULEVARD,22 Street,23 Street,2685.0,3641.0,3359.0,9685.0,2,two_directions
38746,Queens,2025-04-25,2025,4,25,68627,POINT (1004989.0982735902 220531.19907917082),ASTORIA BOULEVARD,22 Street,23 Street,2683.0,3490.0,3523.0,9696.0,2,two_directions
38746,Queens,2025-04-26,2025,4,26,68627,POINT (1004989.0982735902 220531.19907917082),ASTORIA BOULEVARD,22 Street,23 Street,2507.0,3932.0,3300.0,9739.0,2,two_directions
38746,Queens,2025-04-27,2025,4,27,68627,POINT (1004989.0982735902 220531.19907917082),ASTORIA BOULEVARD,22 Street,23 Street,2314.0,3841.0,3263.0,9418.0,2,two_directions
38764,Bronx,2025-05-12,2025,5,12,70493,POINT (1009933.918192888 232226.67088020162),EAST 140 STREET,Amtrak-hellgate Line,Walnut Avenue,964.0,1028.0,360.0,2352.0,1,one_direction
38764,Bronx,2025-05-12,2025,5,12,70496,POINT (1009790.6536310911 232666.24305050075),EAST 141 STREET,Amtrak-hellgate Line,Walnut Avenue,592.0,1125.0,361.0,2078.0,1,one_direction
38764,Bronx,2025-05-12,2025,5,12,77174,POINT (1010257.8686326689 231977.40364850254),LOCUST AVENUE,East 139 Street,East 140 Street,224.0,257.0,78.0,559.0,2,two_directions
38764,Bronx,2025-05-13,2025,5,13,70493,POINT (1009933.918192888 232226.67088020162),EAST 140 STREET,Amtrak-hellgate Line,Walnut Avenue,1013.0,986.0,359.0,2358.0,1,one_direction
38764,Bronx,2025-05-13,2025,5,13,70496,POINT (1009790.6536310911 232666.24305050075),EAST 141 STREET,Amtrak-hellgate Line,Walnut Avenue,652.0,1137.0,490.0,2279.0,1,one_direction
38764,Bronx,2025-05-13,2025,5,13,77174,POINT (1010257.8686326689 231977.40364850254),LOCUST AVENUE,East 139 Street,East 140 Street,198.0,293.0,115.0,606.0,2,two_directions
38764,Bronx,2025-05-14,2025,5,14,70493,POINT (1009933.918192888 232226.67088020162),EAST 140 STREET,Amtrak-hellgate Line,Walnut Avenue,927.0,969.0,314.0,2210.0,1,one_direction
38764,Bronx,2025-05-14,2025,5,14,70496,POINT (1009790.6536310911 232666.24305050075),EAST 141 STREET,Amtrak-hellgate Line,Walnut Avenue,596.0,1086.0,399.0,2081.0,1,one_direction
38764,Bronx,2025-05-14,2025,5,14,77174,POINT (1010257.8686326689 231977.40364850254),LOCUST AVENUE,East 139 Street,East 140 Street,196.0,267.0,79.0,542.0,2,two_directions
38764,Bronx,2025-05-15,2025,5,15,70493,POINT (1009933.918192888 232226.67088020162),EAST 140 STREET,Amtrak-hellgate Line,Walnut Avenue,960.0,1061.0,433.0,2454.0,1,one_direction
38764,Bronx,2025-05-15,2025,5,15,70496,POINT (1009790.6536310911 232666.24305050075),EAST 141 STREET,Amtrak-hellgate Line,Walnut Avenue,670.0,1135.0,429.0,2234.0,1,one_direction
38764,Bronx,2025-05-15,2025,5,15,77174,POINT (1010257.8686326689 231977.40364850254),LOCUST AVENUE,East 139 Street,East 140 Street,184.0,295.0,112.0,591.0,2,two_directions
38764,Bronx,2025-05-16,2025,5,16,70493,POINT (1009933.918192888 232226.67088020162),EAST 140 STREET,Amtrak-hellgate Line,Walnut Avenue,964.0,980.0,443.0,2387.0,1,one_direction
38764,Bronx,2025-05-16,2025,5,16,70496,POINT (1009790.6536310911 232666.24305050075),EAST 141 STREET,Amtrak-hellgate Line,Walnut Avenue,649.0,1136.0,440.0,2225.0,1,one_direction
38764,Bronx,2025-05-16,2025,5,16,77174,POINT (1010257.8686326689 231977.40364850254),LOCUST AVENUE,East 139 Street,East 140 Street,203.0,278.0,104.0,585.0,2,two_directions
38764,Bronx,2025-05-17,2025,5,17,70493,POINT (1009933.918192888 232226.67088020162),EAST 140 STREET,Amtrak-hellgate Line,Walnut Avenue,522.0,1098.0,720.0,2340.0,1,one_direction
38764,Bronx,2025-05-17,2025,5,17,70496,POINT (1009790.6536310911 232666.24305050075),EAST 141 STREET,Amtrak-hellgate Line,Walnut Avenue,358.0,670.0,308.0,1336.0,1,one_direction
38764,Bronx,2025-05-17,2025,5,17,77174,POINT (1010257.8686326689 231977.40364850254),LOCUST AVENUE,East 139 Street,East 140 Street,77.0,122.0,47.0,246.0,2,two_directions
38764,Bronx,2025-05-18,2025,5,18,70493,POINT (1009933.918192888 232226.67088020162),EAST 140 STREET,Amtrak-hellgate Line,Walnut Avenue,333.0,1113.0,585.0,2031.0,1,one_direction
38764,Bronx,2025-05-18,2025,5,18,70496,POINT (1009790.6536310911 232666.24305050075),EAST 141 STREET,Amtrak-hellgate Line,Walnut Avenue,138.0,408.0,303.0,849.0,1,one_direction
38764,Bronx,2025-05-18,2025,5,18,77174,POINT (1010257.8686326689 231977.40364850254),LOCUST AVENUE,East 139 Street,East 140 Street,36.0,287.0,139.0,462.0,2,two_directions
38782,Manhattan,2024-04-29,2024,4,29,223885,POINT (991017.732192312 229786.22470530684),HENRY HUDSON PARKWAY,Henry Hudson Py Nb En W 96 St,Dead end,15620.0,11962.0,17870.0,45452.0,1,one_direction
38782,Manhattan,2024-04-30,2024,4,30,223885,POINT (991017.732192312 229786.22470530684),HENRY HUDSON PARKWAY,Henry Hudson Py Nb En W 96 St,Dead end,15267.0,13488.0,17935.0,46690.0,1,one_direction
38782,Manhattan,2024-05-01,2024,5,1,223885,POINT (991017.732192312 229786.22470530684),HENRY HUDSON PARKWAY,Henry Hudson Py Nb En W 96 St,Dead end,14316.0,14274.0,16091.0,44681.0,1,one_direction
38782,Manhattan,2024-05-02,2024,5,2,223885,POINT (991017.732192312 229786.22470530684),HENRY HUDSON PARKWAY,Henry Hudson Py Nb En W 96 St,Dead end,15438.0,12667.0,19198.0,47303.0,1,one_direction
38782,Manhattan,2024-05-03,2024,5,3,223885,POINT (991017.732192312 229786.22470530684),HENRY HUDSON PARKWAY,Henry Hudson Py Nb En W 96 St,Dead end,14149.0,12680.0,19831.0,46660.0,1,one_direction
38782,Manhattan,2024-05-04,2024,5,4,223885,POINT (991017.732192312 229786.22470530684),HENRY HUDSON PARKWAY,Henry Hudson Py Nb En W 96 St,Dead end,11251.0,15282.0,13284.0,39817.0,1,one_direction
38782,Manhattan,2024-05-05,2024,5,5,223885,POINT (991017.732192312 229786.22470530684),HENRY HUDSON PARKWAY,Henry Hudson Py Nb En W 96 St,Dead end,13519.0,16845.0,17943.0,48307.0,1,one_direction
38806,Bronx,2025-04-19,2025,4,19,121191,POINT (1027665.023724627 252215.4987771446),EASTCHESTER ROAD,Pelham Parkway North,Dead end,2355.0,3994.0,2812.0,9161.0,2,two_directions
38806,Bronx,2025-04-20,2025,4,20,121191,POINT (1027665.023724627 252215.4987771446),EASTCHESTER ROAD,Pelham Parkway North,Dead end,1690.0,3355.0,2345.0,7390.0,2,two_directions
38806,Bronx,2025-04-21,2025,4,21,121191,POINT (1027665.023724627 252215.4987771446),EASTCHESTER ROAD,Pelham Parkway North,Dead end,3884.0,5311.0,2548.0,11743.0,2,two_directions
38806,Bronx,2025-04-22,2025,4,22,121191,POINT (1027665.023724627 252215.4987771446),EASTCHESTER ROAD,Pelham Parkway North,Dead end,3956.0,5483.0,2590.0,12029.0,2,two_directions
38806,Bronx,2025-04-23,2025,4,23,121191,POINT (1027665.023724627 252215.4987771446),EASTCHESTER ROAD,Pelham Parkway North,Dead end,4049.0,5311.0,2721.0,12081.0,2,two_directions
38806,Bronx,2025-04-24,2025,4,24,121191,POINT (1027665.023724627 252215.4987771446),EASTCHESTER ROAD,Pelham Parkway North,Dead end,4110.0,5263.0,2783.0,12156.0,2,two_directions
38806,Bronx,2025-04-25,2025,4,25,121191,POINT (1027665.023724627 252215.4987771446),EASTCHESTER ROAD,Pelham Parkway North,Dead end,3794.0,5169.0,3015.0,11978.0,2,two_directions
38806,Bronx,2025-04-28,2025,4,28,87111,POINT (1027620.2974752773 247681.21012085164),WATERS PLACE,Marconi Street,Eastchester Road,5840.0,6859.0,3518.0,16217.0,2,two_directions
38806,Bronx,2025-04-29,2025,4,29,87111,POINT (1027620.2974752773 247681.21012085164),WATERS PLACE,Marconi Street,Eastchester Road,5796.0,6890.0,3003.0,15689.0,2,two_directions
38806,Bronx,2025-04-30,2025,4,30,87111,POINT (1027620.2974752773 247681.21012085164),WATERS PLACE,Marconi Street,Eastchester Road,5903.0,7150.0,3264.0,16317.0,2,two_directions
38806,Bronx,2025-05-01,2025,5,1,87111,POINT (1027620.2974752773 247681.21012085164),WATERS PLACE,Marconi Street,Eastchester Road,5889.0,6909.0,3365.0,16163.0,2,two_directions
38806,Bronx,2025-05-02,2025,5,2,87111,POINT (1027620.2974752773 247681.21012085164),WATERS PLACE,Marconi Street,Eastchester Road,5764.0,6826.0,3527.0,16117.0,2,two_directions
38941,Queens,2025-05-31,2025,5,31,57986,POINT (1048223.6777581562 156329.74454354926),BEACH 37 STREET,Rockaway Beach Boulevard,Beach Channel Drive,438.0,673.0,339.0,1450.0,1,one_direction
38941,Queens,2025-06-01,2025,6,1,57986,POINT (1048223.6777581562 156329.74454354926),BEACH 37 STREET,Rockaway Beach Boulevard,Beach Channel Drive,243.0,421.0,284.0,948.0,1,one_direction
38941,Queens,2025-06-02,2025,6,2,57986,POINT (1048223.6777581562 156329.74454354926),BEACH 37 STREET,Rockaway Beach Boulevard,Beach Channel Drive,257.0,475.0,251.0,983.0,1,one_direction
38941,Queens,2025-06-03,2025,6,3,57986,POINT (1048223.6777581562 156329.74454354926),BEACH 37 STREET,Rockaway Beach Boulevard,Beach Channel Drive,382.0,640.0,351.0,1373.0,1,one_direction
38941,Queens,2025-06-04,2025,6,4,57986,POINT (1048223.6777581562 156329.74454354926),BEACH 37 STREET,Rockaway Beach Boulevard,Beach Channel Drive,362.0,643.0,311.0,1316.0,1,one_direction
38941,Queens,2025-06-05,2025,6,5,57986,POINT (1048223.6777581562 156329.74454354926),BEACH 37 STREET,Rockaway Beach Boulevard,Beach Channel Drive,364.0,671.0,386.0,1421.0,1,one_direction
38941,Queens,2025-06-06,2025,6,6,57927,POINT (1047326.771249854 156013.43145795263),BEACH 41 STREET,Rockaway Beach Boulevard,Dead end,76.0,75.0,57.0,208.0,1,one_direction
38941,Queens,2025-06-06,2025,6,6,57972,POINT (1047982.7822975672 156243.90769258037),BEACH 38 STREET,Beach Channel Drive,Rockaway Beach Boulevard,184.0,214.0,190.0,588.0,1,one_direction
38941,Queens,2025-06-06,2025,6,6,57986,POINT (1048223.6777581562 156329.74454354926),BEACH 37 STREET,Rockaway Beach Boulevard,Beach Channel Drive,730.0,997.0,677.0,2404.0,2,two_directions
38963,Brooklyn,2025-05-03,2025,5,3,142655,POINT (984562.0252144478 192245.10409442236),BROOKLYN QUEENS EXPRESSWAY,Joralemon Street,Dead end,15843.0,18813.0,17740.0,52396.0,1,one_direction
38963,Brooklyn,2025-05-03,2025,5,3,142657,POINT (984534.3893867087 192261.86411379388),BROOKLYN QUEENS EXPRESSWAY,Dead end,Joralemon Street,15707.0,20270.0,19796.0,55773.0,1,one_direction
38963,Brooklyn,2025-05-03,2025,5,3,195025,POINT (985481.379628769 182216.9319623961),GOWANUS EXPRESSWAY EXIT 24 WB,Gowanus Expwy Wb En Prospect Ave,3 Avenue,4696.0,8724.0,10147.0,23567.0,2,two_directions
38963,Brooklyn,2025-05-04,2025,5,4,142655,POINT (984562.0252144478 192245.10409442236),BROOKLYN QUEENS EXPRESSWAY,Joralemon Street,Dead end,14887.0,17766.0,16118.0,48771.0,1,one_direction
38963,Brooklyn,2025-05-04,2025,5,4,142657,POINT (984534.3893867087 192261.86411379388),BROOKLYN QUEENS EXPRESSWAY,Dead end,Joralemon Street,2833.0,3505.0,18591.0,24929.0,1,one_direction
38963,Brooklyn,2025-05-04,2025,5,4,195025,POINT (985481.379628769 182216.9319623961),GOWANUS EXPRESSWAY EXIT 24 WB,Gowanus Expwy Wb En Prospect Ave,3 Avenue,1115.0,1320.0,7872.0,10307.0,2,two_directions
38963,Brooklyn,2025-05-05,2025,5,5,142655,POINT (984562.0252144478 192245.10409442236),BROOKLYN QUEENS EXPRESSWAY,Joralemon Street,Dead end,15320.0,12012.0,15207.0,42539.0,1,one_direction
38963,Brooklyn,2025-05-05,2025,5,5,142657,POINT (984534.3893867087 192261.86411379388),BROOKLYN QUEENS EXPRESSWAY,Dead end,Joralemon Street,16345.0,18296.0,18043.0,52684.0,1,one_direction
38963,Brooklyn,2025-05-05,2025,5,5,195025,POINT (985481.379628769 182216.9319623961),GOWANUS EXPRESSWAY EXIT 24 WB,Gowanus Expwy Wb En Prospect Ave,3 Avenue,7058.0,9973.0,9859.0,26890.0,2,two_directions
38963,Brooklyn,2025-05-06,2025,5,6,142655,POINT (984562.0252144478 192245.10409442236),BROOKLYN QUEENS EXPRESSWAY,Joralemon Street,Dead end,15004.0,18343.0,17163.0,50510.0,1,one_direction
38963,Brooklyn,2025-05-06,2025,5,6,142657,POINT (984534.3893867087 192261.86411379388),BROOKLYN QUEENS EXPRESSWAY,Dead end,Joralemon Street,15267.0,19871.0,17634.0,52772.0,1,one_direction
38963,Brooklyn,2025-05-06,2025,5,6,195025,POINT (985481.379628769 182216.9319623961),GOWANUS EXPRESSWAY EXIT 24 WB,Gowanus Expwy Wb En Prospect Ave,3 Avenue,6911.0,10475.0,9835.0,27221.0,2,two_directions
38963,Brooklyn,2025-05-07,2025,5,7,142655,POINT (984562.0252144478 192245.10409442236),BROOKLYN QUEENS EXPRESSWAY,Joralemon Street,Dead end,15159.0,18662.0,17438.0,51259.0,1,one_direction
38963,Brooklyn,2025-05-07,2025,5,7,142657,POINT (984534.3893867087 192261.86411379388),BROOKLYN QUEENS EXPRESSWAY,Dead end,Joralemon Street,16169.0,20312.0,19356.0,55837.0,1,one_direction
38963,Brooklyn,2025-05-07,2025,5,7,195025,POINT (985481.379628769 182216.9319623961),GOWANUS EXPRESSWAY EXIT 24 WB,Gowanus Expwy Wb En Prospect Ave,3 Avenue,7272.0,10795.0,12230.0,30297.0,2,two_directions
38963,Brooklyn,2025-05-08,2025,5,8,142655,POINT (984562.0252144478 192245.10409442236),BROOKLYN QUEENS EXPRESSWAY,Joralemon Street,Dead end,15187.0,15744.0,17833.0,48764.0,1,one_direction
38963,Brooklyn,2025-05-08,2025,5,8,142657,POINT (984534.3893867087 192261.86411379388),BROOKLYN QUEENS EXPRESSWAY,Dead end,Joralemon Street,16252.0,20673.0,19441.0,56366.0,1,one_direction
38963,Brooklyn,2025-05-08,2025,5,8,195025,POINT (985481.379628769 182216.9319623961),GOWANUS EXPRESSWAY EXIT 24 WB,Gowanus Expwy Wb En Prospect Ave,3 Avenue,7249.0,10902.0,11929.0,30080.0,2,two_directions
38963,Brooklyn,2025-05-09,2025,5,9,142655,POINT (984562.0252144478 192245.10409442236),BROOKLYN QUEENS EXPRESSWAY,Joralemon Street,Dead end,14627.0,17472.0,18037.0,50136.0,1,one_direction
38963,Brooklyn,2025-05-09,2025,5,9,142657,POINT (984534.3893867087 192261.86411379388),BROOKLYN QUEENS EXPRESSWAY,Dead end,Joralemon Street,15025.0,19355.0,19367.0,53747.0,1,one_direction
38963,Brooklyn,2025-05-09,2025,5,9,195025,POINT (985481.379628769 182216.9319623961),GOWANUS EXPRESSWAY EXIT 24 WB,Gowanus Expwy Wb En Prospect Ave,3 Avenue,6390.0,9835.0,9905.0,26130.0,2,two_directions
38963,Brooklyn,2025-05-10,2025,5,10,142655,POINT (984562.0252144478 192245.10409442236),BROOKLYN QUEENS EXPRESSWAY,Joralemon Street,Dead end,15587.0,18960.0,18007.0,52554.0,1,one_direction
38963,Brooklyn,2025-05-10,2025,5,10,142657,POINT (984534.3893867087 192261.86411379388),BROOKLYN QUEENS EXPRESSWAY,Dead end,Joralemon Street,16008.0,20568.0,19816.0,56392.0,1,one_direction
38963,Brooklyn,2025-05-10,2025,5,10,195025,POINT (985481.379628769 182216.9319623961),GOWANUS EXPRESSWAY EXIT 24 WB,Gowanus Expwy Wb En Prospect Ave,3 Avenue,4961.0,8822.0,10034.0,23817.0,2,two_directions
38963,Brooklyn,2025-05-11,2025,5,11,142655,POINT (984562.0252144478 192245.10409442236),BROOKLYN QUEENS EXPRESSWAY,Joralemon Street,Dead end,15707.0,19036.0,17726.0,52469.0,1,one_direction
38963,Brooklyn,2025-05-11,2025,5,11,142657,POINT (984534.3893867087 192261.86411379388),BROOKLYN QUEENS EXPRESSWAY,Dead end,Joralemon Street,15427.0,20338.0,19276.0,55041.0,1,one_direction
38963,Brooklyn,2025-05-11,2025,5,11,195025,POINT (985481.379628769 182216.9319623961),GOWANUS EXPRESSWAY EXIT 24 WB,Gowanus Expwy Wb En Prospect Ave,3 Avenue,5543.0,11136.0,11863.0,28542.0,2,two_directions
38964,Brooklyn,2025-06-01,2025,6,1,23924,POINT (986047.3617707511 195229.51254744412),OLD FULTON STREET,Elizabeth Place,Front Street,806.0,1974.0,1863.0,4643.0,1,one_direction
38964,Brooklyn,2025-06-02,2025,6,2,23924,POINT (986047.3617707511 195229.51254744412),OLD FULTON STREET,Elizabeth Place,Front Street,850.0,2013.0,1338.0,4201.0,1,one_direction
38964,Brooklyn,2025-06-03,2025,6,3,23924,POINT (986047.3617707511 195229.51254744412),OLD FULTON STREET,Elizabeth Place,Front Street,969.0,1991.0,1404.0,4364.0,1,one_direction
38964,Brooklyn,2025-06-04,2025,6,4,23924,POINT (986047.3617707511 195229.51254744412),OLD FULTON STREET,Elizabeth Place,Front Street,1118.0,1918.0,1854.0,4890.0,1,one_direction
38964,Brooklyn,2025-06-05,2025,6,5,23924,POINT (986047.3617707511 195229.51254744412),OLD FULTON STREET,Elizabeth Place,Front Street,1095.0,2181.0,1823.0,5099.0,1,one_direction
38964,Brooklyn,2025-06-05,2025,6,5,157951,POINT (986814.7136447768 194485.70936602534),CADMAN PLAZA WEST,Old Fulton Street,Brooklyn Bridge Exit Ramp,9084.0,10578.0,10684.0,30346.0,2,two_directions
38995,Brooklyn,2025-06-07,2025,6,7,16937,POINT (975726.6625282731 166740.67486245048),3 AVENUE,84 Street,85 Street,2031.0,3466.0,2469.0,7966.0,2,two_directions
38995,Brooklyn,2025-06-08,2025,6,8,16937,POINT (975726.6625282731 166740.67486245048),3 AVENUE,84 Street,85 Street,1606.0,3034.0,2106.0,6746.0,2,two_directions
38995,Brooklyn,2025-06-09,2025,6,9,16937,POINT (975726.6625282731 166740.67486245048),3 AVENUE,84 Street,85 Street,2335.0,3402.0,2264.0,8001.0,2,two_directions
38995,Brooklyn,2025-06-10,2025,6,10,16937,POINT (975726.6625282731 166740.67486245048),3 AVENUE,84 Street,85 Street,1107.0,1928.0,1308.0,4343.0,1,one_direction
38995,Brooklyn,2025-06-11,2025,6,11,16937,POINT (975726.6625282731 166740.67486245048),3 AVENUE,84 Street,85 Street,1161.0,1920.0,1323.0,4404.0,1,one_direction
38995,Brooklyn,2025-06-12,2025,6,12,16937,POINT (975726.6625282731 166740.67486245048),3 AVENUE,84 Street,85 Street,1019.0,1873.0,1182.0,4074.0,1,one_direction
38995,Brooklyn,2025-06-13,2025,6,13,16937,POINT (975726.6625282731 166740.67486245048),3 AVENUE,84 Street,85 Street,1092.0,1937.0,1403.0,4432.0,1,one_direction
38995,Brooklyn,2025-06-14,2025,6,14,16937,POINT (975726.6625282731 166740.67486245048),3 AVENUE,84 Street,85 Street,958.0,1813.0,1222.0,3993.0,1,one_direction
38995,Brooklyn,2025-06-15,2025,6,15,16937,POINT (975726.6625282731 166740.67486245048),3 AVENUE,84 Street,85 Street,739.0,1568.0,1032.0,3339.0,1,one_direction
38996,Brooklyn,2025-06-07,2025,6,7,50251,POINT (1021101.4966211171 179925.1589739513),FLATLANDS AVENUE,Fountain Avenue,Crescent Street,1679.0,2787.0,1881.0,6347.0,2,two_directions
38996,Brooklyn,2025-06-08,2025,6,8,50251,POINT (1021101.4966211171 179925.1589739513),FLATLANDS AVENUE,Fountain Avenue,Crescent Street,1391.0,2798.0,1756.0,5945.0,2,two_directions
38996,Brooklyn,2025-06-09,2025,6,9,50251,POINT (1021101.4966211171 179925.1589739513),FLATLANDS AVENUE,Fountain Avenue,Crescent Street,2227.0,3226.0,2091.0,7544.0,2,two_directions
38996,Brooklyn,2025-06-10,2025,6,10,50251,POINT (1021101.4966211171 179925.1589739513),FLATLANDS AVENUE,Fountain Avenue,Crescent Street,2175.0,3314.0,2179.0,7668.0,2,two_directions
38996,Brooklyn,2025-06-11,2025,6,11,50251,POINT (1021101.4966211171 179925.1589739513),FLATLANDS AVENUE,Fountain Avenue,Crescent Street,2275.0,3087.0,2305.0,7667.0,2,two_directions
38996,Brooklyn,2025-06-12,2025,6,12,50251,POINT (1021101.4966211171 179925.1589739513),FLATLANDS AVENUE,Fountain Avenue,Crescent Street,2102.0,3170.0,2104.0,7376.0,2,two_directions
38996,Brooklyn,2025-06-13,2025,6,13,50251,POINT (1021101.4966211171 179925.1589739513),FLATLANDS AVENUE,Fountain Avenue,Crescent Street,2449.0,3417.0,2319.0,8185.0,2,two_directions
38996,Brooklyn,2025-06-14,2025,6,14,50251,POINT (1021101.4966211171 179925.1589739513),FLATLANDS AVENUE,Fountain Avenue,Crescent Street,1722.0,2871.0,1706.0,6299.0,2,two_directions
38996,Brooklyn,2025-06-15,2025,6,15,50251,POINT (1021101.4966211171 179925.1589739513),FLATLANDS AVENUE,Fountain Avenue,Crescent Street,1413.0,2692.0,1600.0,5705.0,2,two_directions
39019,Manhattan,2025-10-15,2025,10,15,34332,POINT (987087.2195708795 220744.5037073528),WEST END AVENUE,West 60 Street,West 61 Street,4461.0,5647.0,4355.0,14463.0,2,two_directions
39019,Manhattan,2025-10-15,2025,10,15,72887,POINT (1007807.3102189016 253610.3799800104),UNIVERSITY HEIGHTS BRIDGE,Harlem River Shoreline,Harlem River Shoreline,9694.0,12139.0,9854.0,31687.0,2,two_directions
39019,Manhattan,2025-10-16,2025,10,16,34332,POINT (987087.2195708795 220744.5037073528),WEST END AVENUE,West 60 Street,West 61 Street,4746.0,6022.0,5133.0,15901.0,2,two_directions
39019,Manhattan,2025-10-16,2025,10,16,72887,POINT (1007807.3102189016 253610.3799800104),UNIVERSITY HEIGHTS BRIDGE,Harlem River Shoreline,Harlem River Shoreline,9534.0,12414.0,10836.0,32784.0,2,two_directions
39019,Manhattan,2025-10-17,2025,10,17,34332,POINT (987087.2195708795 220744.5037073528),WEST END AVENUE,West 60 Street,West 61 Street,4698.0,5907.0,4564.0,15169.0,2,two_directions
39019,Manhattan,2025-10-17,2025,10,17,72887,POINT (1007807.3102189016 253610.3799800104),UNIVERSITY HEIGHTS BRIDGE,Harlem River Shoreline,Harlem River Shoreline,10070.0,12442.0,11380.0,33892.0,2,two_directions
39019,Manhattan,2025-10-18,2025,10,18,34332,POINT (987087.2195708795 220744.5037073528),WEST END AVENUE,West 60 Street,West 61 Street,3312.0,5724.0,4885.0,13921.0,2,two_directions
39019,Manhattan,2025-10-18,2025,10,18,72887,POINT (1007807.3102189016 253610.3799800104),UNIVERSITY HEIGHTS BRIDGE,Harlem River Shoreline,Harlem River Shoreline,7693.0,11849.0,11146.0,30688.0,2,two_directions
39019,Manhattan,2025-10-19,2025,10,19,34332,POINT (987087.2195708795 220744.5037073528),WEST END AVENUE,West 60 Street,West 61 Street,2833.0,5822.0,3824.0,12479.0,2,two_directions
39019,Manhattan,2025-10-19,2025,10,19,72887,POINT (1007807.3102189016 253610.3799800104),UNIVERSITY HEIGHTS BRIDGE,Harlem River Shoreline,Harlem River Shoreline,5778.0,11931.0,9920.0,27629.0,2,two_directions
39019,Manhattan,2025-10-20,2025,10,20,34332,POINT (987087.2195708795 220744.5037073528),WEST END AVENUE,West 60 Street,West 61 Street,4528.0,5570.0,3744.0,13842.0,2,two_directions
39019,Manhattan,2025-10-20,2025,10,20,72887,POINT (1007807.3102189016 253610.3799800104),UNIVERSITY HEIGHTS BRIDGE,Harlem River Shoreline,Harlem River Shoreline,9552.0,12206.0,8401.0,30159.0,2,two_directions
39019,Manhattan,2025-10-21,2025,10,21,34332,POINT (987087.2195708795 220744.5037073528),WEST END AVENUE,West 60 Street,West 61 Street,4807.0,5917.0,4022.0,14746.0,2,two_directions
39019,Manhattan,2025-10-21,2025,10,21,72887,POINT (1007807.3102189016 253610.3799800104),UNIVERSITY HEIGHTS BRIDGE,Harlem River Shoreline,Harlem River Shoreline,9682.0,12491.0,9182.0,31355.0,2,two_directions
39019,Manhattan,2025-10-22,2025,10,22,34332,POINT (987087.2195708795 220744.5037073528),WEST END AVENUE,West 60 Street,West 61 Street,4606.0,5919.0,4561.0,15086.0,2,two_directions
39019,Manhattan,2025-10-22,2025,10,22,72887,POINT (1007807.3102189016 253610.3799800104),UNIVERSITY HEIGHTS BRIDGE,Harlem River Shoreline,Harlem River Shoreline,9672.0,12281.0,9076.0,31029.0,2,two_directions
39019,Manhattan,2025-10-23,2025,10,23,34332,POINT (987087.2195708795 220744.5037073528),WEST END AVENUE,West 60 Street,West 61 Street,4729.0,5918.0,5422.0,16069.0,2,two_directions
39019,Manhattan,2025-10-23,2025,10,23,72887,POINT (1007807.3102189016 253610.3799800104),UNIVERSITY HEIGHTS BRIDGE,Harlem River Shoreline,Harlem River Shoreline,9544.0,12321.0,10268.0,32133.0,2,two_directions
39019,Manhattan,2025-10-24,2025,10,24,34332,POINT (987087.2195708795 220744.5037073528),WEST END AVENUE,West 60 Street,West 61 Street,4808.0,5882.0,4543.0,15233.0,2,two_directions
39019,Manhattan,2025-10-24,2025,10,24,72887,POINT (1007807.3102189016 253610.3799800104),UNIVERSITY HEIGHTS BRIDGE,Harlem River Shoreline,Harlem River Shoreline,9468.0,12170.0,11158.0,32796.0,2,two_directions
39019,Manhattan,2025-10-25,2025,10,25,34332,POINT (987087.2195708795 220744.5037073528),WEST END AVENUE,West 60 Street,West 61 Street,3403.0,5271.0,4189.0,12863.0,2,two_directions
39019,Manhattan,2025-10-25,2025,10,25,72887,POINT (1007807.3102189016 253610.3799800104),UNIVERSITY HEIGHTS BRIDGE,Harlem River Shoreline,Harlem River Shoreline,7981.0,11678.0,10888.0,30547.0,2,two_directions
39019,Manhattan,2025-10-26,2025,10,26,34332,POINT (987087.2195708795 220744.5037073528),WEST END AVENUE,West 60 Street,West 61 Street,2912.0,5801.0,2805.0,11518.0,2,two_directions
39019,Manhattan,2025-10-26,2025,10,26,72887,POINT (1007807.3102189016 253610.3799800104),UNIVERSITY HEIGHTS BRIDGE,Harlem River Shoreline,Harlem River Shoreline,5385.0,11796.0,9385.0,26566.0,2,two_directions
39019,Manhattan,2025-10-27,2025,10,27,34332,POINT (987087.2195708795 220744.5037073528),WEST END AVENUE,West 60 Street,West 61 Street,4700.0,5620.0,3613.0,13933.0,2,two_directions
39019,Manhattan,2025-10-27,2025,10,27,72887,POINT (1007807.3102189016 253610.3799800104),UNIVERSITY HEIGHTS BRIDGE,Harlem River Shoreline,Harlem River Shoreline,8485.0,11341.0,7880.0,27706.0,2,two_directions
39019,Manhattan,2025-10-28,2025,10,28,34332,POINT (987087.2195708795 220744.5037073528),WEST END AVENUE,West 60 Street,West 61 Street,1730.0,2116.0,1359.0,5205.0,1,one_direction
39019,Manhattan,2025-10-28,2025,10,28,36369,POINT (994214.9732317923 216043.31446641852),EAST 58 STREET,Ed Koch Queensboro Bridge Appr,2 Avenue,1808.0,0.0,0.0,1808.0,1,one_direction
39019,Manhattan,2025-10-28,2025,10,28,252704,POINT (989946.7063331008 200101.94433822844),WILLIAMSBURG BR APPROACH,Dead end,Dead End,10001.0,11645.0,11335.0,32981.0,1,one_direction
39019,Manhattan,2025-10-28,2025,10,28,252708,POINT (989913.7965267737 200030.95991576216),WILLIAMSBURG BR APPROACH,Dead End,Dead end,9124.0,13654.0,13484.0,36262.0,1,one_direction
39019,Manhattan,2025-10-29,2025,10,29,36369,POINT (994214.9732317923 216043.31446641852),EAST 58 STREET,Ed Koch Queensboro Bridge Appr,2 Avenue,3496.0,0.0,0.0,3496.0,2,two_directions
39019,Manhattan,2025-10-29,2025,10,29,252704,POINT (989946.7063331008 200101.94433822844),WILLIAMSBURG BR APPROACH,Dead end,Dead End,9947.0,11741.0,11813.0,33501.0,1,one_direction
39019,Manhattan,2025-10-29,2025,10,29,252708,POINT (989913.7965267737 200030.95991576216),WILLIAMSBURG BR APPROACH,Dead End,Dead end,9093.0,13645.0,13893.0,36631.0,1,one_direction
39019,Manhattan,2025-10-30,2025,10,30,36369,POINT (994214.9732317923 216043.31446641852),EAST 58 STREET,Ed Koch Queensboro Bridge Appr,2 Avenue,3656.0,0.0,0.0,3656.0,2,two_directions
39019,Manhattan,2025-10-30,2025,10,30,252704,POINT (989946.7063331008 200101.94433822844),WILLIAMSBURG BR APPROACH,Dead end,Dead End,9932.0,10551.0,11520.0,32003.0,1,one_direction
39019,Manhattan,2025-10-30,2025,10,30,252708,POINT (989913.7965267737 200030.95991576216),WILLIAMSBURG BR APPROACH,Dead End,Dead end,9055.0,14100.0,14158.0,37313.0,1,one_direction
39019,Manhattan,2025-11-05,2025,11,5,140062,POINT (1004021.9978427979 247356.44157370654),ALEXANDER HAMILTON BRIDGE,Dead End,Harlem River Shoreline,12830.0,15559.0,19167.0,47556.0,1,one_direction
39019,Manhattan,2025-11-05,2025,11,5,9014212,POINT (985082.5324372944 196533.72263664615),BROOKLYN BRIDGE,Dead End,East River Shoreline,13805.0,15558.0,16716.0,46079.0,1,one_direction
39019,Manhattan,2025-11-05,2025,11,5,9014216,POINT (985117.685764142 196561.98332260794),BROOKLYN BRIDGE,Dead End,East River Shoreline,11890.0,14101.0,13593.0,39584.0,1,one_direction
39019,Manhattan,2025-11-06,2025,11,6,140062,POINT (1004021.9978427979 247356.44157370654),ALEXANDER HAMILTON BRIDGE,Dead End,Harlem River Shoreline,11693.0,16795.0,16885.0,45373.0,1,one_direction
39019,Manhattan,2025-11-06,2025,11,6,9014212,POINT (985082.5324372944 196533.72263664615),BROOKLYN BRIDGE,Dead End,East River Shoreline,13404.0,16216.0,17529.0,47149.0,1,one_direction
39019,Manhattan,2025-11-06,2025,11,6,9014216,POINT (985117.685764142 196561.98332260794),BROOKLYN BRIDGE,Dead End,East River Shoreline,12489.0,14213.0,13289.0,39991.0,1,one_direction
39019,Manhattan,2025-11-12,2025,11,12,140031,POINT (994514.1690128858 216427.20589959164),ED KOCH QUEENSBORO BRIDGE,Ed Koch Queensboro Bridge Exit,Dead end,3522.0,3867.0,1886.0,9275.0,1,one_direction
39019,Manhattan,2025-11-12,2025,11,12,165609,POINT (994280.3710034192 216412.93992725015),ED KOCH QUEENSBORO BRIDGE APPR,2 Avenue,Dead end,7480.0,9246.0,8402.0,25128.0,1,one_direction
39019,Manhattan,2025-11-13,2025,11,13,36375,POINT (994320.9493131964 216734.2445431342),2 AVENUE,Astoria Line,East 61 Street,6274.0,8562.0,10077.0,24913.0,1,one_direction
39019,Manhattan,2025-11-13,2025,11,13,9009491,POINT (986216.4249932888 221052.7309176884),12 AVENUE,Dead End,Dead end,10981.0,17135.0,17108.0,45224.0,1,one_direction
39019,Manhattan,2025-11-18,2025,11,18,140062,POINT (1004021.9978427979 247356.44157370654),ALEXANDER HAMILTON BRIDGE,Dead End,Harlem River Shoreline,11757.0,15404.0,15810.0,42971.0,1,one_direction
39019,Manhattan,2025-11-18,2025,11,18,140064,POINT (1004009.9376747445 247299.3322981837),ALEXANDER HAMILTON BRIDGE,Dead End,Harlem River Shoreline,13364.0,16390.0,14217.0,43971.0,1,one_direction
39019,Manhattan,2025-11-18,2025,11,18,9014212,POINT (985082.5324372944 196533.72263664615),BROOKLYN BRIDGE,Dead End,East River Shoreline,12723.0,16366.0,17420.0,46509.0,1,one_direction
39019,Manhattan,2025-11-18,2025,11,18,9014216,POINT (985117.685764142 196561.98332260794),BROOKLYN BRIDGE,Dead End,East River Shoreline,12092.0,13668.0,13573.0,39333.0,1,one_direction
39019,Manhattan,2025-11-19,2025,11,19,140064,POINT (1004009.9376747445 247299.3322981837),ALEXANDER HAMILTON BRIDGE,Dead End,Harlem River Shoreline,6207.0,7239.0,18585.0,32031.0,1,one_direction
39019,Manhattan,2025-11-20,2025,11,20,140064,POINT (1004009.9376747445 247299.3322981837),ALEXANDER HAMILTON BRIDGE,Dead End,Harlem River Shoreline,5592.0,11508.0,14567.0,31667.0,1,one_direction
39050,Brooklyn,2025-06-10,2025,6,10,42961,POINT (1000132.7779388146 181033.90839133842),KINGSTON AVENUE,Lefferts Avenue,Empire Boulevard,1626.0,1940.0,1277.0,4843.0,1,one_direction
39050,Brooklyn,2025-06-11,2025,6,11,42961,POINT (1000132.7779388146 181033.90839133842),KINGSTON AVENUE,Lefferts Avenue,Empire Boulevard,1698.0,1996.0,1311.0,5005.0,1,one_direction
39050,Brooklyn,2025-06-12,2025,6,12,42961,POINT (1000132.7779388146 181033.90839133842),KINGSTON AVENUE,Lefferts Avenue,Empire Boulevard,1599.0,2064.0,1487.0,5150.0,1,one_direction
39050,Brooklyn,2025-06-13,2025,6,13,42961,POINT (1000132.7779388146 181033.90839133842),KINGSTON AVENUE,Lefferts Avenue,Empire Boulevard,1705.0,2169.0,1338.0,5212.0,1,one_direction
39050,Brooklyn,2025-06-14,2025,6,14,42961,POINT (1000132.7779388146 181033.90839133842),KINGSTON AVENUE,Lefferts Avenue,Empire Boulevard,739.0,1430.0,1119.0,3288.0,1,one_direction
39050,Brooklyn,2025-06-15,2025,6,15,42961,POINT (1000132.7779388146 181033.90839133842),KINGSTON AVENUE,Lefferts Avenue,Empire Boulevard,943.0,1740.0,1043.0,3726.0,1,one_direction
39050,Brooklyn,2025-06-16,2025,6,16,42961,POINT (1000132.7779388146 181033.90839133842),KINGSTON AVENUE,Lefferts Avenue,Empire Boulevard,1622.0,1981.0,1299.0,4902.0,1,one_direction
39050,Brooklyn,2025-06-17,2025,6,17,42961,POINT (1000132.7779388146 181033.90839133842),KINGSTON AVENUE,Lefferts Avenue,Empire Boulevard,1609.0,2008.0,1196.0,4813.0,1,one_direction
39050,Brooklyn,2025-06-18,2025,6,18,42961,POINT (1000132.7779388146 181033.90839133842),KINGSTON AVENUE,Lefferts Avenue,Empire Boulevard,1560.0,1980.0,1535.0,5075.0,1,one_direction
39050,Brooklyn,2025-06-19,2025,6,19,42961,POINT (1000132.7779388146 181033.90839133842),KINGSTON AVENUE,Lefferts Avenue,Empire Boulevard,1292.0,2001.0,1453.0,4746.0,1,one_direction
39050,Brooklyn,2025-06-20,2025,6,20,42961,POINT (1000132.7779388146 181033.90839133842),KINGSTON AVENUE,Lefferts Avenue,Empire Boulevard,1666.0,2131.0,1422.0,5219.0,1,one_direction
39050,Brooklyn,2025-06-21,2025,6,21,42961,POINT (1000132.7779388146 181033.90839133842),KINGSTON AVENUE,Lefferts Avenue,Empire Boulevard,739.0,1506.0,1239.0,3484.0,1,one_direction
39050,Brooklyn,2025-06-22,2025,6,22,42961,POINT (1000132.7779388146 181033.90839133842),KINGSTON AVENUE,Lefferts Avenue,Empire Boulevard,1045.0,1819.0,1161.0,4025.0,1,one_direction
39050,Brooklyn,2025-06-23,2025,6,23,42961,POINT (1000132.7779388146 181033.90839133842),KINGSTON AVENUE,Lefferts Avenue,Empire Boulevard,1512.0,1976.0,1370.0,4858.0,1,one_direction
39072,Brooklyn,2025-07-06,2025,7,6,157798,POINT (999409.9261457232 201981.2658206275),MC GUINNESS BLVD SOUTH,Newton Street,Bayard Street,1706.0,3542.0,2826.0,8074.0,1,one_direction
39072,Brooklyn,2025-07-06,2025,7,6,157886,POINT (999432.2860104679 202016.16629695336),MC GUINNESS BLVD SOUTH,Humboldt Street,Newton Street,1687.0,3199.0,2994.0,7880.0,1,one_direction
39072,Brooklyn,2025-07-07,2025,7,7,157798,POINT (999409.9261457232 201981.2658206275),MC GUINNESS BLVD SOUTH,Newton Street,Bayard Street,2861.0,3896.0,2844.0,9601.0,1,one_direction
39072,Brooklyn,2025-07-07,2025,7,7,157886,POINT (999432.2860104679 202016.16629695336),MC GUINNESS BLVD SOUTH,Humboldt Street,Newton Street,2297.0,3261.0,2584.0,8142.0,1,one_direction
39072,Brooklyn,2025-07-08,2025,7,8,157798,POINT (999409.9261457232 201981.2658206275),MC GUINNESS BLVD SOUTH,Newton Street,Bayard Street,2909.0,3859.0,3028.0,9796.0,1,one_direction
39072,Brooklyn,2025-07-08,2025,7,8,157886,POINT (999432.2860104679 202016.16629695336),MC GUINNESS BLVD SOUTH,Humboldt Street,Newton Street,2545.0,3338.0,2863.0,8746.0,1,one_direction
39072,Brooklyn,2025-07-09,2025,7,9,157798,POINT (999409.9261457232 201981.2658206275),MC GUINNESS BLVD SOUTH,Newton Street,Bayard Street,3032.0,4017.0,3379.0,10428.0,1,one_direction
39072,Brooklyn,2025-07-09,2025,7,9,157886,POINT (999432.2860104679 202016.16629695336),MC GUINNESS BLVD SOUTH,Humboldt Street,Newton Street,2386.0,3410.0,3021.0,8817.0,1,one_direction
39072,Brooklyn,2025-07-10,2025,7,10,157798,POINT (999409.9261457232 201981.2658206275),MC GUINNESS BLVD SOUTH,Newton Street,Bayard Street,3156.0,4126.0,3446.0,10728.0,1,one_direction
39072,Brooklyn,2025-07-10,2025,7,10,157886,POINT (999432.2860104679 202016.16629695336),MC GUINNESS BLVD SOUTH,Humboldt Street,Newton Street,2278.0,3283.0,3107.0,8668.0,1,one_direction
39072,Brooklyn,2025-07-11,2025,7,11,157798,POINT (999409.9261457232 201981.2658206275),MC GUINNESS BLVD SOUTH,Newton Street,Bayard Street,3221.0,4149.0,4159.0,11529.0,1,one_direction
39072,Brooklyn,2025-07-11,2025,7,11,157886,POINT (999432.2860104679 202016.16629695336),MC GUINNESS BLVD SOUTH,Humboldt Street,Newton Street,2430.0,3536.0,3533.0,9499.0,1,one_direction
39072,Brooklyn,2025-07-12,2025,7,12,157798,POINT (999409.9261457232 201981.2658206275),MC GUINNESS BLVD SOUTH,Newton Street,Bayard Street,2475.0,4387.0,4077.0,10939.0,1,one_direction
39072,Brooklyn,2025-07-12,2025,7,12,157886,POINT (999432.2860104679 202016.16629695336),MC GUINNESS BLVD SOUTH,Humboldt Street,Newton Street,2446.0,4107.0,3793.0,10346.0,1,one_direction
39072,Brooklyn,2025-07-13,2025,7,13,157798,POINT (999409.9261457232 201981.2658206275),MC GUINNESS BLVD SOUTH,Newton Street,Bayard Street,1945.0,4064.0,3124.0,9133.0,1,one_direction
39072,Brooklyn,2025-07-13,2025,7,13,157886,POINT (999432.2860104679 202016.16629695336),MC GUINNESS BLVD SOUTH,Humboldt Street,Newton Street,1997.0,3560.0,2993.0,8550.0,1,one_direction
39072,Brooklyn,2025-07-14,2025,7,14,157798,POINT (999409.9261457232 201981.2658206275),MC GUINNESS BLVD SOUTH,Newton Street,Bayard Street,2878.0,4061.0,2928.0,9867.0,1,one_direction
39072,Brooklyn,2025-07-14,2025,7,14,157886,POINT (999432.2860104679 202016.16629695336),MC GUINNESS BLVD SOUTH,Humboldt Street,Newton Street,2355.0,3373.0,2608.0,8336.0,1,one_direction
39072,Brooklyn,2025-07-15,2025,7,15,157798,POINT (999409.9261457232 201981.2658206275),MC GUINNESS BLVD SOUTH,Newton Street,Bayard Street,2795.0,3788.0,2880.0,9463.0,1,one_direction
39072,Brooklyn,2025-07-15,2025,7,15,157886,POINT (999432.2860104679 202016.16629695336),MC GUINNESS BLVD SOUTH,Humboldt Street,Newton Street,2330.0,3521.0,2652.0,8503.0,1,one_direction
39072,Brooklyn,2025-07-16,2025,7,16,157798,POINT (999409.9261457232 201981.2658206275),MC GUINNESS BLVD SOUTH,Newton Street,Bayard Street,2853.0,3870.0,3179.0,9902.0,1,one_direction
39072,Brooklyn,2025-07-16,2025,7,16,157886,POINT (999432.2860104679 202016.16629695336),MC GUINNESS BLVD SOUTH,Humboldt Street,Newton Street,2444.0,3138.0,2500.0,8082.0,1,one_direction
39072,Brooklyn,2025-07-17,2025,7,17,157798,POINT (999409.9261457232 201981.2658206275),MC GUINNESS BLVD SOUTH,Newton Street,Bayard Street,3025.0,4074.0,3270.0,10369.0,1,one_direction
39072,Brooklyn,2025-07-17,2025,7,17,157886,POINT (999432.2860104679 202016.16629695336),MC GUINNESS BLVD SOUTH,Humboldt Street,Newton Street,2466.0,3214.0,2802.0,8482.0,1,one_direction
39072,Brooklyn,2025-07-18,2025,7,18,157798,POINT (999409.9261457232 201981.2658206275),MC GUINNESS BLVD SOUTH,Newton Street,Bayard Street,3242.0,4166.0,4242.0,11650.0,1,one_direction
39072,Brooklyn,2025-07-18,2025,7,18,157886,POINT (999432.2860104679 202016.16629695336),MC GUINNESS BLVD SOUTH,Humboldt Street,Newton Street,2444.0,3640.0,3466.0,9550.0,1,one_direction
39072,Brooklyn,2025-07-19,2025,7,19,157798,POINT (999409.9261457232 201981.2658206275),MC GUINNESS BLVD SOUTH,Newton Street,Bayard Street,1835.0,3396.0,3103.0,8334.0,1,one_direction
39072,Brooklyn,2025-07-19,2025,7,19,157886,POINT (999432.2860104679 202016.16629695336),MC GUINNESS BLVD SOUTH,Humboldt Street,Newton Street,1727.0,3198.0,3107.0,8032.0,1,one_direction
39083,Brooklyn,2025-07-02,2025,7,2,19267,POINT (989230.0472781819 150548.3916030402),STILLWELL AVENUE,Coney Island Creek Shoreline,Neptune Avenue,1245.0,1858.0,1300.0,4403.0,1,one_direction
39083,Brooklyn,2025-07-02,2025,7,2,191118,POINT (993364.6909892644 150914.8780823583),OCEAN PARKWAY,Dead End,Dead end,462.0,594.0,367.0,1423.0,1,one_direction
39083,Brooklyn,2025-07-03,2025,7,3,19267,POINT (989230.0472781819 150548.3916030402),STILLWELL AVENUE,Coney Island Creek Shoreline,Neptune Avenue,1441.0,1988.0,1186.0,4615.0,1,one_direction
39083,Brooklyn,2025-07-03,2025,7,3,191118,POINT (993364.6909892644 150914.8780823583),OCEAN PARKWAY,Dead End,Dead end,463.0,653.0,373.0,1489.0,1,one_direction
39083,Brooklyn,2025-07-04,2025,7,4,19267,POINT (989230.0472781819 150548.3916030402),STILLWELL AVENUE,Coney Island Creek Shoreline,Neptune Avenue,1036.0,1894.0,2245.0,5175.0,1,one_direction
39083,Brooklyn,2025-07-04,2025,7,4,191118,POINT (993364.6909892644 150914.8780823583),OCEAN PARKWAY,Dead End,Dead end,210.0,481.0,642.0,1333.0,1,one_direction
39083,Brooklyn,2025-07-05,2025,7,5,19267,POINT (989230.0472781819 150548.3916030402),STILLWELL AVENUE,Coney Island Creek Shoreline,Neptune Avenue,964.0,2045.0,1170.0,4179.0,1,one_direction
39083,Brooklyn,2025-07-05,2025,7,5,191118,POINT (993364.6909892644 150914.8780823583),OCEAN PARKWAY,Dead End,Dead end,174.0,433.0,362.0,969.0,1,one_direction
39083,Brooklyn,2025-07-06,2025,7,6,19267,POINT (989230.0472781819 150548.3916030402),STILLWELL AVENUE,Coney Island Creek Shoreline,Neptune Avenue,983.0,2132.0,1154.0,4269.0,1,one_direction
39083,Brooklyn,2025-07-06,2025,7,6,191118,POINT (993364.6909892644 150914.8780823583),OCEAN PARKWAY,Dead End,Dead end,158.0,447.0,381.0,986.0,1,one_direction
39083,Brooklyn,2025-07-07,2025,7,7,19267,POINT (989230.0472781819 150548.3916030402),STILLWELL AVENUE,Coney Island Creek Shoreline,Neptune Avenue,1374.0,1824.0,910.0,4108.0,1,one_direction
39083,Brooklyn,2025-07-07,2025,7,7,191118,POINT (993364.6909892644 150914.8780823583),OCEAN PARKWAY,Dead End,Dead end,473.0,679.0,378.0,1530.0,1,one_direction
39083,Brooklyn,2025-07-08,2025,7,8,19267,POINT (989230.0472781819 150548.3916030402),STILLWELL AVENUE,Coney Island Creek Shoreline,Neptune Avenue,1359.0,1789.0,939.0,4087.0,1,one_direction
39083,Brooklyn,2025-07-08,2025,7,8,191118,POINT (993364.6909892644 150914.8780823583),OCEAN PARKWAY,Dead End,Dead end,421.0,653.0,362.0,1436.0,1,one_direction
39105,Brooklyn,2025-06-16,2025,6,16,29141,POINT (992242.4037000213 185354.03197850985),FLATBUSH AVENUE,8 Avenue,Eastern Parkway Line,3538.0,6172.0,5350.0,15060.0,1,one_direction
39138,Manhattan,2025-06-19,2025,6,19,37204,POINT (991109.1893243142 224287.7932452495),COLUMBUS AVENUE,West 79 Street,West 80 Street,4507.0,6175.0,5290.0,15972.0,1,one_direction
39138,Manhattan,2025-06-20,2025,6,20,37204,POINT (991109.1893243142 224287.7932452495),COLUMBUS AVENUE,West 79 Street,West 80 Street,4335.0,6160.0,5192.0,15687.0,1,one_direction
39138,Manhattan,2025-06-21,2025,6,21,37204,POINT (991109.1893243142 224287.7932452495),COLUMBUS AVENUE,West 79 Street,West 80 Street,3814.0,5840.0,4543.0,14197.0,1,one_direction
39138,Manhattan,2025-06-22,2025,6,22,37204,POINT (991109.1893243142 224287.7932452495),COLUMBUS AVENUE,West 79 Street,West 80 Street,3707.0,4654.0,4404.0,12765.0,1,one_direction
39138,Manhattan,2025-06-23,2025,6,23,37204,POINT (991109.1893243142 224287.7932452495),COLUMBUS AVENUE,West 79 Street,West 80 Street,4182.0,6159.0,4649.0,14990.0,1,one_direction
39138,Manhattan,2025-06-24,2025,6,24,37101,POINT (990320.5699132918 224722.05853217942),AMSTERDAM AVENUE,West 79 Street,West 80 Street,4100.0,6027.0,4886.0,15013.0,1,one_direction
39138,Manhattan,2025-06-24,2025,6,24,37204,POINT (991109.1893243142 224287.7932452495),COLUMBUS AVENUE,West 79 Street,West 80 Street,4126.0,6234.0,5181.0,15541.0,1,one_direction
39138,Manhattan,2025-06-25,2025,6,25,37101,POINT (990320.5699132918 224722.05853217942),AMSTERDAM AVENUE,West 79 Street,West 80 Street,4227.0,6285.0,5272.0,15784.0,1,one_direction
39138,Manhattan,2025-06-25,2025,6,25,37204,POINT (991109.1893243142 224287.7932452495),COLUMBUS AVENUE,West 79 Street,West 80 Street,4136.0,6252.0,5684.0,16072.0,1,one_direction
39294,Brooklyn,2025-10-04,2025,10,4,41897,POINT (1001732.4799132204 179406.01947233686),TROY AVENUE,Hawthorne Street,Fenimore Street,1231.0,2005.0,1567.0,4803.0,1,one_direction
39294,Brooklyn,2025-10-05,2025,10,5,41897,POINT (1001732.4799132204 179406.01947233686),TROY AVENUE,Hawthorne Street,Fenimore Street,1337.0,2096.0,1200.0,4633.0,1,one_direction
39294,Brooklyn,2025-10-06,2025,10,6,41897,POINT (1001732.4799132204 179406.01947233686),TROY AVENUE,Hawthorne Street,Fenimore Street,1767.0,2561.0,1218.0,5546.0,1,one_direction
39294,Brooklyn,2025-10-07,2025,10,7,41897,POINT (1001732.4799132204 179406.01947233686),TROY AVENUE,Hawthorne Street,Fenimore Street,1651.0,2216.0,1267.0,5134.0,1,one_direction
39294,Brooklyn,2025-10-08,2025,10,8,41897,POINT (1001732.4799132204 179406.01947233686),TROY AVENUE,Hawthorne Street,Fenimore Street,1658.0,2276.0,1428.0,5362.0,1,one_direction
39294,Brooklyn,2025-10-09,2025,10,9,41897,POINT (1001732.4799132204 179406.01947233686),TROY AVENUE,Hawthorne Street,Fenimore Street,1790.0,2560.0,1543.0,5893.0,1,one_direction
39294,Brooklyn,2025-10-10,2025,10,10,41897,POINT (1001732.4799132204 179406.01947233686),TROY AVENUE,Hawthorne Street,Fenimore Street,1818.0,2616.0,1540.0,5974.0,1,one_direction
39305,Bronx,2025-09-13,2025,9,13,9008820,POINT (1022693.1607915679 245936.61002017965),EAST TREMONT AVENUE,Dead End,Dead end,3763.0,6310.0,4210.0,14283.0,2,two_directions
39305,Bronx,2025-09-14,2025,9,14,9008820,POINT (1022693.1607915679 245936.61002017965),EAST TREMONT AVENUE,Dead End,Dead end,2818.0,5076.0,3601.0,11495.0,2,two_directions
39305,Bronx,2025-09-15,2025,9,15,9008820,POINT (1022693.1607915679 245936.61002017965),EAST TREMONT AVENUE,Dead End,Dead end,6442.0,7948.0,4858.0,19248.0,2,two_directions
39305,Bronx,2025-09-16,2025,9,16,9008820,POINT (1022693.1607915679 245936.61002017965),EAST TREMONT AVENUE,Dead End,Dead end,6694.0,8032.0,3853.0,18579.0,2,two_directions
39305,Bronx,2025-09-17,2025,9,17,9008820,POINT (1022693.1607915679 245936.61002017965),EAST TREMONT AVENUE,Dead End,Dead end,6633.0,7837.0,3859.0,18329.0,2,two_directions
39305,Bronx,2025-09-18,2025,9,18,9008820,POINT (1022693.1607915679 245936.61002017965),EAST TREMONT AVENUE,Dead End,Dead end,6705.0,7344.0,4426.0,18475.0,2,two_directions
39305,Bronx,2025-09-19,2025,9,19,9008820,POINT (1022693.1607915679 245936.61002017965),EAST TREMONT AVENUE,Dead End,Dead end,6579.0,8501.0,5438.0,20518.0,2,two_directions
39350,Brooklyn,2025-09-13,2025,9,13,43029,POINT (1000739.7760152416 187388.16206356103),THROOP AVENUE,Decatur Street,Mac Donough Street,1267.0,2600.0,2123.0,5990.0,1,one_direction
39350,Brooklyn,2025-09-13,2025,9,13,108174,POINT (1001569.0135092834 187220.8829839352),MARCUS GARVEY BOULEVARD,Decatur Street,Fulton Street,1384.0,3093.0,2904.0,7381.0,1,one_direction
39350,Brooklyn,2025-09-14,2025,9,14,43029,POINT (1000739.7760152416 187388.16206356103),THROOP AVENUE,Decatur Street,Mac Donough Street,1033.0,2261.0,1740.0,5034.0,1,one_direction
39350,Brooklyn,2025-09-14,2025,9,14,108174,POINT (1001569.0135092834 187220.8829839352),MARCUS GARVEY BOULEVARD,Decatur Street,Fulton Street,1172.0,3193.0,2688.0,7053.0,1,one_direction
39350,Brooklyn,2025-09-15,2025,9,15,43029,POINT (1000739.7760152416 187388.16206356103),THROOP AVENUE,Decatur Street,Mac Donough Street,1808.0,2312.0,1633.0,5753.0,1,one_direction
39350,Brooklyn,2025-09-15,2025,9,15,108174,POINT (1001569.0135092834 187220.8829839352),MARCUS GARVEY BOULEVARD,Decatur Street,Fulton Street,2442.0,2867.0,2518.0,7827.0,1,one_direction
39350,Brooklyn,2025-09-16,2025,9,16,43029,POINT (1000739.7760152416 187388.16206356103),THROOP AVENUE,Decatur Street,Mac Donough Street,1739.0,2258.0,1641.0,5638.0,1,one_direction
39350,Brooklyn,2025-09-16,2025,9,16,108174,POINT (1001569.0135092834 187220.8829839352),MARCUS GARVEY BOULEVARD,Decatur Street,Fulton Street,2509.0,3191.0,2588.0,8288.0,1,one_direction
39350,Brooklyn,2025-09-17,2025,9,17,43029,POINT (1000739.7760152416 187388.16206356103),THROOP AVENUE,Decatur Street,Mac Donough Street,1887.0,2204.0,1680.0,5771.0,1,one_direction
39350,Brooklyn,2025-09-17,2025,9,17,108174,POINT (1001569.0135092834 187220.8829839352),MARCUS GARVEY BOULEVARD,Decatur Street,Fulton Street,2576.0,3317.0,2701.0,8594.0,1,one_direction
39350,Brooklyn,2025-09-18,2025,9,18,43029,POINT (1000739.7760152416 187388.16206356103),THROOP AVENUE,Decatur Street,Mac Donough Street,1915.0,2330.0,1786.0,6031.0,1,one_direction
39350,Brooklyn,2025-09-18,2025,9,18,108174,POINT (1001569.0135092834 187220.8829839352),MARCUS GARVEY BOULEVARD,Decatur Street,Fulton Street,2529.0,3253.0,3111.0,8893.0,1,one_direction
39350,Brooklyn,2025-09-19,2025,9,19,43029,POINT (1000739.7760152416 187388.16206356103),THROOP AVENUE,Decatur Street,Mac Donough Street,1970.0,2414.0,2056.0,6440.0,1,one_direction
39350,Brooklyn,2025-09-19,2025,9,19,108174,POINT (1001569.0135092834 187220.8829839352),MARCUS GARVEY BOULEVARD,Decatur Street,Fulton Street,2255.0,3253.0,3166.0,8674.0,1,one_direction
39382,Brooklyn,2025-11-08,2025,11,8,35517,POINT (998393.2674714053 205495.43086684274),GREENPOINT AVENUE,Provost Street,Jewel Street,3838.0,6312.0,4461.0,14611.0,2,two_directions
39382,Brooklyn,2025-11-08,2025,11,8,157930,POINT (997486.487119721 206806.06248683494),MC GUINNESS BOULEVARD,Green Street,Freeman Street,3161.0,5729.0,5540.0,14430.0,1,one_direction
39382,Brooklyn,2025-11-08,2025,11,8,158232,POINT (997431.646566898 206800.65983471216),MC GUINNESS BOULEVARD,Freeman Street,Green Street,2633.0,5252.0,4775.0,12660.0,1,one_direction
39382,Brooklyn,2025-11-09,2025,11,9,35517,POINT (998393.2674714053 205495.43086684274),GREENPOINT AVENUE,Provost Street,Jewel Street,2687.0,5191.0,3094.0,10972.0,2,two_directions
39382,Brooklyn,2025-11-09,2025,11,9,157930,POINT (997486.487119721 206806.06248683494),MC GUINNESS BOULEVARD,Green Street,Freeman Street,2641.0,5355.0,3899.0,11895.0,1,one_direction
39382,Brooklyn,2025-11-09,2025,11,9,158232,POINT (997431.646566898 206800.65983471216),MC GUINNESS BOULEVARD,Freeman Street,Green Street,2147.0,5035.0,3078.0,10260.0,1,one_direction
39382,Brooklyn,2025-11-10,2025,11,10,35517,POINT (998393.2674714053 205495.43086684274),GREENPOINT AVENUE,Provost Street,Jewel Street,4744.0,6131.0,3328.0,14203.0,2,two_directions
39382,Brooklyn,2025-11-10,2025,11,10,157930,POINT (997486.487119721 206806.06248683494),MC GUINNESS BOULEVARD,Green Street,Freeman Street,4724.0,5720.0,3549.0,13993.0,1,one_direction
39382,Brooklyn,2025-11-10,2025,11,10,158232,POINT (997431.646566898 206800.65983471216),MC GUINNESS BOULEVARD,Freeman Street,Green Street,3477.0,5237.0,4177.0,12891.0,1,one_direction
39382,Brooklyn,2025-11-11,2025,11,11,35517,POINT (998393.2674714053 205495.43086684274),GREENPOINT AVENUE,Provost Street,Jewel Street,4620.0,6053.0,3461.0,14134.0,2,two_directions
39382,Brooklyn,2025-11-11,2025,11,11,157930,POINT (997486.487119721 206806.06248683494),MC GUINNESS BOULEVARD,Green Street,Freeman Street,4478.0,5172.0,3676.0,13326.0,1,one_direction
39382,Brooklyn,2025-11-11,2025,11,11,158232,POINT (997431.646566898 206800.65983471216),MC GUINNESS BOULEVARD,Freeman Street,Green Street,3419.0,5072.0,3607.0,12098.0,1,one_direction
39382,Brooklyn,2025-11-12,2025,11,12,157930,POINT (997486.487119721 206806.06248683494),MC GUINNESS BOULEVARD,Green Street,Freeman Street,4950.0,5895.0,3899.0,14744.0,1,one_direction
39382,Brooklyn,2025-11-12,2025,11,12,158232,POINT (997431.646566898 206800.65983471216),MC GUINNESS BOULEVARD,Freeman Street,Green Street,3546.0,4979.0,4264.0,12789.0,1,one_direction
39382,Brooklyn,2025-11-13,2025,11,13,35517,POINT (998393.2674714053 205495.43086684274),GREENPOINT AVENUE,Provost Street,Jewel Street,5171.0,6586.0,4067.0,15824.0,2,two_directions
39382,Brooklyn,2025-11-14,2025,11,14,35517,POINT (998393.2674714053 205495.43086684274),GREENPOINT AVENUE,Provost Street,Jewel Street,5462.0,7156.0,4960.0,17578.0,2,two_directions
39382,Brooklyn,2025-11-14,2025,11,14,157930,POINT (997486.487119721 206806.06248683494),MC GUINNESS BOULEVARD,Green Street,Freeman Street,5303.0,6562.0,4991.0,16856.0,1,one_direction
39382,Brooklyn,2025-11-14,2025,11,14,158232,POINT (997431.646566898 206800.65983471216),MC GUINNESS BOULEVARD,Freeman Street,Green Street,3749.0,5449.0,4606.0,13804.0,1,one_direction
39391,Brooklyn,2025-09-06,2025,9,6,8102925,POINT (1012822.8264979018 185680.31108670664),FULTON STREET LINE,Fulton Street,Atlantic Avenue,3814.0,5522.0,4643.0,13979.0,1,one_direction
39391,Brooklyn,2025-09-07,2025,9,7,8102925,POINT (1012822.8264979018 185680.31108670664),FULTON STREET LINE,Fulton Street,Atlantic Avenue,2775.0,5008.0,4599.0,12382.0,1,one_direction
39391,Brooklyn,2025-09-08,2025,9,8,8102925,POINT (1012822.8264979018 185680.31108670664),FULTON STREET LINE,Fulton Street,Atlantic Avenue,4510.0,5626.0,4492.0,14628.0,1,one_direction
39391,Brooklyn,2025-09-09,2025,9,9,8102925,POINT (1012822.8264979018 185680.31108670664),FULTON STREET LINE,Fulton Street,Atlantic Avenue,4531.0,5995.0,5120.0,15646.0,1,one_direction
39391,Brooklyn,2025-09-10,2025,9,10,8102925,POINT (1012822.8264979018 185680.31108670664),FULTON STREET LINE,Fulton Street,Atlantic Avenue,4785.0,6776.0,5263.0,16824.0,1,one_direction
39391,Brooklyn,2025-09-11,2025,9,11,8102925,POINT (1012822.8264979018 185680.31108670664),FULTON STREET LINE,Fulton Street,Atlantic Avenue,4486.0,5600.0,4988.0,15074.0,1,one_direction
39391,Brooklyn,2025-09-12,2025,9,12,8102925,POINT (1012822.8264979018 185680.31108670664),FULTON STREET LINE,Fulton Street,Atlantic Avenue,4328.0,5915.0,6236.0,16479.0,1,one_direction
39391,Manhattan,2025-09-06,2025,9,6,134999,POINT (993180.0061739343 216143.00023022335),3 AVENUE,Dead End,East 57 Street,2923.0,5691.0,5248.0,13862.0,1,one_direction
39391,Manhattan,2025-09-07,2025,9,7,134999,POINT (993180.0061739343 216143.00023022335),3 AVENUE,Dead End,East 57 Street,2741.0,5125.0,4914.0,12780.0,1,one_direction
39391,Manhattan,2025-09-08,2025,9,8,134999,POINT (993180.0061739343 216143.00023022335),3 AVENUE,Dead End,East 57 Street,4258.0,5577.0,4966.0,14801.0,1,one_direction
39391,Manhattan,2025-09-09,2025,9,9,134999,POINT (993180.0061739343 216143.00023022335),3 AVENUE,Dead End,East 57 Street,4540.0,5633.0,5651.0,15824.0,1,one_direction
39391,Manhattan,2025-09-10,2025,9,10,134999,POINT (993180.0061739343 216143.00023022335),3 AVENUE,Dead End,East 57 Street,4549.0,5596.0,5765.0,15910.0,1,one_direction
39391,Manhattan,2025-09-11,2025,9,11,134999,POINT (993180.0061739343 216143.00023022335),3 AVENUE,Dead End,East 57 Street,4413.0,5113.0,6395.0,15921.0,1,one_direction
39391,Manhattan,2025-09-12,2025,9,12,134999,POINT (993180.0061739343 216143.00023022335),3 AVENUE,Dead End,East 57 Street,4163.0,5717.0,5569.0,15449.0,1,one_direction
39402,Bronx,2025-10-31,2025,10,31,139020,POINT (1004173.2772899303 246213.52604360462),MAJOR DEEGAN EXPRESSWAY,High Bridge,Major Deegan Expwy Et 7 N Sb,12732.0,15662.0,13862.0,42256.0,1,one_direction
39402,Bronx,2025-11-01,2025,11,1,139020,POINT (1004173.2772899303 246213.52604360462),MAJOR DEEGAN EXPRESSWAY,High Bridge,Major Deegan Expwy Et 7 N Sb,12608.0,16066.0,14366.0,43040.0,1,one_direction
39402,Bronx,2025-11-02,2025,11,2,139020,POINT (1004173.2772899303 246213.52604360462),MAJOR DEEGAN EXPRESSWAY,High Bridge,Major Deegan Expwy Et 7 N Sb,5671.0,9554.0,10305.0,25530.0,1,one_direction
39402,Bronx,2025-11-03,2025,11,3,139020,POINT (1004173.2772899303 246213.52604360462),MAJOR DEEGAN EXPRESSWAY,High Bridge,Major Deegan Expwy Et 7 N Sb,11942.0,13877.0,14063.0,39882.0,1,one_direction
39402,Bronx,2025-11-04,2025,11,4,139020,POINT (1004173.2772899303 246213.52604360462),MAJOR DEEGAN EXPRESSWAY,High Bridge,Major Deegan Expwy Et 7 N Sb,11372.0,14647.0,13920.0,39939.0,1,one_direction
39402,Bronx,2025-11-07,2025,11,7,139020,POINT (1004173.2772899303 246213.52604360462),MAJOR DEEGAN EXPRESSWAY,High Bridge,Major Deegan Expwy Et 7 N Sb,12867.0,15612.0,13770.0,42249.0,1,one_direction
39402,Manhattan,2025-10-31,2025,10,31,34537,POINT (988979.0266576025 225307.68665045098),WEST 79 STREET,Henry Hudson Pkwy Nb Et 10 A,Henry Hudson Parkway Et 10 Nb,3296.0,3491.0,2505.0,9292.0,1,one_direction
39402,Manhattan,2025-11-01,2025,11,1,34537,POINT (988979.0266576025 225307.68665045098),WEST 79 STREET,Henry Hudson Pkwy Nb Et 10 A,Henry Hudson Parkway Et 10 Nb,2924.0,3994.0,2877.0,9795.0,1,one_direction
39402,Manhattan,2025-11-02,2025,11,2,34537,POINT (988979.0266576025 225307.68665045098),WEST 79 STREET,Henry Hudson Pkwy Nb Et 10 A,Henry Hudson Parkway Et 10 Nb,2283.0,3576.0,3084.0,8943.0,1,one_direction
39402,Manhattan,2025-11-03,2025,11,3,34537,POINT (988979.0266576025 225307.68665045098),WEST 79 STREET,Henry Hudson Pkwy Nb Et 10 A,Henry Hudson Parkway Et 10 Nb,3399.0,3485.0,1948.0,8832.0,1,one_direction
39402,Manhattan,2025-11-04,2025,11,4,34537,POINT (988979.0266576025 225307.68665045098),WEST 79 STREET,Henry Hudson Pkwy Nb Et 10 A,Henry Hudson Parkway Et 10 Nb,3486.0,3919.0,2014.0,9419.0,1,one_direction
39402,Manhattan,2025-11-05,2025,11,5,34537,POINT (988979.0266576025 225307.68665045098),WEST 79 STREET,Henry Hudson Pkwy Nb Et 10 A,Henry Hudson Parkway Et 10 Nb,3263.0,3899.0,2066.0,9228.0,1,one_direction
39402,Manhattan,2025-11-06,2025,11,6,34537,POINT (988979.0266576025 225307.68665045098),WEST 79 STREET,Henry Hudson Pkwy Nb Et 10 A,Henry Hudson Parkway Et 10 Nb,3312.0,3880.0,2034.0,9226.0,1,one_direction
39402,Manhattan,2025-11-07,2025,11,7,34537,POINT (988979.0266576025 225307.68665045098),WEST 79 STREET,Henry Hudson Pkwy Nb Et 10 A,Henry Hudson Parkway Et 10 Nb,3280.0,3445.0,2195.0,8920.0,1,one_direction
39402,Queens,2025-10-31,2025,10,31,35407,POINT (997800.4858030826 209560.4606343473),LIE WESTBOUND ENTRANCE 50 AVE,50 Avenue,Lie Westbound Entrance 21 St,1885.0,1973.0,1318.0,5176.0,1,one_direction
39402,Queens,2025-10-31,2025,10,31,143052,POINT (1002967.1165665459 207935.66380219586),LONG ISLAND EXPWY ET 15 WB,Dead End,Borden Avenue,5714.0,6867.0,7148.0,19729.0,1,one_direction
39402,Queens,2025-11-01,2025,11,1,35407,POINT (997800.4858030826 209560.4606343473),LIE WESTBOUND ENTRANCE 50 AVE,50 Avenue,Lie Westbound Entrance 21 St,835.0,1489.0,1738.0,4062.0,1,one_direction
39402,Queens,2025-11-01,2025,11,1,143052,POINT (1002967.1165665459 207935.66380219586),LONG ISLAND EXPWY ET 15 WB,Dead End,Borden Avenue,6233.0,7379.0,6780.0,20392.0,1,one_direction
39402,Queens,2025-11-02,2025,11,2,35407,POINT (997800.4858030826 209560.4606343473),LIE WESTBOUND ENTRANCE 50 AVE,50 Avenue,Lie Westbound Entrance 21 St,548.0,1289.0,806.0,2643.0,1,one_direction
39402,Queens,2025-11-02,2025,11,2,143052,POINT (1002967.1165665459 207935.66380219586),LONG ISLAND EXPWY ET 15 WB,Dead End,Borden Avenue,4735.0,5850.0,6490.0,17075.0,1,one_direction
39402,Queens,2025-11-03,2025,11,3,35407,POINT (997800.4858030826 209560.4606343473),LIE WESTBOUND ENTRANCE 50 AVE,50 Avenue,Lie Westbound Entrance 21 St,1809.0,1161.0,632.0,3602.0,1,one_direction
39402,Queens,2025-11-03,2025,11,3,143052,POINT (1002967.1165665459 207935.66380219586),LONG ISLAND EXPWY ET 15 WB,Dead End,Borden Avenue,5171.0,6442.0,6293.0,17906.0,1,one_direction
39402,Queens,2025-11-04,2025,11,4,35407,POINT (997800.4858030826 209560.4606343473),LIE WESTBOUND ENTRANCE 50 AVE,50 Avenue,Lie Westbound Entrance 21 St,2263.0,1868.0,708.0,4839.0,1,one_direction
39402,Queens,2025-11-04,2025,11,4,143052,POINT (1002967.1165665459 207935.66380219586),LONG ISLAND EXPWY ET 15 WB,Dead End,Borden Avenue,5677.0,6757.0,6419.0,18853.0,1,one_direction
39402,Queens,2025-11-07,2025,11,7,35407,POINT (997800.4858030826 209560.4606343473),LIE WESTBOUND ENTRANCE 50 AVE,50 Avenue,Lie Westbound Entrance 21 St,1800.0,1152.0,636.0,3588.0,1,one_direction
39402,Queens,2025-11-07,2025,11,7,143052,POINT (1002967.1165665459 207935.66380219586),LONG ISLAND EXPWY ET 15 WB,Dead End,Borden Avenue,5832.0,6917.0,6556.0,19305.0,1,one_direction
39524,Manhattan,2025-10-07,2025,10,7,31909,POINT (982700.238232724 204091.48804906863),VARICK STREET,Broadway/ 7 Avenue Line,Broadway/ 7 Avenue Line,5707.0,7834.0,8372.0,21913.0,1,one_direction
39524,Manhattan,2025-10-08,2025,10,8,31909,POINT (982700.238232724 204091.48804906863),VARICK STREET,Broadway/ 7 Avenue Line,Broadway/ 7 Avenue Line,6069.0,7800.0,8738.0,22607.0,1,one_direction
39524,Manhattan,2025-10-09,2025,10,9,31909,POINT (982700.238232724 204091.48804906863),VARICK STREET,Broadway/ 7 Avenue Line,Broadway/ 7 Avenue Line,5839.0,6025.0,5852.0,17716.0,1,one_direction
39524,Manhattan,2025-10-10,2025,10,10,31909,POINT (982700.238232724 204091.48804906863),VARICK STREET,Broadway/ 7 Avenue Line,Broadway/ 7 Avenue Line,5629.0,5847.0,7371.0,18847.0,1,one_direction
39524,Manhattan,2025-10-11,2025,10,11,31909,POINT (982700.238232724 204091.48804906863),VARICK STREET,Broadway/ 7 Avenue Line,Broadway/ 7 Avenue Line,5203.0,7699.0,8468.0,21370.0,1,one_direction
39524,Manhattan,2025-10-12,2025,10,12,31909,POINT (982700.238232724 204091.48804906863),VARICK STREET,Broadway/ 7 Avenue Line,Broadway/ 7 Avenue Line,4750.0,7875.0,6913.0,19538.0,1,one_direction
39524,Manhattan,2025-10-13,2025,10,13,31909,POINT (982700.238232724 204091.48804906863),VARICK STREET,Broadway/ 7 Avenue Line,Broadway/ 7 Avenue Line,5129.0,7409.0,7167.0,19705.0,1,one_direction
39558,Bronx,2025-12-06,2025,12,6,111532,POINT (1004953.8191446811 232562.7137300074),EAST 132 STREET,Dead End,Dead end,4733.0,8017.0,7136.0,19886.0,1,one_direction
39558,Bronx,2025-12-06,2025,12,6,276694,POINT (1005054.6811617257 233119.6509519105),MDE NB ENTRANCE WILLIS AVENUE BR,Bruckner Boulevard,Dead end,6075.0,7459.0,8272.0,21806.0,1,one_direction
39558,Bronx,2025-12-07,2025,12,7,111532,POINT (1004953.8191446811 232562.7137300074),EAST 132 STREET,Dead End,Dead end,3832.0,7489.0,6772.0,18093.0,1,one_direction
39558,Bronx,2025-12-07,2025,12,7,276694,POINT (1005054.6811617257 233119.6509519105),MDE NB ENTRANCE WILLIS AVENUE BR,Bruckner Boulevard,Dead end,5089.0,8090.0,8010.0,21189.0,1,one_direction
39558,Bronx,2025-12-08,2025,12,8,111532,POINT (1004953.8191446811 232562.7137300074),EAST 132 STREET,Dead End,Dead end,5487.0,8616.0,6878.0,20981.0,1,one_direction
39558,Bronx,2025-12-08,2025,12,8,276694,POINT (1005054.6811617257 233119.6509519105),MDE NB ENTRANCE WILLIS AVENUE BR,Bruckner Boulevard,Dead end,5736.0,6791.0,8196.0,20723.0,1,one_direction
39558,Bronx,2025-12-09,2025,12,9,111532,POINT (1004953.8191446811 232562.7137300074),EAST 132 STREET,Dead End,Dead end,5623.0,8965.0,7799.0,22387.0,1,one_direction
39558,Bronx,2025-12-09,2025,12,9,276694,POINT (1005054.6811617257 233119.6509519105),MDE NB ENTRANCE WILLIS AVENUE BR,Bruckner Boulevard,Dead end,5722.0,6938.0,8739.0,21399.0,1,one_direction
39558,Bronx,2025-12-10,2025,12,10,111532,POINT (1004953.8191446811 232562.7137300074),EAST 132 STREET,Dead End,Dead end,5648.0,8727.0,7857.0,22232.0,1,one_direction
39558,Bronx,2025-12-10,2025,12,10,276694,POINT (1005054.6811617257 233119.6509519105),MDE NB ENTRANCE WILLIS AVENUE BR,Bruckner Boulevard,Dead end,5902.0,6806.0,8369.0,21077.0,1,one_direction
39558,Bronx,2025-12-11,2025,12,11,111532,POINT (1004953.8191446811 232562.7137300074),EAST 132 STREET,Dead End,Dead end,5659.0,8612.0,7745.0,22016.0,1,one_direction
39558,Bronx,2025-12-11,2025,12,11,276694,POINT (1005054.6811617257 233119.6509519105),MDE NB ENTRANCE WILLIS AVENUE BR,Bruckner Boulevard,Dead end,5814.0,6395.0,8817.0,21026.0,1,one_direction
39558,Bronx,2025-12-12,2025,12,12,111532,POINT (1004953.8191446811 232562.7137300074),EAST 132 STREET,Dead End,Dead end,5843.0,8846.0,8093.0,22782.0,1,one_direction
39558,Bronx,2025-12-12,2025,12,12,276694,POINT (1005054.6811617257 233119.6509519105),MDE NB ENTRANCE WILLIS AVENUE BR,Bruckner Boulevard,Dead end,5798.0,6473.0,8516.0,20787.0,1,one_direction
39558,Bronx,2025-12-13,2025,12,13,111532,POINT (1004953.8191446811 232562.7137300074),EAST 132 STREET,Dead End,Dead end,4939.0,8640.0,7151.0,20730.0,1,one_direction
39558,Bronx,2025-12-13,2025,12,13,276694,POINT (1005054.6811617257 233119.6509519105),MDE NB ENTRANCE WILLIS AVENUE BR,Bruckner Boulevard,Dead end,5877.0,7691.0,8221.0,21789.0,1,one_direction
39558,Bronx,2025-12-14,2025,12,14,111532,POINT (1004953.8191446811 232562.7137300074),EAST 132 STREET,Dead End,Dead end,3004.0,5958.0,5903.0,14865.0,1,one_direction
39558,Bronx,2025-12-14,2025,12,14,276694,POINT (1005054.6811617257 233119.6509519105),MDE NB ENTRANCE WILLIS AVENUE BR,Bruckner Boulevard,Dead end,3899.0,7806.0,7595.0,19300.0,1,one_direction
39690,Bronx,2025-11-29,2025,11,29,177943,POINT (1022581.3941063015 242991.34596633475),VIRGINIA AVENUE,Hugh J Grant Circle,Cross Bronx Expressway,1003.0,2115.0,1387.0,4505.0,1,one_direction
39690,Bronx,2025-11-30,2025,11,30,177943,POINT (1022581.3941063015 242991.34596633475),VIRGINIA AVENUE,Hugh J Grant Circle,Cross Bronx Expressway,877.0,2111.0,1371.0,4359.0,1,one_direction
39690,Bronx,2025-12-01,2025,12,1,177943,POINT (1022581.3941063015 242991.34596633475),VIRGINIA AVENUE,Hugh J Grant Circle,Cross Bronx Expressway,2520.0,2473.0,1264.0,6257.0,1,one_direction
39690,Bronx,2025-12-02,2025,12,2,177943,POINT (1022581.3941063015 242991.34596633475),VIRGINIA AVENUE,Hugh J Grant Circle,Cross Bronx Expressway,2482.0,1986.0,1153.0,5621.0,1,one_direction
39690,Bronx,2025-12-03,2025,12,3,177943,POINT (1022581.3941063015 242991.34596633475),VIRGINIA AVENUE,Hugh J Grant Circle,Cross Bronx Expressway,2897.0,2724.0,1351.0,6972.0,1,one_direction
39690,Bronx,2025-12-04,2025,12,4,177943,POINT (1022581.3941063015 242991.34596633475),VIRGINIA AVENUE,Hugh J Grant Circle,Cross Bronx Expressway,2994.0,3038.0,1375.0,7407.0,1,one_direction
39690,Bronx,2025-12-05,2025,12,5,177943,POINT (1022581.3941063015 242991.34596633475),VIRGINIA AVENUE,Hugh J Grant Circle,Cross Bronx Expressway,2559.0,2797.0,1500.0,6856.0,1,one_direction
39690,Bronx,2025-12-06,2025,12,6,122281,POINT (1022966.364253288 242915.95611226803),WESTCHESTER AVENUE,Hugh J Grant Circle,Hugh J Grant Circle,1956.0,3828.0,2738.0,8522.0,1,one_direction
39690,Bronx,2025-12-07,2025,12,7,122281,POINT (1022966.364253288 242915.95611226803),WESTCHESTER AVENUE,Hugh J Grant Circle,Hugh J Grant Circle,1498.0,3340.0,2088.0,6926.0,1,one_direction
39690,Bronx,2025-12-08,2025,12,8,122281,POINT (1022966.364253288 242915.95611226803),WESTCHESTER AVENUE,Hugh J Grant Circle,Hugh J Grant Circle,3442.0,4000.0,1970.0,9412.0,1,one_direction
39690,Bronx,2025-12-09,2025,12,9,122281,POINT (1022966.364253288 242915.95611226803),WESTCHESTER AVENUE,Hugh J Grant Circle,Hugh J Grant Circle,3752.0,4084.0,2141.0,9977.0,1,one_direction
39690,Bronx,2025-12-10,2025,12,10,122281,POINT (1022966.364253288 242915.95611226803),WESTCHESTER AVENUE,Hugh J Grant Circle,Hugh J Grant Circle,3679.0,4399.0,2522.0,10600.0,1,one_direction
39690,Bronx,2025-12-11,2025,12,11,122281,POINT (1022966.364253288 242915.95611226803),WESTCHESTER AVENUE,Hugh J Grant Circle,Hugh J Grant Circle,3786.0,4303.0,2329.0,10418.0,1,one_direction
39690,Bronx,2025-12-12,2025,12,12,122281,POINT (1022966.364253288 242915.95611226803),WESTCHESTER AVENUE,Hugh J Grant Circle,Hugh J Grant Circle,3621.0,4693.0,2675.0,10989.0,1,one_direction
39699,Manhattan,2025-11-29,2025,11,29,32759,POINT (986183.0213434458 205184.26305055607),BROADWAY,Broadway Line,Astor Place,2707.0,5358.0,5792.0,13857.0,1,one_direction
39699,Manhattan,2025-11-29,2025,11,29,32762,POINT (986464.0042396483 205217.6652296893),ASTOR PLACE,Broadway,Lafayette Street,241.0,531.0,611.0,1383.0,2,two_directions
39699,Manhattan,2025-11-30,2025,11,30,32759,POINT (986183.0213434458 205184.26305055607),BROADWAY,Broadway Line,Astor Place,2679.0,5352.0,5793.0,13824.0,1,one_direction
39699,Manhattan,2025-11-30,2025,11,30,32762,POINT (986464.0042396483 205217.6652296893),ASTOR PLACE,Broadway,Lafayette Street,220.0,555.0,613.0,1388.0,2,two_directions
39699,Manhattan,2025-12-01,2025,12,1,32759,POINT (986183.0213434458 205184.26305055607),BROADWAY,Broadway Line,Astor Place,4195.0,5162.0,6176.0,15533.0,1,one_direction
39699,Manhattan,2025-12-01,2025,12,1,32762,POINT (986464.0042396483 205217.6652296893),ASTOR PLACE,Broadway,Lafayette Street,396.0,583.0,745.0,1724.0,2,two_directions
39699,Manhattan,2025-12-02,2025,12,2,32759,POINT (986183.0213434458 205184.26305055607),BROADWAY,Broadway Line,Astor Place,4001.0,5388.0,6696.0,16085.0,1,one_direction
39699,Manhattan,2025-12-02,2025,12,2,32762,POINT (986464.0042396483 205217.6652296893),ASTOR PLACE,Broadway,Lafayette Street,451.0,644.0,621.0,1716.0,2,two_directions
39699,Manhattan,2025-12-03,2025,12,3,32759,POINT (986183.0213434458 205184.26305055607),BROADWAY,Broadway Line,Astor Place,3945.0,5098.0,6452.0,15495.0,1,one_direction
39699,Manhattan,2025-12-03,2025,12,3,32762,POINT (986464.0042396483 205217.6652296893),ASTOR PLACE,Broadway,Lafayette Street,443.0,484.0,613.0,1540.0,2,two_directions
39699,Manhattan,2025-12-04,2025,12,4,32759,POINT (986183.0213434458 205184.26305055607),BROADWAY,Broadway Line,Astor Place,4022.0,5444.0,6752.0,16218.0,1,one_direction
39699,Manhattan,2025-12-04,2025,12,4,32762,POINT (986464.0042396483 205217.6652296893),ASTOR PLACE,Broadway,Lafayette Street,454.0,609.0,721.0,1784.0,2,two_directions
39699,Manhattan,2025-12-05,2025,12,5,32759,POINT (986183.0213434458 205184.26305055607),BROADWAY,Broadway Line,Astor Place,4218.0,5258.0,6301.0,15777.0,1,one_direction
39699,Manhattan,2025-12-05,2025,12,5,32762,POINT (986464.0042396483 205217.6652296893),ASTOR PLACE,Broadway,Lafayette Street,406.0,583.0,847.0,1836.0,2,two_directions
39743,Manhattan,2026-01-10,2026,1,10,31662,POINT (981848.6609912371 204698.1404409656),GREENWICH STREET,King Street,West Houston Street,389.0,791.0,843.0,2023.0,1,one_direction
39743,Manhattan,2026-01-11,2026,1,11,31662,POINT (981848.6609912371 204698.1404409656),GREENWICH STREET,King Street,West Houston Street,238.0,593.0,437.0,1268.0,1,one_direction
39743,Manhattan,2026-01-12,2026,1,12,31662,POINT (981848.6609912371 204698.1404409656),GREENWICH STREET,King Street,West Houston Street,741.0,688.0,394.0,1823.0,1,one_direction
39743,Manhattan,2026-01-13,2026,1,13,31662,POINT (981848.6609912371 204698.1404409656),GREENWICH STREET,King Street,West Houston Street,1011.0,836.0,500.0,2347.0,1,one_direction
39743,Manhattan,2026-01-14,2026,1,14,31662,POINT (981848.6609912371 204698.1404409656),GREENWICH STREET,King Street,West Houston Street,897.0,812.0,562.0,2271.0,1,one_direction
39743,Manhattan,2026-01-15,2026,1,15,31662,POINT (981848.6609912371 204698.1404409656),GREENWICH STREET,King Street,West Houston Street,898.0,855.0,566.0,2319.0,1,one_direction
39743,Manhattan,2026-01-16,2026,1,16,31662,POINT (981848.6609912371 204698.1404409656),GREENWICH STREET,King Street,West Houston Street,636.0,679.0,366.0,1681.0,1,one_direction
39765,Brooklyn,2026-01-03,2026,1,3,43798,POINT (1008101.4532026505 188645.62511620612),MAC DONOUGH STREET,Broadway,Thomas S Boyland Street,407.0,873.0,612.0,1892.0,1,one_direction
39765,Brooklyn,2026-01-03,2026,1,3,43804,POINT (1007873.9196757416 188917.33554578308),THOMAS S BOYLAND STREET,Broadway,Macon Street,778.0,1430.0,990.0,3198.0,1,one_direction
39765,Brooklyn,2026-01-03,2026,1,3,110430,POINT (1008236.8190531938 188390.88527511203),DECATUR STREET,Thomas S Boyland Street,Dead end,413.0,896.0,633.0,1942.0,1,one_direction
39765,Brooklyn,2026-01-04,2026,1,4,43798,POINT (1008101.4532026505 188645.62511620612),MAC DONOUGH STREET,Broadway,Thomas S Boyland Street,318.0,760.0,453.0,1531.0,1,one_direction
39765,Brooklyn,2026-01-04,2026,1,4,43804,POINT (1007873.9196757416 188917.33554578308),THOMAS S BOYLAND STREET,Broadway,Macon Street,657.0,1299.0,885.0,2841.0,1,one_direction
39765,Brooklyn,2026-01-04,2026,1,4,110430,POINT (1008236.8190531938 188390.88527511203),DECATUR STREET,Thomas S Boyland Street,Dead end,329.0,843.0,587.0,1759.0,1,one_direction
39765,Brooklyn,2026-01-05,2026,1,5,43798,POINT (1008101.4532026505 188645.62511620612),MAC DONOUGH STREET,Broadway,Thomas S Boyland Street,574.0,835.0,465.0,1874.0,1,one_direction
39765,Brooklyn,2026-01-05,2026,1,5,43804,POINT (1007873.9196757416 188917.33554578308),THOMAS S BOYLAND STREET,Broadway,Macon Street,1165.0,1434.0,956.0,3555.0,1,one_direction
39765,Brooklyn,2026-01-05,2026,1,5,110430,POINT (1008236.8190531938 188390.88527511203),DECATUR STREET,Thomas S Boyland Street,Dead end,590.0,1138.0,580.0,2308.0,1,one_direction
39765,Brooklyn,2026-01-06,2026,1,6,43798,POINT (1008101.4532026505 188645.62511620612),MAC DONOUGH STREET,Broadway,Thomas S Boyland Street,617.0,877.0,485.0,1979.0,1,one_direction
39765,Brooklyn,2026-01-06,2026,1,6,43804,POINT (1007873.9196757416 188917.33554578308),THOMAS S BOYLAND STREET,Broadway,Macon Street,1133.0,1489.0,975.0,3597.0,1,one_direction
39765,Brooklyn,2026-01-06,2026,1,6,110430,POINT (1008236.8190531938 188390.88527511203),DECATUR STREET,Thomas S Boyland Street,Dead end,639.0,1128.0,609.0,2376.0,1,one_direction
39765,Brooklyn,2026-01-07,2026,1,7,43798,POINT (1008101.4532026505 188645.62511620612),MAC DONOUGH STREET,Broadway,Thomas S Boyland Street,667.0,892.0,476.0,2035.0,1,one_direction
39765,Brooklyn,2026-01-07,2026,1,7,43804,POINT (1007873.9196757416 188917.33554578308),THOMAS S BOYLAND STREET,Broadway,Macon Street,1254.0,1613.0,1022.0,3889.0,1,one_direction
39765,Brooklyn,2026-01-07,2026,1,7,110430,POINT (1008236.8190531938 188390.88527511203),DECATUR STREET,Thomas S Boyland Street,Dead end,602.0,1105.0,650.0,2357.0,1,one_direction
39765,Brooklyn,2026-01-08,2026,1,8,43798,POINT (1008101.4532026505 188645.62511620612),MAC DONOUGH STREET,Broadway,Thomas S Boyland Street,617.0,868.0,508.0,1993.0,1,one_direction
39765,Brooklyn,2026-01-08,2026,1,8,43804,POINT (1007873.9196757416 188917.33554578308),THOMAS S BOYLAND STREET,Broadway,Macon Street,1185.0,1558.0,1033.0,3776.0,1,one_direction
39765,Brooklyn,2026-01-08,2026,1,8,110430,POINT (1008236.8190531938 188390.88527511203),DECATUR STREET,Thomas S Boyland Street,Dead end,627.0,1104.0,702.0,2433.0,1,one_direction
39765,Brooklyn,2026-01-09,2026,1,9,43798,POINT (1008101.4532026505 188645.62511620612),MAC DONOUGH STREET,Broadway,Thomas S Boyland Street,615.0,951.0,585.0,2151.0,1,one_direction
39765,Brooklyn,2026-01-09,2026,1,9,43804,POINT (1007873.9196757416 188917.33554578308),THOMAS S BOYLAND STREET,Broadway,Macon Street,1201.0,1626.0,1181.0,4008.0,1,one_direction
39765,Brooklyn,2026-01-09,2026,1,9,110430,POINT (1008236.8190531938 188390.88527511203),DECATUR STREET,Thomas S Boyland Street,Dead end,651.0,1178.0,671.0,2500.0,1,one_direction
39778,Brooklyn,2026-01-03,2026,1,3,128511,POINT (1002491.1666173564 181603.34939386672),SCHENECTADY AVENUE,Crown Street,Alley,1639.0,2700.0,2532.0,6871.0,1,one_direction
39778,Brooklyn,2026-01-04,2026,1,4,128511,POINT (1002491.1666173564 181603.34939386672),SCHENECTADY AVENUE,Crown Street,Alley,1489.0,3152.0,2233.0,6874.0,1,one_direction
39778,Brooklyn,2026-01-05,2026,1,5,128511,POINT (1002491.1666173564 181603.34939386672),SCHENECTADY AVENUE,Crown Street,Alley,2377.0,3358.0,2370.0,8105.0,1,one_direction
39778,Brooklyn,2026-01-06,2026,1,6,128511,POINT (1002491.1666173564 181603.34939386672),SCHENECTADY AVENUE,Crown Street,Alley,2027.0,3321.0,2467.0,7815.0,1,one_direction
39778,Brooklyn,2026-01-07,2026,1,7,128511,POINT (1002491.1666173564 181603.34939386672),SCHENECTADY AVENUE,Crown Street,Alley,1965.0,3208.0,2619.0,7792.0,1,one_direction
39778,Brooklyn,2026-01-08,2026,1,8,128511,POINT (1002491.1666173564 181603.34939386672),SCHENECTADY AVENUE,Crown Street,Alley,2206.0,3535.0,2646.0,8387.0,1,one_direction
39778,Brooklyn,2026-01-09,2026,1,9,128511,POINT (1002491.1666173564 181603.34939386672),SCHENECTADY AVENUE,Crown Street,Alley,2227.0,3325.0,2324.0,7876.0,1,one_direction
39831,Bronx,2026-01-20,2026,1,20,79150,POINT (1016171.2357242833 246963.5399851802),EAST 179 STREET,Mohegan Avenue,Crotona Parkway,619.0,902.0,403.0,1924.0,1,one_direction
39831,Bronx,2026-01-20,2026,1,20,79199,POINT (1016747.1788674607 248105.72011451155),BRONX PARK SOUTH,Crotona Parkway,Mohegan Avenue,1059.0,1561.0,717.0,3337.0,1,one_direction
39831,Bronx,2026-01-21,2026,1,21,79150,POINT (1016171.2357242833 246963.5399851802),EAST 179 STREET,Mohegan Avenue,Crotona Parkway,564.0,835.0,365.0,1764.0,1,one_direction
39831,Bronx,2026-01-21,2026,1,21,79199,POINT (1016747.1788674607 248105.72011451155),BRONX PARK SOUTH,Crotona Parkway,Mohegan Avenue,1190.0,1684.0,701.0,3575.0,1,one_direction
39831,Bronx,2026-01-22,2026,1,22,79150,POINT (1016171.2357242833 246963.5399851802),EAST 179 STREET,Mohegan Avenue,Crotona Parkway,643.0,929.0,424.0,1996.0,1,one_direction
39831,Bronx,2026-01-22,2026,1,22,79199,POINT (1016747.1788674607 248105.72011451155),BRONX PARK SOUTH,Crotona Parkway,Mohegan Avenue,1006.0,1666.0,748.0,3420.0,1,one_direction
39831,Bronx,2026-01-23,2026,1,23,79150,POINT (1016171.2357242833 246963.5399851802),EAST 179 STREET,Mohegan Avenue,Crotona Parkway,669.0,906.0,544.0,2119.0,1,one_direction
39831,Bronx,2026-01-23,2026,1,23,79199,POINT (1016747.1788674607 248105.72011451155),BRONX PARK SOUTH,Crotona Parkway,Mohegan Avenue,971.0,1695.0,910.0,3576.0,1,one_direction
39831,Bronx,2026-01-24,2026,1,24,79150,POINT (1016171.2357242833 246963.5399851802),EAST 179 STREET,Mohegan Avenue,Crotona Parkway,310.0,565.0,411.0,1286.0,1,one_direction
39831,Bronx,2026-01-24,2026,1,24,79199,POINT (1016747.1788674607 248105.72011451155),BRONX PARK SOUTH,Crotona Parkway,Mohegan Avenue,514.0,991.0,680.0,2185.0,1,one_direction
39831,Bronx,2026-01-25,2026,1,25,79150,POINT (1016171.2357242833 246963.5399851802),EAST 179 STREET,Mohegan Avenue,Crotona Parkway,113.0,110.0,79.0,302.0,1,one_direction
39831,Bronx,2026-01-25,2026,1,25,79199,POINT (1016747.1788674607 248105.72011451155),BRONX PARK SOUTH,Crotona Parkway,Mohegan Avenue,156.0,175.0,148.0,479.0,1,one_direction
39831,Bronx,2026-01-26,2026,1,26,79150,POINT (1016171.2357242833 246963.5399851802),EAST 179 STREET,Mohegan Avenue,Crotona Parkway,138.0,336.0,319.0,793.0,1,one_direction
39831,Bronx,2026-01-26,2026,1,26,79199,POINT (1016747.1788674607 248105.72011451155),BRONX PARK SOUTH,Crotona Parkway,Mohegan Avenue,274.0,559.0,472.0,1305.0,1,one_direction
39831,Bronx,2026-01-27,2026,1,27,79150,POINT (1016171.2357242833 246963.5399851802),EAST 179 STREET,Mohegan Avenue,Crotona Parkway,553.0,827.0,372.0,1752.0,1,one_direction
39831,Bronx,2026-01-27,2026,1,27,79199,POINT (1016747.1788674607 248105.72011451155),BRONX PARK SOUTH,Crotona Parkway,Mohegan Avenue,845.0,1256.0,649.0,2750.0,1,one_direction
39831,Bronx,2026-01-28,2026,1,28,79150,POINT (1016171.2357242833 246963.5399851802),EAST 179 STREET,Mohegan Avenue,Crotona Parkway,519.0,832.0,446.0,1797.0,1,one_direction
39831,Bronx,2026-01-28,2026,1,28,79199,POINT (1016747.1788674607 248105.72011451155),BRONX PARK SOUTH,Crotona Parkway,Mohegan Avenue,911.0,1454.0,818.0,3183.0,1,one_direction
39831,Bronx,2026-01-29,2026,1,29,79150,POINT (1016171.2357242833 246963.5399851802),EAST 179 STREET,Mohegan Avenue,Crotona Parkway,671.0,749.0,459.0,1879.0,1,one_direction
39831,Bronx,2026-01-29,2026,1,29,79199,POINT (1016747.1788674607 248105.72011451155),BRONX PARK SOUTH,Crotona Parkway,Mohegan Avenue,946.0,1383.0,812.0,3141.0,1,one_direction
39831,Bronx,2026-01-30,2026,1,30,79150,POINT (1016171.2357242833 246963.5399851802),EAST 179 STREET,Mohegan Avenue,Crotona Parkway,650.0,884.0,468.0,2002.0,1,one_direction
39831,Bronx,2026-01-30,2026,1,30,79199,POINT (1016747.1788674607 248105.72011451155),BRONX PARK SOUTH,Crotona Parkway,Mohegan Avenue,969.0,1649.0,968.0,3586.0,1,one_direction
39831,Bronx,2026-01-31,2026,1,31,79150,POINT (1016171.2357242833 246963.5399851802),EAST 179 STREET,Mohegan Avenue,Crotona Parkway,275.0,615.0,520.0,1410.0,1,one_direction
39831,Bronx,2026-01-31,2026,1,31,79199,POINT (1016747.1788674607 248105.72011451155),BRONX PARK SOUTH,Crotona Parkway,Mohegan Avenue,514.0,1091.0,849.0,2454.0,1,one_direction
39831,Bronx,2026-02-01,2026,2,1,79150,POINT (1016171.2357242833 246963.5399851802),EAST 179 STREET,Mohegan Avenue,Crotona Parkway,291.0,545.0,476.0,1312.0,1,one_direction
39831,Bronx,2026-02-01,2026,2,1,79199,POINT (1016747.1788674607 248105.72011451155),BRONX PARK SOUTH,Crotona Parkway,Mohegan Avenue,343.0,785.0,709.0,1837.0,1,one_direction
39831,Bronx,2026-02-02,2026,2,2,79150,POINT (1016171.2357242833 246963.5399851802),EAST 179 STREET,Mohegan Avenue,Crotona Parkway,555.0,834.0,467.0,1856.0,1,one_direction
39831,Bronx,2026-02-02,2026,2,2,79199,POINT (1016747.1788674607 248105.72011451155),BRONX PARK SOUTH,Crotona Parkway,Mohegan Avenue,895.0,1604.0,828.0,3327.0,1,one_direction
39843,Queens,2026-02-03,2026,2,3,49091,POINT (1014732.1679866106 190130.50148292433),JACKIE ROBINSON PKWY ET 2 EB,Dead end,Vermont Place,365.0,501.0,412.0,1278.0,1,one_direction
39843,Queens,2026-02-03,2026,2,3,117844,POINT (1016765.394565246 191356.6603735245),JACKIE ROBINSON PKWY ET 3 EB,Bnai Jeshurm Cemetery Bdy,Bnai Jeshurm Cemetery Bdy,1557.0,2056.0,1375.0,4988.0,1,one_direction
39843,Queens,2026-02-03,2026,2,3,144756,POINT (1016720.1365119774 191579.52251712902),CYPRESS HILLS STREET,Dead end,Connector,1793.0,3463.0,2249.0,7505.0,1,one_direction
39843,Queens,2026-02-03,2026,2,3,149299,POINT (1016744.0450194535 191599.99654696882),CYPRESS HILLS STREET,Connector,Dead end,2780.0,3135.0,1637.0,7552.0,1,one_direction
39920,Bronx,2026-01-20,2026,1,20,79151,POINT (1016184.0336711664 247264.02658757954),CROTONA PARKWAY,East 180 Street,East 179 Street,485.0,764.0,336.0,1585.0,1,one_direction
39920,Bronx,2026-01-20,2026,1,20,79166,POINT (1016065.8049035381 247299.03220239395),SOUTHERN BOULEVARD,Marmion Avenue,East 180 Street,2999.0,3068.0,1587.0,7654.0,1,one_direction
39920,Bronx,2026-01-21,2026,1,21,79151,POINT (1016184.0336711664 247264.02658757954),CROTONA PARKWAY,East 180 Street,East 179 Street,414.0,800.0,312.0,1526.0,1,one_direction
39920,Bronx,2026-01-21,2026,1,21,79166,POINT (1016065.8049035381 247299.03220239395),SOUTHERN BOULEVARD,Marmion Avenue,East 180 Street,3267.0,3224.0,1590.0,8081.0,1,one_direction
39920,Bronx,2026-01-22,2026,1,22,79151,POINT (1016184.0336711664 247264.02658757954),CROTONA PARKWAY,East 180 Street,East 179 Street,505.0,914.0,326.0,1745.0,1,one_direction
39920,Bronx,2026-01-22,2026,1,22,79166,POINT (1016065.8049035381 247299.03220239395),SOUTHERN BOULEVARD,Marmion Avenue,East 180 Street,3094.0,3087.0,1670.0,7851.0,1,one_direction
39920,Bronx,2026-01-23,2026,1,23,79151,POINT (1016184.0336711664 247264.02658757954),CROTONA PARKWAY,East 180 Street,East 179 Street,496.0,816.0,346.0,1658.0,1,one_direction
39920,Bronx,2026-01-23,2026,1,23,79166,POINT (1016065.8049035381 247299.03220239395),SOUTHERN BOULEVARD,Marmion Avenue,East 180 Street,2967.0,3327.0,1995.0,8289.0,1,one_direction
39920,Bronx,2026-01-24,2026,1,24,79151,POINT (1016184.0336711664 247264.02658757954),CROTONA PARKWAY,East 180 Street,East 179 Street,291.0,517.0,271.0,1079.0,1,one_direction
39920,Bronx,2026-01-24,2026,1,24,79166,POINT (1016065.8049035381 247299.03220239395),SOUTHERN BOULEVARD,Marmion Avenue,East 180 Street,1403.0,2448.0,1642.0,5493.0,1,one_direction
39920,Bronx,2026-01-25,2026,1,25,79151,POINT (1016184.0336711664 247264.02658757954),CROTONA PARKWAY,East 180 Street,East 179 Street,84.0,79.0,49.0,212.0,1,one_direction
39920,Bronx,2026-01-25,2026,1,25,79166,POINT (1016065.8049035381 247299.03220239395),SOUTHERN BOULEVARD,Marmion Avenue,East 180 Street,469.0,551.0,352.0,1372.0,1,one_direction
39920,Bronx,2026-01-26,2026,1,26,79151,POINT (1016184.0336711664 247264.02658757954),CROTONA PARKWAY,East 180 Street,East 179 Street,140.0,288.0,264.0,692.0,1,one_direction
39920,Bronx,2026-01-26,2026,1,26,79166,POINT (1016065.8049035381 247299.03220239395),SOUTHERN BOULEVARD,Marmion Avenue,East 180 Street,731.0,1250.0,980.0,2961.0,1,one_direction
39920,Bronx,2026-01-27,2026,1,27,79151,POINT (1016184.0336711664 247264.02658757954),CROTONA PARKWAY,East 180 Street,East 179 Street,435.0,629.0,310.0,1374.0,1,one_direction
39920,Bronx,2026-01-27,2026,1,27,79166,POINT (1016065.8049035381 247299.03220239395),SOUTHERN BOULEVARD,Marmion Avenue,East 180 Street,2376.0,2566.0,1342.0,6284.0,1,one_direction
39920,Bronx,2026-01-28,2026,1,28,79151,POINT (1016184.0336711664 247264.02658757954),CROTONA PARKWAY,East 180 Street,East 179 Street,434.0,711.0,283.0,1428.0,1,one_direction
39920,Bronx,2026-01-28,2026,1,28,79166,POINT (1016065.8049035381 247299.03220239395),SOUTHERN BOULEVARD,Marmion Avenue,East 180 Street,2525.0,2601.0,1523.0,6649.0,1,one_direction
39920,Bronx,2026-01-29,2026,1,29,79151,POINT (1016184.0336711664 247264.02658757954),CROTONA PARKWAY,East 180 Street,East 179 Street,483.0,806.0,342.0,1631.0,1,one_direction
39920,Bronx,2026-01-29,2026,1,29,79166,POINT (1016065.8049035381 247299.03220239395),SOUTHERN BOULEVARD,Marmion Avenue,East 180 Street,2695.0,2861.0,1754.0,7310.0,1,one_direction
39920,Bronx,2026-01-30,2026,1,30,79151,POINT (1016184.0336711664 247264.02658757954),CROTONA PARKWAY,East 180 Street,East 179 Street,557.0,835.0,414.0,1806.0,1,one_direction
39920,Bronx,2026-01-30,2026,1,30,79166,POINT (1016065.8049035381 247299.03220239395),SOUTHERN BOULEVARD,Marmion Avenue,East 180 Street,2635.0,3295.0,1973.0,7903.0,1,one_direction
39920,Bronx,2026-01-31,2026,1,31,79151,POINT (1016184.0336711664 247264.02658757954),CROTONA PARKWAY,East 180 Street,East 179 Street,273.0,529.0,360.0,1162.0,1,one_direction
39920,Bronx,2026-01-31,2026,1,31,79166,POINT (1016065.8049035381 247299.03220239395),SOUTHERN BOULEVARD,Marmion Avenue,East 180 Street,1377.0,2597.0,1677.0,5651.0,1,one_direction
39920,Bronx,2026-02-01,2026,2,1,79151,POINT (1016184.0336711664 247264.02658757954),CROTONA PARKWAY,East 180 Street,East 179 Street,200.0,375.0,287.0,862.0,1,one_direction
39920,Bronx,2026-02-01,2026,2,1,79166,POINT (1016065.8049035381 247299.03220239395),SOUTHERN BOULEVARD,Marmion Avenue,East 180 Street,1007.0,1947.0,1371.0,4325.0,1,one_direction
39920,Bronx,2026-02-02,2026,2,2,79151,POINT (1016184.0336711664 247264.02658757954),CROTONA PARKWAY,East 180 Street,East 179 Street,531.0,756.0,367.0,1654.0,1,one_direction
39920,Bronx,2026-02-02,2026,2,2,79166,POINT (1016065.8049035381 247299.03220239395),SOUTHERN BOULEVARD,Marmion Avenue,East 180 Street,2741.0,2874.0,1564.0,7179.0,1,one_direction
